image_index,class_id,prototype_id,part_id,present
0,12,121,1,False
0,12,136,1,True
0,12,243,1,False
0,12,121,2,False
0,12,136,2,True
0,12,243,2,False
0,12,121,3,False
0,12,136,3,False
0,12,243,3,False
0,12,121,4,False
0,12,136,4,True
0,12,243,4,False
0,14,8,1,True
0,14,28,1,False
0,14,36,1,False
0,14,65,1,True
0,14,70,1,True
0,14,115,1,True
0,14,128,1,True
0,14,175,1,False
0,14,226,1,False
0,14,8,2,False
0,14,28,2,False
0,14,36,2,False
0,14,65,2,False
0,14,70,2,True
0,14,115,2,False
0,14,128,2,True
0,14,175,2,False
0,14,226,2,False
0,14,8,3,False
0,14,28,3,False
0,14,36,3,True
0,14,65,3,True
0,14,70,3,True
0,14,115,3,True
0,14,128,3,True
0,14,175,3,True
0,14,226,3,False
0,14,8,4,False
0,14,28,4,False
0,14,36,4,True
0,14,65,4,False
0,14,70,4,True
0,14,115,4,False
0,14,128,4,False
0,14,175,4,False
0,14,226,4,False
0,14,8,5,False
0,14,28,5,False
0,14,36,5,True
0,14,65,5,True
0,14,70,5,False
0,14,115,5,False
0,14,128,5,True
0,14,175,5,False
0,14,226,5,False
1,12,121,1,False
1,12,136,1,False
1,12,243,1,False
1,12,121,2,False
1,12,136,2,False
1,12,243,2,False
1,14,8,1,True
1,14,28,1,False
1,14,36,1,False
1,14,65,1,True
1,14,70,1,True
1,14,115,1,True
1,14,128,1,True
1,14,175,1,False
1,14,226,1,False
1,14,8,2,False
1,14,28,2,True
1,14,36,2,True
1,14,65,2,True
1,14,70,2,True
1,14,115,2,False
1,14,128,2,False
1,14,175,2,False
1,14,226,2,True
1,14,8,3,False
1,14,28,3,True
1,14,36,3,True
1,14,65,3,True
1,14,70,3,True
1,14,115,3,False
1,14,128,3,True
1,14,175,3,False
1,14,226,3,True
1,14,8,4,False
1,14,28,4,False
1,14,36,4,False
1,14,65,4,False
1,14,70,4,False
1,14,115,4,False
1,14,128,4,True
1,14,175,4,False
1,14,226,4,False
1,14,8,5,False
1,14,28,5,False
1,14,36,5,True
1,14,65,5,True
1,14,70,5,True
1,14,115,5,False
1,14,128,5,False
1,14,175,5,False
1,14,226,5,False
2,14,8,1,True
2,14,28,1,False
2,14,36,1,False
2,14,65,1,True
2,14,70,1,True
2,14,115,1,True
2,14,128,1,True
2,14,175,1,False
2,14,226,1,False
2,14,8,2,False
2,14,28,2,True
2,14,36,2,True
2,14,65,2,True
2,14,70,2,True
2,14,115,2,False
2,14,128,2,True
2,14,175,2,False
2,14,226,2,True
2,14,8,3,False
2,14,28,3,False
2,14,36,3,False
2,14,65,3,True
2,14,70,3,True
2,14,115,3,False
2,14,128,3,True
2,14,175,3,True
2,14,226,3,False
2,14,8,4,False
2,14,28,4,False
2,14,36,4,True
2,14,65,4,True
2,14,70,4,True
2,14,115,4,False
2,14,128,4,True
2,14,175,4,True
2,14,226,4,False
2,14,8,5,False
2,14,28,5,False
2,14,36,5,False
2,14,65,5,True
2,14,70,5,True
2,14,115,5,False
2,14,128,5,True
2,14,175,5,False
2,14,226,5,False
3,13,180,1,False
3,13,189,1,False
3,13,180,2,False
3,13,189,2,False
3,13,180,3,False
3,13,189,3,False
3,14,8,1,True
3,14,28,1,False
3,14,36,1,False
3,14,65,1,True
3,14,70,1,True
3,14,115,1,True
3,14,128,1,True
3,14,175,1,True
3,14,226,1,False
3,14,8,2,False
3,14,28,2,True
3,14,36,2,False
3,14,65,2,False
3,14,70,2,True
3,14,115,2,False
3,14,128,2,False
3,14,175,2,False
3,14,226,2,True
3,14,8,3,False
3,14,28,3,True
3,14,36,3,False
3,14,65,3,True
3,14,70,3,True
3,14,115,3,False
3,14,128,3,True
3,14,175,3,False
3,14,226,3,False
3,14,8,4,False
3,14,28,4,True
3,14,36,4,False
3,14,65,4,True
3,14,70,4,True
3,14,115,4,False
3,14,128,4,True
3,14,175,4,False
3,14,226,4,False
3,14,8,5,False
3,14,28,5,True
3,14,36,5,False
3,14,65,5,True
3,14,70,5,True
3,14,115,5,False
3,14,128,5,True
3,14,175,5,False
3,14,226,5,False
3,16,7,1,False
3,16,93,1,False
3,16,244,1,False
3,16,7,5,False
3,16,93,5,False
3,16,244,5,False
4,12,121,1,False
4,12,136,1,False
4,12,243,1,False
4,12,121,2,False
4,12,136,2,False
4,12,243,2,False
4,12,121,3,False
4,12,136,3,False
4,12,243,3,False
4,12,121,4,False
4,12,136,4,False
4,12,243,4,False
4,14,8,1,True
4,14,28,1,False
4,14,36,1,False
4,14,65,1,True
4,14,70,1,True
4,14,115,1,True
4,14,128,1,True
4,14,175,1,False
4,14,226,1,False
4,14,8,2,False
4,14,28,2,True
4,14,36,2,True
4,14,65,2,False
4,14,70,2,True
4,14,115,2,False
4,14,128,2,False
4,14,175,2,False
4,14,226,2,False
4,14,8,3,False
4,14,28,3,True
4,14,36,3,False
4,14,65,3,True
4,14,70,3,True
4,14,115,3,True
4,14,128,3,True
4,14,175,3,True
4,14,226,3,True
4,14,8,4,False
4,14,28,4,True
4,14,36,4,False
4,14,65,4,False
4,14,70,4,True
4,14,115,4,True
4,14,128,4,True
4,14,175,4,True
4,14,226,4,True
4,14,8,5,False
4,14,28,5,True
4,14,36,5,True
4,14,65,5,True
4,14,70,5,True
4,14,115,5,False
4,14,128,5,True
4,14,175,5,False
4,14,226,5,True
5,12,121,1,False
5,12,136,1,False
5,12,243,1,False
5,12,121,2,False
5,12,136,2,False
5,12,243,2,False
5,12,121,3,False
5,12,136,3,False
5,12,243,3,False
5,12,121,4,False
5,12,136,4,False
5,12,243,4,False
5,14,8,1,False
5,14,28,1,False
5,14,36,1,False
5,14,65,1,True
5,14,70,1,True
5,14,115,1,False
5,14,128,1,True
5,14,175,1,False
5,14,226,1,False
5,14,8,2,True
5,14,28,2,True
5,14,36,2,True
5,14,65,2,True
5,14,70,2,False
5,14,115,2,True
5,14,128,2,True
5,14,175,2,False
5,14,226,2,False
5,14,8,3,False
5,14,28,3,False
5,14,36,3,False
5,14,65,3,True
5,14,70,3,True
5,14,115,3,False
5,14,128,3,False
5,14,175,3,False
5,14,226,3,True
5,14,8,4,False
5,14,28,4,False
5,14,36,4,True
5,14,65,4,False
5,14,70,4,True
5,14,115,4,False
5,14,128,4,False
5,14,175,4,False
5,14,226,4,True
5,14,8,5,False
5,14,28,5,False
5,14,36,5,False
5,14,65,5,True
5,14,70,5,False
5,14,115,5,True
5,14,128,5,False
5,14,175,5,False
5,14,226,5,True
6,12,121,1,True
6,12,136,1,True
6,12,243,1,False
6,12,121,2,True
6,12,136,2,True
6,12,243,2,False
6,12,121,3,True
6,12,136,3,True
6,12,243,3,False
6,12,121,4,False
6,12,136,4,True
6,12,243,4,True
6,13,180,1,False
6,13,189,1,True
6,13,180,2,False
6,13,189,2,False
6,13,180,3,False
6,13,189,3,False
6,13,180,4,False
6,13,189,4,False
6,14,8,1,False
6,14,28,1,False
6,14,36,1,False
6,14,65,1,False
6,14,70,1,False
6,14,115,1,False
6,14,128,1,False
6,14,175,1,False
6,14,226,1,False
6,14,8,2,False
6,14,28,2,False
6,14,36,2,False
6,14,65,2,False
6,14,70,2,False
6,14,115,2,False
6,14,128,2,False
6,14,175,2,False
6,14,226,2,False
6,14,8,3,False
6,14,28,3,False
6,14,36,3,False
6,14,65,3,False
6,14,70,3,False
6,14,115,3,False
6,14,128,3,False
6,14,175,3,False
6,14,226,3,False
6,14,8,5,False
6,14,28,5,False
6,14,36,5,False
6,14,65,5,False
6,14,70,5,False
6,14,115,5,False
6,14,128,5,False
6,14,175,5,False
6,14,226,5,False
6,16,7,1,True
6,16,93,1,False
6,16,244,1,True
6,16,7,2,False
6,16,93,2,True
6,16,244,2,False
6,16,7,3,False
6,16,93,3,True
6,16,244,3,False
6,16,7,4,False
6,16,93,4,False
6,16,244,4,False
6,16,7,5,False
6,16,93,5,False
6,16,244,5,False
7,12,121,1,True
7,12,136,1,False
7,12,243,1,False
7,12,121,2,True
7,12,136,2,False
7,12,243,2,False
7,12,121,3,True
7,12,136,3,False
7,12,243,3,False
7,12,121,4,False
7,12,136,4,False
7,12,243,4,False
7,13,180,1,False
7,13,189,1,False
7,13,180,2,False
7,13,189,2,False
7,13,180,3,False
7,13,189,3,False
7,13,180,4,False
7,13,189,4,False
7,14,8,1,True
7,14,28,1,False
7,14,36,1,True
7,14,65,1,True
7,14,70,1,True
7,14,115,1,True
7,14,128,1,True
7,14,175,1,False
7,14,226,1,False
7,14,8,2,False
7,14,28,2,True
7,14,36,2,True
7,14,65,2,True
7,14,70,2,True
7,14,115,2,False
7,14,128,2,False
7,14,175,2,False
7,14,226,2,True
7,14,8,3,False
7,14,28,3,False
7,14,36,3,True
7,14,65,3,True
7,14,70,3,True
7,14,115,3,False
7,14,128,3,False
7,14,175,3,False
7,14,226,3,False
7,14,8,4,False
7,14,28,4,False
7,14,36,4,True
7,14,65,4,True
7,14,70,4,True
7,14,115,4,False
7,14,128,4,False
7,14,175,4,False
7,14,226,4,False
7,14,8,5,False
7,14,28,5,False
7,14,36,5,True
7,14,65,5,True
7,14,70,5,True
7,14,115,5,False
7,14,128,5,False
7,14,175,5,False
7,14,226,5,False
7,15,179,1,False
7,15,249,1,False
7,15,179,2,False
7,15,249,2,False
7,15,179,3,False
7,15,249,3,False
7,15,179,4,False
7,15,249,4,False
7,15,179,5,False
7,15,249,5,False
7,16,7,1,False
7,16,93,1,False
7,16,244,1,False
7,16,7,5,False
7,16,93,5,False
7,16,244,5,False
8,12,121,1,False
8,12,136,1,False
8,12,243,1,False
8,12,121,2,True
8,12,136,2,False
8,12,243,2,False
8,12,121,3,False
8,12,136,3,False
8,12,243,3,False
8,12,121,4,False
8,12,136,4,False
8,12,243,4,True
8,14,8,1,True
8,14,28,1,True
8,14,36,1,False
8,14,65,1,True
8,14,70,1,True
8,14,115,1,True
8,14,128,1,True
8,14,175,1,False
8,14,226,1,False
8,14,8,2,False
8,14,28,2,True
8,14,36,2,True
8,14,65,2,False
8,14,70,2,True
8,14,115,2,False
8,14,128,2,False
8,14,175,2,False
8,14,226,2,True
8,14,8,3,True
8,14,28,3,True
8,14,36,3,True
8,14,65,3,True
8,14,70,3,True
8,14,115,3,True
8,14,128,3,True
8,14,175,3,True
8,14,226,3,False
8,14,8,4,False
8,14,28,4,True
8,14,36,4,False
8,14,65,4,False
8,14,70,4,True
8,14,115,4,True
8,14,128,4,True
8,14,175,4,True
8,14,226,4,False
8,14,8,5,False
8,14,28,5,True
8,14,36,5,True
8,14,65,5,True
8,14,70,5,True
8,14,115,5,True
8,14,128,5,True
8,14,175,5,True
8,14,226,5,True
9,12,121,1,False
9,12,136,1,False
9,12,243,1,False
9,12,121,2,False
9,12,136,2,False
9,12,243,2,False
9,12,121,3,False
9,12,136,3,False
9,12,243,3,False
9,12,121,4,False
9,12,136,4,False
9,12,243,4,False
9,14,8,1,True
9,14,28,1,False
9,14,36,1,False
9,14,65,1,True
9,14,70,1,True
9,14,115,1,True
9,14,128,1,True
9,14,175,1,False
9,14,226,1,False
9,14,8,2,False
9,14,28,2,True
9,14,36,2,True
9,14,65,2,True
9,14,70,2,True
9,14,115,2,False
9,14,128,2,False
9,14,175,2,False
9,14,226,2,True
9,14,8,3,False
9,14,28,3,True
9,14,36,3,True
9,14,65,3,True
9,14,70,3,True
9,14,115,3,False
9,14,128,3,True
9,14,175,3,False
9,14,226,3,False
9,14,8,4,False
9,14,28,4,False
9,14,36,4,False
9,14,65,4,True
9,14,70,4,True
9,14,115,4,False
9,14,128,4,False
9,14,175,4,True
9,14,226,4,True
9,14,8,5,False
9,14,28,5,False
9,14,36,5,False
9,14,65,5,True
9,14,70,5,True
9,14,115,5,False
9,14,128,5,True
9,14,175,5,False
9,14,226,5,False
9,15,179,1,False
9,15,249,1,False
9,15,179,2,False
9,15,249,2,False
9,15,179,3,False
9,15,249,3,False
9,15,179,5,False
9,15,249,5,False
10,12,121,1,False
10,12,136,1,False
10,12,243,1,False
10,12,121,2,False
10,12,136,2,False
10,12,243,2,False
10,12,121,3,False
10,12,136,3,False
10,12,243,3,False
10,12,121,4,False
10,12,136,4,False
10,12,243,4,True
10,13,180,1,False
10,13,189,1,False
10,13,180,2,False
10,13,189,2,True
10,13,180,3,False
10,13,189,3,True
10,13,180,4,False
10,13,189,4,False
10,14,8,1,True
10,14,28,1,False
10,14,36,1,True
10,14,65,1,True
10,14,70,1,True
10,14,115,1,True
10,14,128,1,True
10,14,175,1,False
10,14,226,1,False
10,14,8,2,False
10,14,28,2,True
10,14,36,2,True
10,14,65,2,False
10,14,70,2,True
10,14,115,2,False
10,14,128,2,False
10,14,175,2,False
10,14,226,2,True
10,14,8,3,False
10,14,28,3,False
10,14,36,3,True
10,14,65,3,True
10,14,70,3,True
10,14,115,3,True
10,14,128,3,True
10,14,175,3,False
10,14,226,3,False
10,14,8,4,False
10,14,28,4,False
10,14,36,4,True
10,14,65,4,True
10,14,70,4,True
10,14,115,4,False
10,14,128,4,True
10,14,175,4,True
10,14,226,4,False
10,14,8,5,False
10,14,28,5,True
10,14,36,5,True
10,14,65,5,False
10,14,70,5,True
10,14,115,5,False
10,14,128,5,True
10,14,175,5,False
10,14,226,5,False
10,15,179,5,False
10,15,249,5,False
11,12,121,1,True
11,12,136,1,False
11,12,243,1,False
11,12,121,2,True
11,12,136,2,False
11,12,243,2,False
11,12,121,3,True
11,12,136,3,False
11,12,243,3,False
11,12,121,4,False
11,12,136,4,False
11,12,243,4,True
11,14,8,1,False
11,14,28,1,False
11,14,36,1,True
11,14,65,1,True
11,14,70,1,False
11,14,115,1,False
11,14,128,1,False
11,14,175,1,False
11,14,226,1,False
11,14,8,2,False
11,14,28,2,True
11,14,36,2,True
11,14,65,2,True
11,14,70,2,False
11,14,115,2,False
11,14,128,2,False
11,14,175,2,False
11,14,226,2,False
11,14,8,3,False
11,14,28,3,False
11,14,36,3,True
11,14,65,3,True
11,14,70,3,False
11,14,115,3,False
11,14,128,3,False
11,14,175,3,True
11,14,226,3,False
11,14,8,4,False
11,14,28,4,False
11,14,36,4,True
11,14,65,4,True
11,14,70,4,False
11,14,115,4,False
11,14,128,4,False
11,14,175,4,False
11,14,226,4,False
11,14,8,5,False
11,14,28,5,False
11,14,36,5,True
11,14,65,5,True
11,14,70,5,False
11,14,115,5,False
11,14,128,5,False
11,14,175,5,True
11,14,226,5,False
11,16,7,1,False
11,16,93,1,False
11,16,244,1,True
11,16,7,2,False
11,16,93,2,False
11,16,244,2,False
11,16,7,3,False
11,16,93,3,False
11,16,244,3,False
11,16,7,4,True
11,16,93,4,False
11,16,244,4,False
11,16,7,5,True
11,16,93,5,False
11,16,244,5,False
12,12,121,1,True
12,12,136,1,True
12,12,243,1,True
12,12,121,2,True
12,12,136,2,False
12,12,243,2,False
12,12,121,3,True
12,12,136,3,True
12,12,243,3,True
12,12,121,4,False
12,12,136,4,False
12,12,243,4,True
12,13,180,1,False
12,13,189,1,False
12,13,180,2,False
12,13,189,2,False
12,13,180,3,False
12,13,189,3,False
12,13,180,4,False
12,13,189,4,True
12,14,8,1,False
12,14,28,1,False
12,14,36,1,True
12,14,65,1,False
12,14,70,1,False
12,14,115,1,False
12,14,128,1,True
12,14,175,1,False
12,14,226,1,False
12,14,8,2,False
12,14,28,2,True
12,14,36,2,True
12,14,65,2,False
12,14,70,2,False
12,14,115,2,False
12,14,128,2,True
12,14,175,2,False
12,14,226,2,False
12,14,8,3,False
12,14,28,3,False
12,14,36,3,True
12,14,65,3,False
12,14,70,3,False
12,14,115,3,False
12,14,128,3,True
12,14,175,3,False
12,14,226,3,False
12,14,8,4,False
12,14,28,4,False
12,14,36,4,True
12,14,65,4,False
12,14,70,4,False
12,14,115,4,False
12,14,128,4,True
12,14,175,4,False
12,14,226,4,False
12,14,8,5,False
12,14,28,5,False
12,14,36,5,True
12,14,65,5,False
12,14,70,5,False
12,14,115,5,False
12,14,128,5,True
12,14,175,5,True
12,14,226,5,False
12,16,7,1,True
12,16,93,1,False
12,16,244,1,False
12,16,7,3,False
12,16,93,3,True
12,16,244,3,False
12,16,7,4,False
12,16,93,4,False
12,16,244,4,False
12,16,7,5,False
12,16,93,5,False
12,16,244,5,True
13,12,121,1,True
13,12,136,1,True
13,12,243,1,False
13,12,121,2,True
13,12,136,2,False
13,12,243,2,False
13,12,121,3,True
13,12,136,3,True
13,12,243,3,False
13,12,121,4,False
13,12,136,4,True
13,12,243,4,True
13,13,180,1,False
13,13,189,1,False
13,13,180,2,False
13,13,189,2,False
13,13,180,3,False
13,13,189,3,True
13,13,180,4,False
13,13,189,4,False
14,13,180,1,False
14,13,189,1,False
14,13,180,2,False
14,13,189,2,True
14,13,180,3,False
14,13,189,3,False
14,13,180,4,False
14,13,189,4,False
14,14,8,1,True
14,14,28,1,False
14,14,36,1,False
14,14,65,1,True
14,14,70,1,True
14,14,115,1,True
14,14,128,1,True
14,14,175,1,True
14,14,226,1,False
14,14,8,2,False
14,14,28,2,True
14,14,36,2,True
14,14,65,2,False
14,14,70,2,True
14,14,115,2,False
14,14,128,2,False
14,14,175,2,False
14,14,226,2,False
14,14,8,3,False
14,14,28,3,False
14,14,36,3,False
14,14,65,3,True
14,14,70,3,True
14,14,115,3,False
14,14,128,3,False
14,14,175,3,True
14,14,226,3,False
14,14,8,4,True
14,14,28,4,False
14,14,36,4,False
14,14,65,4,True
14,14,70,4,True
14,14,115,4,True
14,14,128,4,False
14,14,175,4,False
14,14,226,4,True
14,14,8,5,True
14,14,28,5,True
14,14,36,5,True
14,14,65,5,True
14,14,70,5,True
14,14,115,5,True
14,14,128,5,False
14,14,175,5,False
14,14,226,5,True
15,12,121,1,False
15,12,136,1,False
15,12,243,1,False
15,12,121,2,False
15,12,136,2,False
15,12,243,2,False
15,12,121,3,False
15,12,136,3,False
15,12,243,3,False
15,12,121,4,False
15,12,136,4,False
15,12,243,4,False
15,13,180,1,False
15,13,189,1,False
15,13,180,2,False
15,13,189,2,False
15,13,180,3,False
15,13,189,3,False
15,13,180,4,False
15,13,189,4,False
15,14,8,1,False
15,14,28,1,False
15,14,36,1,False
15,14,65,1,True
15,14,70,1,False
15,14,115,1,True
15,14,128,1,True
15,14,175,1,False
15,14,226,1,False
15,14,8,2,False
15,14,28,2,True
15,14,36,2,False
15,14,65,2,False
15,14,70,2,True
15,14,115,2,False
15,14,128,2,False
15,14,175,2,False
15,14,226,2,False
15,14,8,3,False
15,14,28,3,False
15,14,36,3,False
15,14,65,3,True
15,14,70,3,False
15,14,115,3,True
15,14,128,3,True
15,14,175,3,True
15,14,226,3,False
15,14,8,4,False
15,14,28,4,False
15,14,36,4,False
15,14,65,4,False
15,14,70,4,False
15,14,115,4,True
15,14,128,4,True
15,14,175,4,True
15,14,226,4,False
15,14,8,5,False
15,14,28,5,False
15,14,36,5,False
15,14,65,5,True
15,14,70,5,False
15,14,115,5,False
15,14,128,5,True
15,14,175,5,False
15,14,226,5,False
16,12,121,1,True
16,12,136,1,True
16,12,243,1,True
16,12,121,2,True
16,12,136,2,False
16,12,243,2,False
16,12,121,3,True
16,12,136,3,True
16,12,243,3,False
16,12,121,4,False
16,12,136,4,True
16,12,243,4,True
16,12,121,5,False
16,12,136,5,False
16,12,243,5,False
16,13,180,1,False
16,13,189,1,False
16,13,180,2,False
16,13,189,2,False
16,13,180,3,False
16,13,189,3,True
16,13,180,4,False
16,13,189,4,True
16,14,8,1,False
16,14,28,1,False
16,14,36,1,False
16,14,65,1,False
16,14,70,1,False
16,14,115,1,False
16,14,128,1,False
16,14,175,1,False
16,14,226,1,False
16,14,8,2,False
16,14,28,2,False
16,14,36,2,False
16,14,65,2,False
16,14,70,2,False
16,14,115,2,False
16,14,128,2,False
16,14,175,2,False
16,14,226,2,False
16,14,8,3,False
16,14,28,3,False
16,14,36,3,False
16,14,65,3,False
16,14,70,3,False
16,14,115,3,False
16,14,128,3,False
16,14,175,3,False
16,14,226,3,False
16,14,8,4,False
16,14,28,4,False
16,14,36,4,False
16,14,65,4,False
16,14,70,4,False
16,14,115,4,False
16,14,128,4,False
16,14,175,4,False
16,14,226,4,False
16,14,8,5,False
16,14,28,5,False
16,14,36,5,False
16,14,65,5,False
16,14,70,5,False
16,14,115,5,False
16,14,128,5,False
16,14,175,5,False
16,14,226,5,False
17,12,121,1,False
17,12,136,1,False
17,12,243,1,False
17,12,121,2,False
17,12,136,2,False
17,12,243,2,False
17,12,121,3,False
17,12,136,3,False
17,12,243,3,False
17,12,121,4,False
17,12,136,4,False
17,12,243,4,False
17,13,180,1,False
17,13,189,1,False
17,13,180,2,False
17,13,189,2,False
17,13,180,3,False
17,13,189,3,False
17,14,8,1,True
17,14,28,1,False
17,14,36,1,False
17,14,65,1,False
17,14,70,1,True
17,14,115,1,True
17,14,128,1,True
17,14,175,1,False
17,14,226,1,False
17,14,8,2,False
17,14,28,2,True
17,14,36,2,True
17,14,65,2,False
17,14,70,2,True
17,14,115,2,False
17,14,128,2,False
17,14,175,2,False
17,14,226,2,True
17,14,8,3,False
17,14,28,3,False
17,14,36,3,True
17,14,65,3,True
17,14,70,3,True
17,14,115,3,False
17,14,128,3,True
17,14,175,3,False
17,14,226,3,False
17,14,8,4,False
17,14,28,4,True
17,14,36,4,True
17,14,65,4,True
17,14,70,4,True
17,14,115,4,False
17,14,128,4,False
17,14,175,4,True
17,14,226,4,True
17,14,8,5,False
17,14,28,5,False
17,14,36,5,False
17,14,65,5,False
17,14,70,5,True
17,14,115,5,False
17,14,128,5,True
17,14,175,5,True
17,14,226,5,False
17,15,179,2,False
17,15,249,2,False
17,15,179,5,False
17,15,249,5,False
17,16,7,1,False
17,16,93,1,False
17,16,244,1,False
17,16,7,2,True
17,16,93,2,True
17,16,244,2,False
17,16,7,3,False
17,16,93,3,False
17,16,244,3,False
17,16,7,4,False
17,16,93,4,True
17,16,244,4,False
17,16,7,5,False
17,16,93,5,True
17,16,244,5,False
18,13,180,1,False
18,13,189,1,False
18,13,180,2,False
18,13,189,2,False
18,13,180,3,False
18,13,189,3,False
18,13,180,4,False
18,13,189,4,False
18,14,8,1,True
18,14,28,1,False
18,14,36,1,False
18,14,65,1,True
18,14,70,1,True
18,14,115,1,True
18,14,128,1,True
18,14,175,1,False
18,14,226,1,False
18,14,8,2,False
18,14,28,2,True
18,14,36,2,True
18,14,65,2,True
18,14,70,2,True
18,14,115,2,False
18,14,128,2,True
18,14,175,2,False
18,14,226,2,False
18,14,8,3,True
18,14,28,3,False
18,14,36,3,False
18,14,65,3,True
18,14,70,3,True
18,14,115,3,False
18,14,128,3,True
18,14,175,3,False
18,14,226,3,False
18,14,8,4,False
18,14,28,4,False
18,14,36,4,False
18,14,65,4,True
18,14,70,4,False
18,14,115,4,False
18,14,128,4,False
18,14,175,4,False
18,14,226,4,False
18,14,8,5,False
18,14,28,5,False
18,14,36,5,False
18,14,65,5,True
18,14,70,5,False
18,14,115,5,False
18,14,128,5,True
18,14,175,5,False
18,14,226,5,False
18,15,179,1,False
18,15,249,1,False
18,15,179,5,False
18,15,249,5,False
19,14,8,1,True
19,14,28,1,False
19,14,36,1,False
19,14,65,1,True
19,14,70,1,True
19,14,115,1,True
19,14,128,1,True
19,14,175,1,False
19,14,226,1,False
19,14,8,2,False
19,14,28,2,True
19,14,36,2,True
19,14,65,2,False
19,14,70,2,True
19,14,115,2,False
19,14,128,2,False
19,14,175,2,True
19,14,226,2,True
19,14,8,3,False
19,14,28,3,False
19,14,36,3,True
19,14,65,3,True
19,14,70,3,True
19,14,115,3,True
19,14,128,3,True
19,14,175,3,True
19,14,226,3,False
19,14,8,4,False
19,14,28,4,False
19,14,36,4,True
19,14,65,4,True
19,14,70,4,True
19,14,115,4,False
19,14,128,4,True
19,14,175,4,True
19,14,226,4,False
19,14,8,5,False
19,14,28,5,False
19,14,36,5,True
19,14,65,5,True
19,14,70,5,True
19,14,115,5,True
19,14,128,5,True
19,14,175,5,True
19,14,226,5,False
20,12,121,1,False
20,12,136,1,False
20,12,243,1,False
20,12,121,2,True
20,12,136,2,False
20,12,243,2,False
20,12,121,3,False
20,12,136,3,False
20,12,243,3,False
20,12,121,4,False
20,12,136,4,True
20,12,243,4,True
20,13,180,1,False
20,13,189,1,False
20,13,180,2,False
20,13,189,2,False
20,13,180,3,False
20,13,189,3,False
20,13,180,4,False
20,13,189,4,False
20,14,8,1,False
20,14,28,1,False
20,14,36,1,False
20,14,65,1,True
20,14,70,1,True
20,14,115,1,True
20,14,128,1,True
20,14,175,1,False
20,14,226,1,False
20,14,8,2,False
20,14,28,2,True
20,14,36,2,True
20,14,65,2,False
20,14,70,2,True
20,14,115,2,False
20,14,128,2,False
20,14,175,2,False
20,14,226,2,True
20,14,8,3,False
20,14,28,3,False
20,14,36,3,False
20,14,65,3,True
20,14,70,3,True
20,14,115,3,False
20,14,128,3,False
20,14,175,3,False
20,14,226,3,False
20,14,8,4,False
20,14,28,4,False
20,14,36,4,True
20,14,65,4,False
20,14,70,4,True
20,14,115,4,False
20,14,128,4,False
20,14,175,4,False
20,14,226,4,False
20,14,8,5,False
20,14,28,5,True
20,14,36,5,True
20,14,65,5,True
20,14,70,5,True
20,14,115,5,False
20,14,128,5,False
20,14,175,5,False
20,14,226,5,False
21,13,180,1,False
21,13,189,1,False
21,13,180,2,False
21,13,189,2,True
21,13,180,3,False
21,13,189,3,False
21,13,180,4,False
21,13,189,4,False
21,14,8,1,False
21,14,28,1,False
21,14,36,1,False
21,14,65,1,False
21,14,70,1,True
21,14,115,1,False
21,14,128,1,False
21,14,175,1,False
21,14,226,1,False
21,14,8,2,False
21,14,28,2,True
21,14,36,2,True
21,14,65,2,False
21,14,70,2,True
21,14,115,2,False
21,14,128,2,False
21,14,175,2,False
21,14,226,2,False
21,14,8,3,False
21,14,28,3,False
21,14,36,3,False
21,14,65,3,True
21,14,70,3,True
21,14,115,3,False
21,14,128,3,False
21,14,175,3,False
21,14,226,3,False
21,14,8,4,False
21,14,28,4,False
21,14,36,4,False
21,14,65,4,False
21,14,70,4,False
21,14,115,4,False
21,14,128,4,False
21,14,175,4,True
21,14,226,4,False
21,14,8,5,False
21,14,28,5,False
21,14,36,5,False
21,14,65,5,False
21,14,70,5,False
21,14,115,5,False
21,14,128,5,False
21,14,175,5,True
21,14,226,5,False
22,13,180,1,False
22,13,189,1,True
22,13,180,2,False
22,13,189,2,False
22,13,180,3,False
22,13,189,3,False
22,13,180,4,False
22,13,189,4,False
22,14,8,1,True
22,14,28,1,False
22,14,36,1,True
22,14,65,1,True
22,14,70,1,True
22,14,115,1,True
22,14,128,1,True
22,14,175,1,True
22,14,226,1,False
22,14,8,2,False
22,14,28,2,True
22,14,36,2,True
22,14,65,2,True
22,14,70,2,True
22,14,115,2,False
22,14,128,2,False
22,14,175,2,True
22,14,226,2,True
22,14,8,3,True
22,14,28,3,True
22,14,36,3,True
22,14,65,3,True
22,14,70,3,True
22,14,115,3,True
22,14,128,3,True
22,14,175,3,True
22,14,226,3,True
22,14,8,4,False
22,14,28,4,True
22,14,36,4,True
22,14,65,4,False
22,14,70,4,True
22,14,115,4,False
22,14,128,4,False
22,14,175,4,True
22,14,226,4,True
22,14,8,5,False
22,14,28,5,False
22,14,36,5,True
22,14,65,5,True
22,14,70,5,True
22,14,115,5,True
22,14,128,5,False
22,14,175,5,True
22,14,226,5,False
22,15,179,3,False
22,15,249,3,False
22,15,179,5,False
22,15,249,5,False
23,12,121,1,True
23,12,136,1,True
23,12,243,1,True
23,12,121,2,True
23,12,136,2,True
23,12,243,2,False
23,12,121,3,True
23,12,136,3,False
23,12,243,3,False
23,12,121,4,False
23,12,136,4,True
23,12,243,4,True
23,12,121,5,False
23,12,136,5,True
23,12,243,5,False
23,13,180,1,False
23,13,189,1,False
23,13,180,2,False
23,13,189,2,True
23,13,180,3,False
23,13,189,3,False
23,13,180,4,False
23,13,189,4,False
23,13,180,5,False
23,13,189,5,False
23,14,8,1,False
23,14,28,1,False
23,14,36,1,False
23,14,65,1,False
23,14,70,1,False
23,14,115,1,False
23,14,128,1,False
23,14,175,1,False
23,14,226,1,False
23,14,8,2,False
23,14,28,2,False
23,14,36,2,True
23,14,65,2,True
23,14,70,2,False
23,14,115,2,False
23,14,128,2,False
23,14,175,2,False
23,14,226,2,False
23,14,8,3,False
23,14,28,3,False
23,14,36,3,True
23,14,65,3,True
23,14,70,3,False
23,14,115,3,False
23,14,128,3,False
23,14,175,3,False
23,14,226,3,False
23,14,8,4,False
23,14,28,4,False
23,14,36,4,True
23,14,65,4,False
23,14,70,4,False
23,14,115,4,False
23,14,128,4,False
23,14,175,4,True
23,14,226,4,False
23,14,8,5,False
23,14,28,5,False
23,14,36,5,True
23,14,65,5,True
23,14,70,5,False
23,14,115,5,False
23,14,128,5,False
23,14,175,5,True
23,14,226,5,False
24,12,121,1,True
24,12,136,1,True
24,12,243,1,False
24,12,121,2,True
24,12,136,2,False
24,12,243,2,False
24,12,121,3,False
24,12,136,3,False
24,12,243,3,False
24,12,121,4,False
24,12,136,4,False
24,12,243,4,True
24,13,180,1,False
24,13,189,1,False
24,13,180,2,False
24,13,189,2,False
24,14,8,1,True
24,14,28,1,False
24,14,36,1,False
24,14,65,1,True
24,14,70,1,True
24,14,115,1,True
24,14,128,1,True
24,14,175,1,False
24,14,226,1,False
24,14,8,2,False
24,14,28,2,True
24,14,36,2,True
24,14,65,2,False
24,14,70,2,True
24,14,115,2,False
24,14,128,2,True
24,14,175,2,True
24,14,226,2,True
24,14,8,3,True
24,14,28,3,False
24,14,36,3,True
24,14,65,3,False
24,14,70,3,True
24,14,115,3,True
24,14,128,3,True
24,14,175,3,False
24,14,226,3,False
24,14,8,4,False
24,14,28,4,False
24,14,36,4,True
24,14,65,4,False
24,14,70,4,True
24,14,115,4,False
24,14,128,4,True
24,14,175,4,False
24,14,226,4,False
24,14,8,5,False
24,14,28,5,True
24,14,36,5,True
24,14,65,5,True
24,14,70,5,True
24,14,115,5,True
24,14,128,5,True
24,14,175,5,False
24,14,226,5,False
25,12,121,1,True
25,12,136,1,False
25,12,243,1,False
25,12,121,2,True
25,12,136,2,False
25,12,243,2,False
25,12,121,3,False
25,12,136,3,False
25,12,243,3,False
25,12,121,4,False
25,12,136,4,True
25,12,243,4,True
25,12,121,5,False
25,12,136,5,False
25,12,243,5,False
25,14,8,1,True
25,14,28,1,False
25,14,36,1,False
25,14,65,1,True
25,14,70,1,True
25,14,115,1,True
25,14,128,1,True
25,14,175,1,False
25,14,226,1,False
25,14,8,2,False
25,14,28,2,True
25,14,36,2,True
25,14,65,2,False
25,14,70,2,True
25,14,115,2,False
25,14,128,2,False
25,14,175,2,False
25,14,226,2,False
25,14,8,3,False
25,14,28,3,False
25,14,36,3,True
25,14,65,3,True
25,14,70,3,True
25,14,115,3,True
25,14,128,3,True
25,14,175,3,False
25,14,226,3,False
25,14,8,4,False
25,14,28,4,False
25,14,36,4,False
25,14,65,4,True
25,14,70,4,True
25,14,115,4,True
25,14,128,4,False
25,14,175,4,False
25,14,226,4,False
25,14,8,5,False
25,14,28,5,False
25,14,36,5,True
25,14,65,5,True
25,14,70,5,False
25,14,115,5,False
25,14,128,5,False
25,14,175,5,False
25,14,226,5,False
26,12,121,1,True
26,12,136,1,False
26,12,243,1,False
26,12,121,2,True
26,12,136,2,False
26,12,243,2,False
26,12,121,3,False
26,12,136,3,True
26,12,243,3,False
26,12,121,4,False
26,12,136,4,True
26,12,243,4,True
26,13,180,1,False
26,13,189,1,False
26,13,180,2,False
26,13,189,2,True
26,13,180,3,False
26,13,189,3,False
26,13,180,4,False
26,13,189,4,False
26,14,8,1,False
26,14,28,1,False
26,14,36,1,False
26,14,65,1,False
26,14,70,1,True
26,14,115,1,False
26,14,128,1,True
26,14,175,1,False
26,14,226,1,False
26,14,8,2,False
26,14,28,2,True
26,14,36,2,True
26,14,65,2,False
26,14,70,2,True
26,14,115,2,False
26,14,128,2,True
26,14,175,2,False
26,14,226,2,False
26,14,8,3,False
26,14,28,3,False
26,14,36,3,False
26,14,65,3,True
26,14,70,3,True
26,14,115,3,False
26,14,128,3,True
26,14,175,3,False
26,14,226,3,False
26,14,8,4,False
26,14,28,4,False
26,14,36,4,False
26,14,65,4,False
26,14,70,4,True
26,14,115,4,False
26,14,128,4,True
26,14,175,4,True
26,14,226,4,False
26,14,8,5,False
26,14,28,5,False
26,14,36,5,False
26,14,65,5,True
26,14,70,5,True
26,14,115,5,True
26,14,128,5,True
26,14,175,5,False
26,14,226,5,False
26,15,179,2,False
26,15,249,2,False
26,15,179,5,False
26,15,249,5,False
27,13,180,1,False
27,13,189,1,False
27,13,180,2,False
27,13,189,2,False
27,13,180,3,False
27,13,189,3,False
27,13,180,4,False
27,13,189,4,False
27,14,8,1,True
27,14,28,1,False
27,14,36,1,True
27,14,65,1,False
27,14,70,1,False
27,14,115,1,True
27,14,128,1,True
27,14,175,1,False
27,14,226,1,False
27,14,8,2,False
27,14,28,2,False
27,14,36,2,False
27,14,65,2,False
27,14,70,2,False
27,14,115,2,False
27,14,128,2,False
27,14,175,2,False
27,14,226,2,False
27,14,8,3,False
27,14,28,3,False
27,14,36,3,False
27,14,65,3,False
27,14,70,3,False
27,14,115,3,False
27,14,128,3,False
27,14,175,3,True
27,14,226,3,False
27,14,8,4,False
27,14,28,4,False
27,14,36,4,False
27,14,65,4,False
27,14,70,4,False
27,14,115,4,False
27,14,128,4,False
27,14,175,4,False
27,14,226,4,False
27,14,8,5,False
27,14,28,5,False
27,14,36,5,False
27,14,65,5,False
27,14,70,5,False
27,14,115,5,False
27,14,128,5,False
27,14,175,5,True
27,14,226,5,False
27,16,7,1,False
27,16,93,1,False
27,16,244,1,True
27,16,7,2,True
27,16,93,2,True
27,16,244,2,False
27,16,7,3,True
27,16,93,3,False
27,16,244,3,False
27,16,7,4,True
27,16,93,4,False
27,16,244,4,False
27,16,7,5,False
27,16,93,5,False
27,16,244,5,False
28,12,121,1,False
28,12,136,1,False
28,12,243,1,False
28,12,121,2,False
28,12,136,2,False
28,12,243,2,False
28,12,121,3,False
28,12,136,3,False
28,12,243,3,False
28,12,121,4,False
28,12,136,4,False
28,12,243,4,False
28,13,180,1,False
28,13,189,1,False
28,13,180,2,False
28,13,189,2,False
28,13,180,3,False
28,13,189,3,True
28,13,180,4,False
28,13,189,4,False
28,14,8,1,True
28,14,28,1,False
28,14,36,1,False
28,14,65,1,True
28,14,70,1,False
28,14,115,1,False
28,14,128,1,True
28,14,175,1,False
28,14,226,1,False
28,14,8,2,False
28,14,28,2,True
28,14,36,2,True
28,14,65,2,False
28,14,70,2,False
28,14,115,2,False
28,14,128,2,False
28,14,175,2,False
28,14,226,2,False
28,14,8,3,True
28,14,28,3,True
28,14,36,3,False
28,14,65,3,True
28,14,70,3,True
28,14,115,3,False
28,14,128,3,True
28,14,175,3,False
28,14,226,3,False
28,14,8,4,False
28,14,28,4,True
28,14,36,4,False
28,14,65,4,True
28,14,70,4,True
28,14,115,4,False
28,14,128,4,False
28,14,175,4,True
28,14,226,4,True
28,14,8,5,False
28,14,28,5,True
28,14,36,5,True
28,14,65,5,False
28,14,70,5,False
28,14,115,5,False
28,14,128,5,False
28,14,175,5,False
28,14,226,5,False
29,12,121,1,False
29,12,136,1,False
29,12,243,1,False
29,12,121,2,False
29,12,136,2,False
29,12,243,2,False
29,12,121,3,False
29,12,136,3,False
29,12,243,3,False
29,12,121,4,False
29,12,136,4,False
29,12,243,4,False
29,14,8,1,False
29,14,28,1,False
29,14,36,1,False
29,14,65,1,False
29,14,70,1,False
29,14,115,1,True
29,14,128,1,True
29,14,175,1,False
29,14,226,1,False
29,14,8,2,False
29,14,28,2,True
29,14,36,2,True
29,14,65,2,False
29,14,70,2,True
29,14,115,2,False
29,14,128,2,False
29,14,175,2,False
29,14,226,2,True
29,14,8,3,False
29,14,28,3,True
29,14,36,3,True
29,14,65,3,True
29,14,70,3,True
29,14,115,3,False
29,14,128,3,False
29,14,175,3,True
29,14,226,3,False
29,14,8,4,False
29,14,28,4,False
29,14,36,4,True
29,14,65,4,False
29,14,70,4,False
29,14,115,4,False
29,14,128,4,True
29,14,175,4,False
29,14,226,4,True
29,14,8,5,False
29,14,28,5,True
29,14,36,5,True
29,14,65,5,False
29,14,70,5,True
29,14,115,5,False
29,14,128,5,False
29,14,175,5,False
29,14,226,5,False
30,12,121,1,True
30,12,136,1,True
30,12,243,1,True
30,12,121,2,True
30,12,136,2,False
30,12,243,2,False
30,12,121,3,True
30,12,136,3,True
30,12,243,3,True
30,12,121,4,False
30,12,136,4,True
30,12,243,4,True
30,14,8,1,False
30,14,28,1,False
30,14,36,1,False
30,14,65,1,False
30,14,70,1,False
30,14,115,1,False
30,14,128,1,False
30,14,175,1,False
30,14,226,1,False
30,14,8,3,False
30,14,28,3,False
30,14,36,3,False
30,14,65,3,False
30,14,70,3,False
30,14,115,3,False
30,14,128,3,False
30,14,175,3,False
30,14,226,3,False
30,14,8,4,False
30,14,28,4,False
30,14,36,4,False
30,14,65,4,False
30,14,70,4,False
30,14,115,4,False
30,14,128,4,False
30,14,175,4,False
30,14,226,4,False
30,14,8,5,False
30,14,28,5,False
30,14,36,5,False
30,14,65,5,False
30,14,70,5,False
30,14,115,5,False
30,14,128,5,False
30,14,175,5,False
30,14,226,5,False
31,14,8,1,True
31,14,28,1,False
31,14,36,1,False
31,14,65,1,True
31,14,70,1,True
31,14,115,1,True
31,14,128,1,True
31,14,175,1,False
31,14,226,1,False
31,14,8,2,False
31,14,28,2,True
31,14,36,2,True
31,14,65,2,False
31,14,70,2,True
31,14,115,2,False
31,14,128,2,False
31,14,175,2,False
31,14,226,2,True
31,14,8,3,False
31,14,28,3,True
31,14,36,3,False
31,14,65,3,True
31,14,70,3,True
31,14,115,3,False
31,14,128,3,True
31,14,175,3,False
31,14,226,3,True
31,14,8,4,False
31,14,28,4,True
31,14,36,4,True
31,14,65,4,True
31,14,70,4,True
31,14,115,4,False
31,14,128,4,True
31,14,175,4,False
31,14,226,4,False
31,14,8,5,False
31,14,28,5,True
31,14,36,5,False
31,14,65,5,True
31,14,70,5,True
31,14,115,5,False
31,14,128,5,True
31,14,175,5,False
31,14,226,5,False
31,15,179,1,False
31,15,249,1,False
31,15,179,2,False
31,15,249,2,False
31,15,179,3,False
31,15,249,3,False
31,15,179,5,False
31,15,249,5,False
32,12,121,1,True
32,12,136,1,False
32,12,243,1,False
32,12,121,2,True
32,12,136,2,False
32,12,243,2,False
32,12,121,3,False
32,12,136,3,False
32,12,243,3,False
32,12,121,4,False
32,12,136,4,False
32,12,243,4,False
32,13,180,1,False
32,13,189,1,False
32,13,180,2,False
32,13,189,2,False
32,13,180,3,False
32,13,189,3,False
32,13,180,4,False
32,13,189,4,False
32,14,8,1,True
32,14,28,1,False
32,14,36,1,False
32,14,65,1,True
32,14,70,1,True
32,14,115,1,True
32,14,128,1,True
32,14,175,1,False
32,14,226,1,False
32,14,8,2,False
32,14,28,2,True
32,14,36,2,True
32,14,65,2,False
32,14,70,2,True
32,14,115,2,False
32,14,128,2,False
32,14,175,2,False
32,14,226,2,True
32,14,8,3,False
32,14,28,3,False
32,14,36,3,False
32,14,65,3,True
32,14,70,3,True
32,14,115,3,False
32,14,128,3,True
32,14,175,3,False
32,14,226,3,False
32,14,8,4,False
32,14,28,4,False
32,14,36,4,False
32,14,65,4,False
32,14,70,4,True
32,14,115,4,False
32,14,128,4,False
32,14,175,4,False
32,14,226,4,True
32,14,8,5,False
32,14,28,5,True
32,14,36,5,True
32,14,65,5,True
32,14,70,5,True
32,14,115,5,False
32,14,128,5,False
32,14,175,5,False
32,14,226,5,False
33,12,121,1,False
33,12,136,1,False
33,12,243,1,False
33,12,121,2,False
33,12,136,2,False
33,12,243,2,False
33,12,121,3,False
33,12,136,3,False
33,12,243,3,False
33,12,121,4,False
33,12,136,4,False
33,12,243,4,False
33,13,180,1,False
33,13,189,1,False
33,13,180,2,False
33,13,189,2,False
33,13,180,3,False
33,13,189,3,False
33,13,180,4,False
33,13,189,4,False
33,14,8,1,True
33,14,28,1,False
33,14,36,1,False
33,14,65,1,True
33,14,70,1,True
33,14,115,1,True
33,14,128,1,True
33,14,175,1,False
33,14,226,1,False
33,14,8,2,False
33,14,28,2,True
33,14,36,2,True
33,14,65,2,True
33,14,70,2,True
33,14,115,2,False
33,14,128,2,False
33,14,175,2,False
33,14,226,2,False
33,14,8,3,False
33,14,28,3,False
33,14,36,3,True
33,14,65,3,True
33,14,70,3,True
33,14,115,3,False
33,14,128,3,False
33,14,175,3,False
33,14,226,3,False
33,14,8,4,False
33,14,28,4,True
33,14,36,4,True
33,14,65,4,False
33,14,70,4,True
33,14,115,4,False
33,14,128,4,False
33,14,175,4,False
33,14,226,4,False
33,14,8,5,False
33,14,28,5,False
33,14,36,5,True
33,14,65,5,True
33,14,70,5,True
33,14,115,5,True
33,14,128,5,False
33,14,175,5,True
33,14,226,5,False
33,16,7,1,False
33,16,93,1,False
33,16,244,1,False
33,16,7,2,True
33,16,93,2,True
33,16,244,2,False
33,16,7,3,True
33,16,93,3,True
33,16,244,3,False
33,16,7,5,True
33,16,93,5,True
33,16,244,5,False
34,12,121,1,True
34,12,136,1,True
34,12,243,1,False
34,12,121,2,True
34,12,136,2,False
34,12,243,2,False
34,12,121,3,True
34,12,136,3,False
34,12,243,3,False
34,12,121,4,False
34,12,136,4,False
34,12,243,4,True
34,13,180,1,False
34,13,189,1,False
34,13,180,2,False
34,13,189,2,True
34,13,180,3,False
34,13,189,3,False
34,13,180,4,False
34,13,189,4,False
35,12,121,1,True
35,12,136,1,True
35,12,243,1,False
35,12,121,2,True
35,12,136,2,False
35,12,243,2,False
35,12,121,3,True
35,12,136,3,True
35,12,243,3,False
35,12,121,4,False
35,12,136,4,False
35,12,243,4,True
35,13,180,1,False
35,13,189,1,True
35,13,180,2,False
35,13,189,2,False
35,13,180,3,False
35,13,189,3,False
35,14,8,1,False
35,14,28,1,False
35,14,36,1,False
35,14,65,1,True
35,14,70,1,True
35,14,115,1,True
35,14,128,1,True
35,14,175,1,False
35,14,226,1,False
35,14,8,2,False
35,14,28,2,True
35,14,36,2,True
35,14,65,2,True
35,14,70,2,True
35,14,115,2,False
35,14,128,2,False
35,14,175,2,False
35,14,226,2,True
35,14,8,3,False
35,14,28,3,False
35,14,36,3,False
35,14,65,3,True
35,14,70,3,True
35,14,115,3,False
35,14,128,3,True
35,14,175,3,False
35,14,226,3,False
35,14,8,4,False
35,14,28,4,False
35,14,36,4,False
35,14,65,4,False
35,14,70,4,True
35,14,115,4,False
35,14,128,4,False
35,14,175,4,False
35,14,226,4,False
35,14,8,5,False
35,14,28,5,True
35,14,36,5,False
35,14,65,5,True
35,14,70,5,True
35,14,115,5,False
35,14,128,5,True
35,14,175,5,True
35,14,226,5,True
36,14,8,1,True
36,14,28,1,False
36,14,36,1,False
36,14,65,1,True
36,14,70,1,True
36,14,115,1,True
36,14,128,1,True
36,14,175,1,True
36,14,226,1,False
36,14,8,2,False
36,14,28,2,True
36,14,36,2,True
36,14,65,2,False
36,14,70,2,True
36,14,115,2,False
36,14,128,2,False
36,14,175,2,False
36,14,226,2,True
36,14,8,3,False
36,14,28,3,False
36,14,36,3,False
36,14,65,3,True
36,14,70,3,True
36,14,115,3,False
36,14,128,3,True
36,14,175,3,True
36,14,226,3,False
36,14,8,4,False
36,14,28,4,True
36,14,36,4,False
36,14,65,4,False
36,14,70,4,True
36,14,115,4,False
36,14,128,4,False
36,14,175,4,False
36,14,226,4,False
36,14,8,5,False
36,14,28,5,False
36,14,36,5,False
36,14,65,5,False
36,14,70,5,False
36,14,115,5,False
36,14,128,5,True
36,14,175,5,False
36,14,226,5,False
37,13,180,1,False
37,13,189,1,False
37,13,180,2,False
37,13,189,2,False
37,13,180,3,False
37,13,189,3,False
37,13,180,4,False
37,13,189,4,True
37,14,8,1,True
37,14,28,1,False
37,14,36,1,False
37,14,65,1,True
37,14,70,1,True
37,14,115,1,True
37,14,128,1,True
37,14,175,1,False
37,14,226,1,False
37,14,8,2,False
37,14,28,2,True
37,14,36,2,True
37,14,65,2,False
37,14,70,2,True
37,14,115,2,False
37,14,128,2,False
37,14,175,2,False
37,14,226,2,True
37,14,8,3,False
37,14,28,3,False
37,14,36,3,False
37,14,65,3,True
37,14,70,3,True
37,14,115,3,True
37,14,128,3,True
37,14,175,3,False
37,14,226,3,False
37,14,8,4,False
37,14,28,4,False
37,14,36,4,False
37,14,65,4,True
37,14,70,4,True
37,14,115,4,True
37,14,128,4,False
37,14,175,4,False
37,14,226,4,True
37,14,8,5,False
37,14,28,5,False
37,14,36,5,False
37,14,65,5,True
37,14,70,5,True
37,14,115,5,False
37,14,128,5,False
37,14,175,5,False
37,14,226,5,True
38,12,121,1,False
38,12,136,1,False
38,12,243,1,False
38,12,121,2,False
38,12,136,2,False
38,12,243,2,False
38,14,8,1,True
38,14,28,1,False
38,14,36,1,False
38,14,65,1,True
38,14,70,1,True
38,14,115,1,True
38,14,128,1,True
38,14,175,1,False
38,14,226,1,False
38,14,8,2,False
38,14,28,2,True
38,14,36,2,True
38,14,65,2,True
38,14,70,2,True
38,14,115,2,False
38,14,128,2,False
38,14,175,2,False
38,14,226,2,True
38,14,8,3,True
38,14,28,3,True
38,14,36,3,False
38,14,65,3,True
38,14,70,3,True
38,14,115,3,False
38,14,128,3,True
38,14,175,3,True
38,14,226,3,True
38,14,8,4,False
38,14,28,4,True
38,14,36,4,True
38,14,65,4,True
38,14,70,4,True
38,14,115,4,False
38,14,128,4,False
38,14,175,4,False
38,14,226,4,True
38,14,8,5,False
38,14,28,5,False
38,14,36,5,False
38,14,65,5,False
38,14,70,5,True
38,14,115,5,False
38,14,128,5,True
38,14,175,5,False
38,14,226,5,False
39,12,121,1,False
39,12,136,1,False
39,12,243,1,False
39,12,121,2,False
39,12,136,2,False
39,12,243,2,False
39,12,121,3,False
39,12,136,3,False
39,12,243,3,False
39,12,121,4,False
39,12,136,4,False
39,12,243,4,False
39,13,180,1,False
39,13,189,1,False
39,13,180,2,False
39,13,189,2,True
39,13,180,3,False
39,13,189,3,False
39,13,180,4,False
39,13,189,4,False
39,14,8,1,True
39,14,28,1,False
39,14,36,1,False
39,14,65,1,False
39,14,70,1,False
39,14,115,1,False
39,14,128,1,True
39,14,175,1,False
39,14,226,1,False
39,14,8,2,False
39,14,28,2,True
39,14,36,2,True
39,14,65,2,False
39,14,70,2,True
39,14,115,2,False
39,14,128,2,False
39,14,175,2,False
39,14,226,2,True
39,14,8,3,False
39,14,28,3,False
39,14,36,3,True
39,14,65,3,True
39,14,70,3,True
39,14,115,3,False
39,14,128,3,True
39,14,175,3,False
39,14,226,3,False
39,14,8,4,False
39,14,28,4,False
39,14,36,4,False
39,14,65,4,False
39,14,70,4,False
39,14,115,4,False
39,14,128,4,False
39,14,175,4,False
39,14,226,4,False
39,14,8,5,False
39,14,28,5,False
39,14,36,5,False
39,14,65,5,False
39,14,70,5,True
39,14,115,5,False
39,14,128,5,False
39,14,175,5,False
39,14,226,5,False
39,15,179,1,False
39,15,249,1,False
39,15,179,2,False
39,15,249,2,False
39,15,179,3,False
39,15,249,3,True
39,15,179,4,False
39,15,249,4,False
39,15,179,5,False
39,15,249,5,False
40,12,121,1,False
40,12,136,1,False
40,12,243,1,False
40,12,121,2,False
40,12,136,2,False
40,12,243,2,False
40,12,121,3,False
40,12,136,3,False
40,12,243,3,False
40,12,121,4,False
40,12,136,4,False
40,12,243,4,False
40,13,180,1,False
40,13,189,1,False
40,13,180,2,False
40,13,189,2,False
40,13,180,3,False
40,13,189,3,False
40,13,180,4,False
40,13,189,4,False
40,14,8,1,False
40,14,28,1,False
40,14,36,1,False
40,14,65,1,True
40,14,70,1,True
40,14,115,1,True
40,14,128,1,True
40,14,175,1,False
40,14,226,1,False
40,14,8,2,False
40,14,28,2,True
40,14,36,2,True
40,14,65,2,True
40,14,70,2,True
40,14,115,2,False
40,14,128,2,False
40,14,175,2,False
40,14,226,2,True
40,14,8,3,True
40,14,28,3,True
40,14,36,3,True
40,14,65,3,True
40,14,70,3,True
40,14,115,3,True
40,14,128,3,True
40,14,175,3,False
40,14,226,3,False
40,14,8,4,False
40,14,28,4,True
40,14,36,4,True
40,14,65,4,False
40,14,70,4,True
40,14,115,4,True
40,14,128,4,True
40,14,175,4,True
40,14,226,4,True
40,14,8,5,False
40,14,28,5,False
40,14,36,5,True
40,14,65,5,True
40,14,70,5,True
40,14,115,5,True
40,14,128,5,True
40,14,175,5,True
40,14,226,5,True
40,15,179,5,False
40,15,249,5,False
41,12,121,1,False
41,12,136,1,False
41,12,243,1,False
41,12,121,2,False
41,12,136,2,False
41,12,243,2,False
41,12,121,3,False
41,12,136,3,False
41,12,243,3,False
41,12,121,4,False
41,12,136,4,False
41,12,243,4,False
41,14,8,1,True
41,14,28,1,False
41,14,36,1,False
41,14,65,1,False
41,14,70,1,True
41,14,115,1,False
41,14,128,1,True
41,14,175,1,False
41,14,226,1,False
41,14,8,2,False
41,14,28,2,True
41,14,36,2,True
41,14,65,2,False
41,14,70,2,True
41,14,115,2,False
41,14,128,2,False
41,14,175,2,False
41,14,226,2,True
41,14,8,3,False
41,14,28,3,False
41,14,36,3,False
41,14,65,3,False
41,14,70,3,True
41,14,115,3,True
41,14,128,3,True
41,14,175,3,True
41,14,226,3,False
41,14,8,4,False
41,14,28,4,True
41,14,36,4,False
41,14,65,4,False
41,14,70,4,True
41,14,115,4,False
41,14,128,4,False
41,14,175,4,False
41,14,226,4,True
41,14,8,5,True
41,14,28,5,True
41,14,36,5,False
41,14,65,5,False
41,14,70,5,False
41,14,115,5,True
41,14,128,5,False
41,14,175,5,True
41,14,226,5,False
42,12,121,1,True
42,12,136,1,False
42,12,243,1,False
42,12,121,2,True
42,12,136,2,False
42,12,243,2,False
42,12,121,3,True
42,12,136,3,False
42,12,243,3,False
42,12,121,4,False
42,12,136,4,False
42,12,243,4,False
42,14,8,1,True
42,14,28,1,False
42,14,36,1,False
42,14,65,1,True
42,14,70,1,True
42,14,115,1,True
42,14,128,1,True
42,14,175,1,False
42,14,226,1,False
42,14,8,2,False
42,14,28,2,True
42,14,36,2,True
42,14,65,2,False
42,14,70,2,True
42,14,115,2,False
42,14,128,2,False
42,14,175,2,False
42,14,226,2,True
42,14,8,3,False
42,14,28,3,False
42,14,36,3,False
42,14,65,3,True
42,14,70,3,True
42,14,115,3,True
42,14,128,3,True
42,14,175,3,False
42,14,226,3,False
42,14,8,4,False
42,14,28,4,True
42,14,36,4,False
42,14,65,4,False
42,14,70,4,False
42,14,115,4,False
42,14,128,4,False
42,14,175,4,True
42,14,226,4,True
42,14,8,5,False
42,14,28,5,False
42,14,36,5,False
42,14,65,5,False
42,14,70,5,False
42,14,115,5,False
42,14,128,5,False
42,14,175,5,False
42,14,226,5,False
42,15,179,1,False
42,15,249,1,False
42,15,179,2,False
42,15,249,2,False
42,15,179,3,False
42,15,249,3,False
42,15,179,4,False
42,15,249,4,True
42,15,179,5,False
42,15,249,5,False
43,13,180,1,False
43,13,189,1,False
43,13,180,2,False
43,13,189,2,False
43,13,180,4,False
43,13,189,4,False
43,14,8,1,True
43,14,28,1,False
43,14,36,1,False
43,14,65,1,True
43,14,70,1,True
43,14,115,1,False
43,14,128,1,True
43,14,175,1,False
43,14,226,1,False
43,14,8,2,False
43,14,28,2,True
43,14,36,2,True
43,14,65,2,True
43,14,70,2,True
43,14,115,2,False
43,14,128,2,True
43,14,175,2,False
43,14,226,2,True
43,14,8,3,False
43,14,28,3,True
43,14,36,3,True
43,14,65,3,True
43,14,70,3,True
43,14,115,3,True
43,14,128,3,True
43,14,175,3,True
43,14,226,3,False
43,14,8,4,False
43,14,28,4,True
43,14,36,4,True
43,14,65,4,True
43,14,70,4,True
43,14,115,4,False
43,14,128,4,False
43,14,175,4,True
43,14,226,4,True
43,14,8,5,False
43,14,28,5,False
43,14,36,5,False
43,14,65,5,True
43,14,70,5,True
43,14,115,5,True
43,14,128,5,True
43,14,175,5,True
43,14,226,5,False
44,12,121,2,False
44,12,136,2,False
44,12,243,2,False
44,14,8,1,True
44,14,28,1,False
44,14,36,1,False
44,14,65,1,True
44,14,70,1,True
44,14,115,1,True
44,14,128,1,True
44,14,175,1,False
44,14,226,1,False
44,14,8,2,False
44,14,28,2,True
44,14,36,2,True
44,14,65,2,True
44,14,70,2,True
44,14,115,2,False
44,14,128,2,False
44,14,175,2,False
44,14,226,2,True
44,14,8,3,False
44,14,28,3,False
44,14,36,3,False
44,14,65,3,True
44,14,70,3,True
44,14,115,3,False
44,14,128,3,True
44,14,175,3,False
44,14,226,3,False
44,14,8,4,False
44,14,28,4,True
44,14,36,4,True
44,14,65,4,True
44,14,70,4,True
44,14,115,4,False
44,14,128,4,True
44,14,175,4,True
44,14,226,4,True
44,14,8,5,False
44,14,28,5,False
44,14,36,5,True
44,14,65,5,True
44,14,70,5,True
44,14,115,5,True
44,14,128,5,False
44,14,175,5,True
44,14,226,5,False
45,12,121,1,False
45,12,136,1,False
45,12,243,1,True
45,12,121,2,False
45,12,136,2,False
45,12,243,2,False
45,12,121,3,True
45,12,136,3,False
45,12,243,3,True
45,12,121,4,False
45,12,136,4,False
45,12,243,4,True
45,13,180,1,False
45,13,189,1,False
45,13,180,2,False
45,13,189,2,False
45,13,180,4,False
45,13,189,4,False
45,14,8,1,True
45,14,28,1,False
45,14,36,1,False
45,14,65,1,True
45,14,70,1,True
45,14,115,1,True
45,14,128,1,False
45,14,175,1,False
45,14,226,1,False
45,14,8,2,False
45,14,28,2,True
45,14,36,2,True
45,14,65,2,False
45,14,70,2,True
45,14,115,2,False
45,14,128,2,False
45,14,175,2,False
45,14,226,2,True
45,14,8,3,True
45,14,28,3,False
45,14,36,3,False
45,14,65,3,True
45,14,70,3,True
45,14,115,3,False
45,14,128,3,False
45,14,175,3,False
45,14,226,3,False
45,14,8,4,False
45,14,28,4,False
45,14,36,4,False
45,14,65,4,False
45,14,70,4,False
45,14,115,4,False
45,14,128,4,False
45,14,175,4,False
45,14,226,4,False
45,14,8,5,False
45,14,28,5,True
45,14,36,5,True
45,14,65,5,True
45,14,70,5,True
45,14,115,5,False
45,14,128,5,False
45,14,175,5,False
45,14,226,5,False
46,12,121,1,False
46,12,136,1,False
46,12,243,1,False
46,12,121,2,False
46,12,136,2,False
46,12,243,2,False
46,12,121,3,False
46,12,136,3,False
46,12,243,3,False
46,12,121,4,False
46,12,136,4,False
46,12,243,4,False
46,13,180,1,False
46,13,189,1,False
46,13,180,2,False
46,13,189,2,False
46,13,180,4,False
46,13,189,4,False
46,14,8,1,True
46,14,28,1,False
46,14,36,1,True
46,14,65,1,True
46,14,70,1,True
46,14,115,1,True
46,14,128,1,True
46,14,175,1,False
46,14,226,1,False
46,14,8,2,False
46,14,28,2,True
46,14,36,2,True
46,14,65,2,True
46,14,70,2,True
46,14,115,2,False
46,14,128,2,False
46,14,175,2,True
46,14,226,2,True
46,14,8,3,False
46,14,28,3,True
46,14,36,3,True
46,14,65,3,True
46,14,70,3,True
46,14,115,3,False
46,14,128,3,True
46,14,175,3,False
46,14,226,3,True
46,14,8,4,False
46,14,28,4,False
46,14,36,4,True
46,14,65,4,False
46,14,70,4,False
46,14,115,4,False
46,14,128,4,False
46,14,175,4,True
46,14,226,4,False
46,14,8,5,False
46,14,28,5,False
46,14,36,5,False
46,14,65,5,True
46,14,70,5,True
46,14,115,5,True
46,14,128,5,True
46,14,175,5,False
46,14,226,5,False
47,12,121,1,False
47,12,136,1,False
47,12,243,1,False
47,12,121,2,False
47,12,136,2,False
47,12,243,2,False
47,12,121,3,False
47,12,136,3,False
47,12,243,3,False
47,12,121,4,False
47,12,136,4,False
47,12,243,4,False
47,13,180,1,False
47,13,189,1,False
47,13,180,2,False
47,13,189,2,False
47,13,180,3,False
47,13,189,3,False
47,13,180,4,False
47,13,189,4,True
47,14,8,1,True
47,14,28,1,False
47,14,36,1,False
47,14,65,1,True
47,14,70,1,False
47,14,115,1,False
47,14,128,1,True
47,14,175,1,False
47,14,226,1,False
47,14,8,2,False
47,14,28,2,True
47,14,36,2,True
47,14,65,2,True
47,14,70,2,False
47,14,115,2,False
47,14,128,2,False
47,14,175,2,False
47,14,226,2,False
47,14,8,3,True
47,14,28,3,False
47,14,36,3,False
47,14,65,3,True
47,14,70,3,True
47,14,115,3,True
47,14,128,3,True
47,14,175,3,False
47,14,226,3,True
47,14,8,4,False
47,14,28,4,False
47,14,36,4,False
47,14,65,4,False
47,14,70,4,True
47,14,115,4,True
47,14,128,4,False
47,14,175,4,False
47,14,226,4,False
47,14,8,5,False
47,14,28,5,False
47,14,36,5,False
47,14,65,5,True
47,14,70,5,False
47,14,115,5,True
47,14,128,5,True
47,14,175,5,True
47,14,226,5,True
48,12,121,1,False
48,12,136,1,False
48,12,243,1,False
48,12,121,2,False
48,12,136,2,False
48,12,243,2,False
48,12,121,3,False
48,12,136,3,False
48,12,243,3,False
48,12,121,4,False
48,12,136,4,False
48,12,243,4,False
48,13,180,1,False
48,13,189,1,False
48,13,180,2,False
48,13,189,2,False
48,13,180,3,False
48,13,189,3,False
48,13,180,4,False
48,13,189,4,False
48,14,8,1,True
48,14,28,1,False
48,14,36,1,False
48,14,65,1,True
48,14,70,1,True
48,14,115,1,False
48,14,128,1,True
48,14,175,1,False
48,14,226,1,False
48,14,8,2,False
48,14,28,2,True
48,14,36,2,True
48,14,65,2,False
48,14,70,2,True
48,14,115,2,False
48,14,128,2,False
48,14,175,2,False
48,14,226,2,True
48,14,8,3,False
48,14,28,3,False
48,14,36,3,False
48,14,65,3,True
48,14,70,3,True
48,14,115,3,False
48,14,128,3,True
48,14,175,3,False
48,14,226,3,False
48,14,8,4,False
48,14,28,4,False
48,14,36,4,True
48,14,65,4,False
48,14,70,4,True
48,14,115,4,False
48,14,128,4,True
48,14,175,4,True
48,14,226,4,False
48,14,8,5,False
48,14,28,5,False
48,14,36,5,False
48,14,65,5,False
48,14,70,5,True
48,14,115,5,False
48,14,128,5,True
48,14,175,5,True
48,14,226,5,False
48,16,7,1,False
48,16,93,1,False
48,16,244,1,False
48,16,7,2,False
48,16,93,2,False
48,16,244,2,False
48,16,7,5,True
48,16,93,5,False
48,16,244,5,False
49,12,121,1,True
49,12,136,1,False
49,12,243,1,False
49,12,121,2,True
49,12,136,2,False
49,12,243,2,False
49,12,121,3,True
49,12,136,3,False
49,12,243,3,False
49,12,121,4,False
49,12,136,4,False
49,12,243,4,False
49,14,8,5,False
49,14,28,5,False
49,14,36,5,False
49,14,65,5,False
49,14,70,5,False
49,14,115,5,False
49,14,128,5,False
49,14,175,5,False
49,14,226,5,False
50,12,121,1,False
50,12,136,1,False
50,12,243,1,False
50,12,121,2,False
50,12,136,2,False
50,12,243,2,False
50,12,121,3,False
50,12,136,3,False
50,12,243,3,False
50,12,121,4,False
50,12,136,4,False
50,12,243,4,False
50,14,8,1,True
50,14,28,1,False
50,14,36,1,False
50,14,65,1,True
50,14,70,1,True
50,14,115,1,True
50,14,128,1,True
50,14,175,1,False
50,14,226,1,False
50,14,8,2,False
50,14,28,2,True
50,14,36,2,True
50,14,65,2,False
50,14,70,2,True
50,14,115,2,False
50,14,128,2,False
50,14,175,2,False
50,14,226,2,True
50,14,8,3,False
50,14,28,3,False
50,14,36,3,True
50,14,65,3,True
50,14,70,3,True
50,14,115,3,True
50,14,128,3,True
50,14,175,3,True
50,14,226,3,False
50,14,8,4,False
50,14,28,4,True
50,14,36,4,True
50,14,65,4,True
50,14,70,4,True
50,14,115,4,False
50,14,128,4,True
50,14,175,4,True
50,14,226,4,True
50,14,8,5,False
50,14,28,5,False
50,14,36,5,True
50,14,65,5,True
50,14,70,5,True
50,14,115,5,False
50,14,128,5,True
50,14,175,5,False
50,14,226,5,False
51,12,121,1,False
51,12,136,1,False
51,12,243,1,False
51,12,121,2,False
51,12,136,2,False
51,12,243,2,False
51,12,121,3,False
51,12,136,3,False
51,12,243,3,False
51,12,121,4,False
51,12,136,4,False
51,12,243,4,False
51,13,180,1,False
51,13,189,1,True
51,13,180,2,False
51,13,189,2,True
51,13,180,3,False
51,13,189,3,True
51,13,180,4,False
51,13,189,4,True
51,14,8,1,True
51,14,28,1,False
51,14,36,1,False
51,14,65,1,False
51,14,70,1,False
51,14,115,1,False
51,14,128,1,True
51,14,175,1,False
51,14,226,1,False
51,14,8,2,False
51,14,28,2,True
51,14,36,2,True
51,14,65,2,False
51,14,70,2,False
51,14,115,2,False
51,14,128,2,False
51,14,175,2,False
51,14,226,2,False
51,14,8,3,True
51,14,28,3,False
51,14,36,3,False
51,14,65,3,False
51,14,70,3,True
51,14,115,3,True
51,14,128,3,False
51,14,175,3,False
51,14,226,3,False
51,14,8,4,False
51,14,28,4,False
51,14,36,4,True
51,14,65,4,False
51,14,70,4,False
51,14,115,4,False
51,14,128,4,False
51,14,175,4,True
51,14,226,4,True
51,14,8,5,True
51,14,28,5,False
51,14,36,5,True
51,14,65,5,False
51,14,70,5,False
51,14,115,5,False
51,14,128,5,False
51,14,175,5,True
51,14,226,5,False
52,13,180,1,False
52,13,189,1,False
52,13,180,2,False
52,13,189,2,False
52,13,180,3,False
52,13,189,3,False
52,13,180,4,False
52,13,189,4,False
52,14,8,1,False
52,14,28,1,False
52,14,36,1,False
52,14,65,1,False
52,14,70,1,False
52,14,115,1,False
52,14,128,1,True
52,14,175,1,False
52,14,226,1,False
52,14,8,2,False
52,14,28,2,True
52,14,36,2,False
52,14,65,2,False
52,14,70,2,False
52,14,115,2,False
52,14,128,2,False
52,14,175,2,False
52,14,226,2,False
52,14,8,3,False
52,14,28,3,False
52,14,36,3,False
52,14,65,3,False
52,14,70,3,False
52,14,115,3,False
52,14,128,3,False
52,14,175,3,False
52,14,226,3,False
52,14,8,4,False
52,14,28,4,False
52,14,36,4,False
52,14,65,4,False
52,14,70,4,True
52,14,115,4,False
52,14,128,4,False
52,14,175,4,False
52,14,226,4,False
52,14,8,5,False
52,14,28,5,False
52,14,36,5,False
52,14,65,5,False
52,14,70,5,False
52,14,115,5,True
52,14,128,5,False
52,14,175,5,True
52,14,226,5,False
53,12,121,1,False
53,12,136,1,False
53,12,243,1,False
53,12,121,2,False
53,12,136,2,False
53,12,243,2,False
53,12,121,3,False
53,12,136,3,False
53,12,243,3,False
53,14,8,1,True
53,14,28,1,False
53,14,36,1,False
53,14,65,1,True
53,14,70,1,False
53,14,115,1,False
53,14,128,1,True
53,14,175,1,False
53,14,226,1,False
53,14,8,2,False
53,14,28,2,True
53,14,36,2,True
53,14,65,2,True
53,14,70,2,True
53,14,115,2,False
53,14,128,2,False
53,14,175,2,False
53,14,226,2,True
53,14,8,3,False
53,14,28,3,True
53,14,36,3,False
53,14,65,3,True
53,14,70,3,True
53,14,115,3,True
53,14,128,3,False
53,14,175,3,False
53,14,226,3,False
53,14,8,4,False
53,14,28,4,True
53,14,36,4,False
53,14,65,4,True
53,14,70,4,False
53,14,115,4,False
53,14,128,4,False
53,14,175,4,False
53,14,226,4,False
53,14,8,5,False
53,14,28,5,False
53,14,36,5,False
53,14,65,5,True
53,14,70,5,True
53,14,115,5,False
53,14,128,5,False
53,14,175,5,True
53,14,226,5,False
54,12,121,1,False
54,12,136,1,False
54,12,243,1,False
54,12,121,2,False
54,12,136,2,False
54,12,243,2,False
54,12,121,3,False
54,12,136,3,False
54,12,243,3,False
54,12,121,4,False
54,12,136,4,False
54,12,243,4,False
54,13,180,1,False
54,13,189,1,False
54,13,180,2,False
54,13,189,2,False
54,13,180,3,False
54,13,189,3,False
54,13,180,4,False
54,13,189,4,True
54,14,8,1,False
54,14,28,1,False
54,14,36,1,False
54,14,65,1,False
54,14,70,1,False
54,14,115,1,False
54,14,128,1,True
54,14,175,1,False
54,14,226,1,False
54,14,8,2,False
54,14,28,2,False
54,14,36,2,False
54,14,65,2,False
54,14,70,2,False
54,14,115,2,False
54,14,128,2,False
54,14,175,2,False
54,14,226,2,True
54,14,8,3,False
54,14,28,3,False
54,14,36,3,False
54,14,65,3,True
54,14,70,3,True
54,14,115,3,False
54,14,128,3,False
54,14,175,3,False
54,14,226,3,False
54,14,8,4,False
54,14,28,4,False
54,14,36,4,False
54,14,65,4,True
54,14,70,4,False
54,14,115,4,False
54,14,128,4,False
54,14,175,4,False
54,14,226,4,False
54,14,8,5,False
54,14,28,5,False
54,14,36,5,False
54,14,65,5,False
54,14,70,5,False
54,14,115,5,False
54,14,128,5,True
54,14,175,5,True
54,14,226,5,False
55,14,8,1,False
55,14,28,1,False
55,14,36,1,True
55,14,65,1,True
55,14,70,1,True
55,14,115,1,False
55,14,128,1,False
55,14,175,1,False
55,14,226,1,False
55,14,8,2,False
55,14,28,2,False
55,14,36,2,True
55,14,65,2,True
55,14,70,2,True
55,14,115,2,False
55,14,128,2,False
55,14,175,2,False
55,14,226,2,False
55,14,8,3,False
55,14,28,3,False
55,14,36,3,True
55,14,65,3,True
55,14,70,3,True
55,14,115,3,False
55,14,128,3,False
55,14,175,3,False
55,14,226,3,False
55,14,8,4,False
55,14,28,4,False
55,14,36,4,True
55,14,65,4,True
55,14,70,4,False
55,14,115,4,False
55,14,128,4,False
55,14,175,4,False
55,14,226,4,False
55,14,8,5,False
55,14,28,5,False
55,14,36,5,False
55,14,65,5,True
55,14,70,5,True
55,14,115,5,False
55,14,128,5,False
55,14,175,5,True
55,14,226,5,False
55,16,7,1,False
55,16,93,1,False
55,16,244,1,False
55,16,7,5,False
55,16,93,5,False
55,16,244,5,False
56,12,121,1,False
56,12,136,1,False
56,12,243,1,False
56,12,121,2,False
56,12,136,2,False
56,12,243,2,False
56,12,121,3,False
56,12,136,3,False
56,12,243,3,False
56,12,121,4,False
56,12,136,4,False
56,12,243,4,False
56,13,180,1,False
56,13,189,1,False
56,13,180,2,False
56,13,189,2,False
56,13,180,3,False
56,13,189,3,True
56,13,180,4,False
56,13,189,4,False
56,14,8,1,True
56,14,28,1,False
56,14,36,1,False
56,14,65,1,True
56,14,70,1,True
56,14,115,1,True
56,14,128,1,True
56,14,175,1,True
56,14,226,1,False
56,14,8,2,False
56,14,28,2,True
56,14,36,2,True
56,14,65,2,False
56,14,70,2,True
56,14,115,2,False
56,14,128,2,False
56,14,175,2,False
56,14,226,2,True
56,14,8,3,False
56,14,28,3,False
56,14,36,3,False
56,14,65,3,False
56,14,70,3,True
56,14,115,3,True
56,14,128,3,True
56,14,175,3,False
56,14,226,3,False
56,14,8,4,False
56,14,28,4,False
56,14,36,4,False
56,14,65,4,False
56,14,70,4,True
56,14,115,4,True
56,14,128,4,False
56,14,175,4,False
56,14,226,4,False
56,14,8,5,False
56,14,28,5,True
56,14,36,5,True
56,14,65,5,False
56,14,70,5,True
56,14,115,5,False
56,14,128,5,True
56,14,175,5,True
56,14,226,5,True
57,12,121,1,True
57,12,136,1,False
57,12,243,1,False
57,12,121,2,False
57,12,136,2,False
57,12,243,2,False
57,12,121,3,False
57,12,136,3,False
57,12,243,3,False
57,12,121,4,False
57,12,136,4,False
57,12,243,4,False
57,13,180,1,False
57,13,189,1,True
57,13,180,2,False
57,13,189,2,False
57,13,180,3,False
57,13,189,3,False
57,13,180,4,False
57,13,189,4,False
57,14,8,1,True
57,14,28,1,False
57,14,36,1,False
57,14,65,1,False
57,14,70,1,True
57,14,115,1,True
57,14,128,1,True
57,14,175,1,False
57,14,226,1,False
57,14,8,2,False
57,14,28,2,True
57,14,36,2,True
57,14,65,2,False
57,14,70,2,True
57,14,115,2,False
57,14,128,2,False
57,14,175,2,False
57,14,226,2,True
57,14,8,3,False
57,14,28,3,False
57,14,36,3,False
57,14,65,3,True
57,14,70,3,True
57,14,115,3,False
57,14,128,3,True
57,14,175,3,False
57,14,226,3,False
57,14,8,4,False
57,14,28,4,False
57,14,36,4,False
57,14,65,4,False
57,14,70,4,True
57,14,115,4,False
57,14,128,4,False
57,14,175,4,False
57,14,226,4,False
57,14,8,5,False
57,14,28,5,True
57,14,36,5,True
57,14,65,5,False
57,14,70,5,True
57,14,115,5,False
57,14,128,5,True
57,14,175,5,False
57,14,226,5,True
58,13,180,1,False
58,13,189,1,False
58,13,180,2,False
58,13,189,2,False
58,13,180,3,False
58,13,189,3,False
58,13,180,4,False
58,13,189,4,False
58,14,8,1,True
58,14,28,1,False
58,14,36,1,True
58,14,65,1,True
58,14,70,1,True
58,14,115,1,True
58,14,128,1,True
58,14,175,1,False
58,14,226,1,False
58,14,8,2,False
58,14,28,2,True
58,14,36,2,True
58,14,65,2,True
58,14,70,2,True
58,14,115,2,False
58,14,128,2,True
58,14,175,2,False
58,14,226,2,False
58,14,8,3,False
58,14,28,3,True
58,14,36,3,True
58,14,65,3,True
58,14,70,3,True
58,14,115,3,False
58,14,128,3,True
58,14,175,3,True
58,14,226,3,True
58,14,8,4,True
58,14,28,4,True
58,14,36,4,True
58,14,65,4,True
58,14,70,4,True
58,14,115,4,True
58,14,128,4,True
58,14,175,4,False
58,14,226,4,True
58,14,8,5,False
58,14,28,5,True
58,14,36,5,True
58,14,65,5,True
58,14,70,5,False
58,14,115,5,False
58,14,128,5,False
58,14,175,5,True
58,14,226,5,False
59,12,121,1,True
59,12,136,1,True
59,12,243,1,False
59,12,121,2,True
59,12,136,2,False
59,12,243,2,False
59,12,121,3,True
59,12,136,3,True
59,12,243,3,False
59,12,121,4,False
59,12,136,4,True
59,12,243,4,True
59,13,180,1,False
59,13,189,1,False
59,13,180,2,False
59,13,189,2,True
59,13,180,3,False
59,13,189,3,False
59,13,180,4,False
59,13,189,4,False
59,14,8,1,False
59,14,28,1,False
59,14,36,1,False
59,14,65,1,False
59,14,70,1,False
59,14,115,1,False
59,14,128,1,False
59,14,175,1,False
59,14,226,1,False
59,14,8,2,False
59,14,28,2,False
59,14,36,2,False
59,14,65,2,False
59,14,70,2,False
59,14,115,2,False
59,14,128,2,False
59,14,175,2,False
59,14,226,2,False
59,14,8,3,False
59,14,28,3,False
59,14,36,3,False
59,14,65,3,False
59,14,70,3,False
59,14,115,3,False
59,14,128,3,False
59,14,175,3,False
59,14,226,3,False
59,14,8,5,False
59,14,28,5,False
59,14,36,5,False
59,14,65,5,False
59,14,70,5,False
59,14,115,5,False
59,14,128,5,False
59,14,175,5,False
59,14,226,5,False
60,12,121,1,False
60,12,136,1,False
60,12,243,1,False
60,12,121,2,False
60,12,136,2,False
60,12,243,2,False
60,12,121,3,False
60,12,136,3,False
60,12,243,3,False
60,12,121,4,False
60,12,136,4,False
60,12,243,4,False
60,13,180,1,False
60,13,189,1,False
60,13,180,2,False
60,13,189,2,False
60,13,180,3,False
60,13,189,3,False
60,13,180,4,False
60,13,189,4,False
60,14,8,1,True
60,14,28,1,False
60,14,36,1,False
60,14,65,1,True
60,14,70,1,True
60,14,115,1,False
60,14,128,1,True
60,14,175,1,False
60,14,226,1,False
60,14,8,2,False
60,14,28,2,True
60,14,36,2,True
60,14,65,2,True
60,14,70,2,True
60,14,115,2,False
60,14,128,2,False
60,14,175,2,False
60,14,226,2,True
60,14,8,3,True
60,14,28,3,True
60,14,36,3,True
60,14,65,3,True
60,14,70,3,True
60,14,115,3,False
60,14,128,3,True
60,14,175,3,False
60,14,226,3,False
60,14,8,4,False
60,14,28,4,True
60,14,36,4,True
60,14,65,4,True
60,14,70,4,True
60,14,115,4,False
60,14,128,4,True
60,14,175,4,False
60,14,226,4,False
60,14,8,5,False
60,14,28,5,False
60,14,36,5,True
60,14,65,5,True
60,14,70,5,True
60,14,115,5,True
60,14,128,5,True
60,14,175,5,True
60,14,226,5,False
61,12,121,1,True
61,12,136,1,True
61,12,243,1,False
61,12,121,2,True
61,12,136,2,True
61,12,243,2,False
61,12,121,4,False
61,12,136,4,False
61,12,243,4,True
61,13,180,1,False
61,13,189,1,False
61,13,180,2,False
61,13,189,2,True
61,13,180,3,False
61,13,189,3,False
61,13,180,4,False
61,13,189,4,False
61,14,8,1,True
61,14,28,1,False
61,14,36,1,False
61,14,65,1,True
61,14,70,1,False
61,14,115,1,True
61,14,128,1,False
61,14,175,1,False
61,14,226,1,False
61,14,8,2,False
61,14,28,2,True
61,14,36,2,True
61,14,65,2,False
61,14,70,2,False
61,14,115,2,False
61,14,128,2,False
61,14,175,2,False
61,14,226,2,False
61,14,8,3,False
61,14,28,3,False
61,14,36,3,False
61,14,65,3,True
61,14,70,3,False
61,14,115,3,False
61,14,128,3,True
61,14,175,3,False
61,14,226,3,False
61,14,8,4,True
61,14,28,4,False
61,14,36,4,False
61,14,65,4,False
61,14,70,4,False
61,14,115,4,True
61,14,128,4,False
61,14,175,4,False
61,14,226,4,False
61,14,8,5,False
61,14,28,5,True
61,14,36,5,True
61,14,65,5,True
61,14,70,5,False
61,14,115,5,False
61,14,128,5,False
61,14,175,5,False
61,14,226,5,False
62,12,121,1,False
62,12,136,1,False
62,12,243,1,False
62,12,121,2,True
62,12,136,2,False
62,12,243,2,False
62,12,121,3,True
62,12,136,3,False
62,12,243,3,False
62,12,121,4,False
62,12,136,4,False
62,12,243,4,True
62,14,8,1,False
62,14,28,1,False
62,14,36,1,False
62,14,65,1,False
62,14,70,1,True
62,14,115,1,False
62,14,128,1,False
62,14,175,1,False
62,14,226,1,False
62,14,8,2,False
62,14,28,2,True
62,14,36,2,True
62,14,65,2,False
62,14,70,2,True
62,14,115,2,False
62,14,128,2,False
62,14,175,2,False
62,14,226,2,False
62,14,8,3,False
62,14,28,3,False
62,14,36,3,False
62,14,65,3,False
62,14,70,3,False
62,14,115,3,False
62,14,128,3,False
62,14,175,3,False
62,14,226,3,False
62,14,8,4,False
62,14,28,4,False
62,14,36,4,False
62,14,65,4,False
62,14,70,4,True
62,14,115,4,False
62,14,128,4,False
62,14,175,4,False
62,14,226,4,False
62,14,8,5,False
62,14,28,5,False
62,14,36,5,False
62,14,65,5,False
62,14,70,5,True
62,14,115,5,False
62,14,128,5,False
62,14,175,5,False
62,14,226,5,False
63,12,121,1,True
63,12,136,1,True
63,12,243,1,True
63,12,121,2,True
63,12,136,2,False
63,12,243,2,False
63,12,121,3,True
63,12,136,3,False
63,12,243,3,False
63,12,121,4,False
63,12,136,4,True
63,12,243,4,True
63,12,121,5,False
63,12,136,5,False
63,12,243,5,False
63,14,8,1,True
63,14,28,1,False
63,14,36,1,False
63,14,65,1,True
63,14,70,1,True
63,14,115,1,False
63,14,128,1,True
63,14,175,1,False
63,14,226,1,False
63,14,8,2,False
63,14,28,2,True
63,14,36,2,True
63,14,65,2,False
63,14,70,2,True
63,14,115,2,False
63,14,128,2,False
63,14,175,2,False
63,14,226,2,False
63,14,8,3,False
63,14,28,3,False
63,14,36,3,False
63,14,65,3,False
63,14,70,3,True
63,14,115,3,True
63,14,128,3,False
63,14,175,3,False
63,14,226,3,False
63,14,8,4,False
63,14,28,4,False
63,14,36,4,False
63,14,65,4,True
63,14,70,4,False
63,14,115,4,False
63,14,128,4,True
63,14,175,4,False
63,14,226,4,False
63,14,8,5,False
63,14,28,5,False
63,14,36,5,False
63,14,65,5,True
63,14,70,5,True
63,14,115,5,False
63,14,128,5,True
63,14,175,5,True
63,14,226,5,False
64,13,180,1,False
64,13,189,1,False
64,13,180,2,False
64,13,189,2,False
64,13,180,3,False
64,13,189,3,False
64,13,180,4,False
64,13,189,4,False
64,14,8,1,True
64,14,28,1,False
64,14,36,1,True
64,14,65,1,True
64,14,70,1,True
64,14,115,1,True
64,14,128,1,True
64,14,175,1,False
64,14,226,1,False
64,14,8,2,False
64,14,28,2,True
64,14,36,2,True
64,14,65,2,False
64,14,70,2,True
64,14,115,2,False
64,14,128,2,False
64,14,175,2,False
64,14,226,2,True
64,14,8,3,False
64,14,28,3,True
64,14,36,3,True
64,14,65,3,False
64,14,70,3,True
64,14,115,3,True
64,14,128,3,True
64,14,175,3,True
64,14,226,3,True
64,14,8,4,False
64,14,28,4,False
64,14,36,4,True
64,14,65,4,False
64,14,70,4,False
64,14,115,4,True
64,14,128,4,False
64,14,175,4,False
64,14,226,4,True
64,14,8,5,False
64,14,28,5,False
64,14,36,5,True
64,14,65,5,False
64,14,70,5,False
64,14,115,5,True
64,14,128,5,True
64,14,175,5,False
64,14,226,5,False
64,15,179,1,False
64,15,249,1,False
64,15,179,3,False
64,15,249,3,False
64,15,179,4,False
64,15,249,4,False
64,15,179,5,False
64,15,249,5,False
64,16,7,1,False
64,16,93,1,False
64,16,244,1,False
64,16,7,2,False
64,16,93,2,False
64,16,244,2,False
64,16,7,3,False
64,16,93,3,False
64,16,244,3,False
64,16,7,4,True
64,16,93,4,False
64,16,244,4,False
64,16,7,5,False
64,16,93,5,False
64,16,244,5,False
65,12,121,1,True
65,12,136,1,True
65,12,243,1,False
65,12,121,2,True
65,12,136,2,True
65,12,243,2,False
65,12,121,3,True
65,12,136,3,False
65,12,243,3,False
65,12,121,4,False
65,12,136,4,False
65,12,243,4,True
65,13,180,1,False
65,13,189,1,False
65,13,180,2,False
65,13,189,2,False
65,13,180,3,False
65,13,189,3,False
65,13,180,4,False
65,13,189,4,False
65,14,8,1,False
65,14,28,1,False
65,14,36,1,False
65,14,65,1,False
65,14,70,1,False
65,14,115,1,False
65,14,128,1,False
65,14,175,1,False
65,14,226,1,False
65,14,8,3,False
65,14,28,3,False
65,14,36,3,False
65,14,65,3,False
65,14,70,3,False
65,14,115,3,False
65,14,128,3,False
65,14,175,3,False
65,14,226,3,False
65,14,8,4,False
65,14,28,4,False
65,14,36,4,False
65,14,65,4,False
65,14,70,4,False
65,14,115,4,False
65,14,128,4,False
65,14,175,4,False
65,14,226,4,False
65,14,8,5,False
65,14,28,5,False
65,14,36,5,False
65,14,65,5,False
65,14,70,5,False
65,14,115,5,False
65,14,128,5,False
65,14,175,5,False
65,14,226,5,False
66,12,121,1,False
66,12,136,1,False
66,12,243,1,False
66,13,180,1,False
66,13,189,1,True
66,13,180,3,False
66,13,189,3,False
66,13,180,4,False
66,13,189,4,False
66,14,8,1,True
66,14,28,1,False
66,14,36,1,False
66,14,65,1,True
66,14,70,1,False
66,14,115,1,True
66,14,128,1,True
66,14,175,1,False
66,14,226,1,False
66,14,8,2,False
66,14,28,2,True
66,14,36,2,True
66,14,65,2,False
66,14,70,2,True
66,14,115,2,False
66,14,128,2,False
66,14,175,2,False
66,14,226,2,True
66,14,8,3,False
66,14,28,3,False
66,14,36,3,False
66,14,65,3,True
66,14,70,3,True
66,14,115,3,True
66,14,128,3,True
66,14,175,3,False
66,14,226,3,True
66,14,8,4,False
66,14,28,4,True
66,14,36,4,True
66,14,65,4,True
66,14,70,4,True
66,14,115,4,False
66,14,128,4,False
66,14,175,4,False
66,14,226,4,True
66,14,8,5,False
66,14,28,5,False
66,14,36,5,True
66,14,65,5,True
66,14,70,5,True
66,14,115,5,False
66,14,128,5,True
66,14,175,5,False
66,14,226,5,True
67,12,121,1,False
67,12,136,1,False
67,12,243,1,False
67,12,121,3,False
67,12,136,3,False
67,12,243,3,False
67,12,121,4,False
67,12,136,4,False
67,12,243,4,False
67,13,180,1,False
67,13,189,1,True
67,13,180,3,False
67,13,189,3,False
67,13,180,4,False
67,13,189,4,False
67,14,8,1,False
67,14,28,1,False
67,14,36,1,False
67,14,65,1,False
67,14,70,1,False
67,14,115,1,False
67,14,128,1,False
67,14,175,1,False
67,14,226,1,False
67,14,8,5,False
67,14,28,5,False
67,14,36,5,False
67,14,65,5,False
67,14,70,5,False
67,14,115,5,False
67,14,128,5,True
67,14,175,5,False
67,14,226,5,False
68,12,121,1,True
68,12,136,1,False
68,12,243,1,False
68,12,121,2,True
68,12,136,2,False
68,12,243,2,False
68,12,121,4,False
68,12,136,4,False
68,12,243,4,False
68,12,121,5,False
68,12,136,5,False
68,12,243,5,False
68,14,8,1,True
68,14,28,1,False
68,14,36,1,False
68,14,65,1,True
68,14,70,1,False
68,14,115,1,False
68,14,128,1,True
68,14,175,1,False
68,14,226,1,False
68,14,8,2,False
68,14,28,2,True
68,14,36,2,True
68,14,65,2,False
68,14,70,2,False
68,14,115,2,False
68,14,128,2,False
68,14,175,2,False
68,14,226,2,False
68,14,8,3,False
68,14,28,3,False
68,14,36,3,False
68,14,65,3,True
68,14,70,3,True
68,14,115,3,False
68,14,128,3,False
68,14,175,3,True
68,14,226,3,False
68,14,8,4,False
68,14,28,4,False
68,14,36,4,False
68,14,65,4,False
68,14,70,4,True
68,14,115,4,False
68,14,128,4,False
68,14,175,4,False
68,14,226,4,True
68,14,8,5,True
68,14,28,5,False
68,14,36,5,True
68,14,65,5,False
68,14,70,5,False
68,14,115,5,True
68,14,128,5,True
68,14,175,5,True
68,14,226,5,False
69,12,121,1,True
69,12,136,1,False
69,12,243,1,False
69,12,121,2,True
69,12,136,2,False
69,12,243,2,False
69,12,121,3,False
69,12,136,3,False
69,12,243,3,False
69,12,121,4,False
69,12,136,4,False
69,12,243,4,False
69,13,180,1,False
69,13,189,1,False
69,13,180,2,False
69,13,189,2,False
69,13,180,3,False
69,13,189,3,False
69,13,180,4,False
69,13,189,4,True
69,14,8,1,True
69,14,28,1,False
69,14,36,1,True
69,14,65,1,False
69,14,70,1,False
69,14,115,1,False
69,14,128,1,True
69,14,175,1,False
69,14,226,1,False
69,14,8,2,False
69,14,28,2,True
69,14,36,2,False
69,14,65,2,False
69,14,70,2,False
69,14,115,2,False
69,14,128,2,False
69,14,175,2,False
69,14,226,2,False
69,14,8,3,False
69,14,28,3,False
69,14,36,3,False
69,14,65,3,False
69,14,70,3,False
69,14,115,3,False
69,14,128,3,False
69,14,175,3,False
69,14,226,3,False
69,14,8,4,False
69,14,28,4,False
69,14,36,4,False
69,14,65,4,False
69,14,70,4,False
69,14,115,4,False
69,14,128,4,False
69,14,175,4,False
69,14,226,4,False
69,14,8,5,False
69,14,28,5,True
69,14,36,5,True
69,14,65,5,False
69,14,70,5,False
69,14,115,5,False
69,14,128,5,True
69,14,175,5,True
69,14,226,5,True
70,12,121,1,False
70,12,136,1,False
70,12,243,1,False
70,12,121,2,False
70,12,136,2,False
70,12,243,2,False
70,12,121,3,False
70,12,136,3,False
70,12,243,3,False
70,12,121,4,False
70,12,136,4,False
70,12,243,4,False
70,14,8,1,True
70,14,28,1,False
70,14,36,1,False
70,14,65,1,True
70,14,70,1,True
70,14,115,1,True
70,14,128,1,True
70,14,175,1,False
70,14,226,1,False
70,14,8,2,False
70,14,28,2,True
70,14,36,2,True
70,14,65,2,False
70,14,70,2,True
70,14,115,2,False
70,14,128,2,False
70,14,175,2,False
70,14,226,2,False
70,14,8,3,True
70,14,28,3,False
70,14,36,3,True
70,14,65,3,True
70,14,70,3,True
70,14,115,3,False
70,14,128,3,True
70,14,175,3,True
70,14,226,3,True
70,14,8,4,False
70,14,28,4,False
70,14,36,4,True
70,14,65,4,False
70,14,70,4,True
70,14,115,4,False
70,14,128,4,False
70,14,175,4,True
70,14,226,4,True
70,14,8,5,False
70,14,28,5,False
70,14,36,5,False
70,14,65,5,False
70,14,70,5,True
70,14,115,5,False
70,14,128,5,False
70,14,175,5,False
70,14,226,5,False
71,13,180,1,False
71,13,189,1,False
71,13,180,2,False
71,13,189,2,False
71,14,8,1,True
71,14,28,1,False
71,14,36,1,False
71,14,65,1,True
71,14,70,1,True
71,14,115,1,False
71,14,128,1,True
71,14,175,1,False
71,14,226,1,False
71,14,8,2,False
71,14,28,2,True
71,14,36,2,True
71,14,65,2,False
71,14,70,2,False
71,14,115,2,False
71,14,128,2,False
71,14,175,2,False
71,14,226,2,True
71,14,8,3,False
71,14,28,3,True
71,14,36,3,True
71,14,65,3,True
71,14,70,3,True
71,14,115,3,False
71,14,128,3,False
71,14,175,3,True
71,14,226,3,False
71,14,8,4,False
71,14,28,4,True
71,14,36,4,False
71,14,65,4,False
71,14,70,4,True
71,14,115,4,False
71,14,128,4,False
71,14,175,4,False
71,14,226,4,False
71,14,8,5,True
71,14,28,5,False
71,14,36,5,False
71,14,65,5,True
71,14,70,5,True
71,14,115,5,True
71,14,128,5,False
71,14,175,5,True
71,14,226,5,False
72,13,180,1,False
72,13,189,1,False
72,13,180,2,False
72,13,189,2,False
72,13,180,3,False
72,13,189,3,False
72,13,180,4,False
72,13,189,4,False
72,14,8,1,True
72,14,28,1,False
72,14,36,1,False
72,14,65,1,True
72,14,70,1,True
72,14,115,1,False
72,14,128,1,True
72,14,175,1,False
72,14,226,1,False
72,14,8,2,False
72,14,28,2,True
72,14,36,2,True
72,14,65,2,False
72,14,70,2,True
72,14,115,2,False
72,14,128,2,False
72,14,175,2,False
72,14,226,2,True
72,14,8,3,False
72,14,28,3,False
72,14,36,3,True
72,14,65,3,True
72,14,70,3,True
72,14,115,3,False
72,14,128,3,True
72,14,175,3,False
72,14,226,3,False
72,14,8,4,False
72,14,28,4,True
72,14,36,4,True
72,14,65,4,False
72,14,70,4,True
72,14,115,4,False
72,14,128,4,True
72,14,175,4,False
72,14,226,4,True
72,14,8,5,False
72,14,28,5,False
72,14,36,5,True
72,14,65,5,False
72,14,70,5,True
72,14,115,5,False
72,14,128,5,True
72,14,175,5,False
72,14,226,5,False
73,12,121,1,False
73,12,136,1,False
73,12,243,1,False
73,12,121,2,True
73,12,136,2,False
73,12,243,2,False
73,12,121,3,False
73,12,136,3,False
73,12,243,3,False
73,12,121,4,False
73,12,136,4,False
73,12,243,4,False
73,13,180,1,False
73,13,189,1,True
73,13,180,2,False
73,13,189,2,True
73,13,180,3,False
73,13,189,3,False
73,13,180,4,False
73,13,189,4,False
73,14,8,1,True
73,14,28,1,False
73,14,36,1,False
73,14,65,1,False
73,14,70,1,True
73,14,115,1,False
73,14,128,1,True
73,14,175,1,False
73,14,226,1,False
73,14,8,2,False
73,14,28,2,True
73,14,36,2,True
73,14,65,2,False
73,14,70,2,True
73,14,115,2,False
73,14,128,2,False
73,14,175,2,True
73,14,226,2,True
73,14,8,3,False
73,14,28,3,False
73,14,36,3,False
73,14,65,3,True
73,14,70,3,True
73,14,115,3,True
73,14,128,3,True
73,14,175,3,True
73,14,226,3,False
73,14,8,4,False
73,14,28,4,False
73,14,36,4,True
73,14,65,4,False
73,14,70,4,False
73,14,115,4,False
73,14,128,4,False
73,14,175,4,False
73,14,226,4,False
73,14,8,5,False
73,14,28,5,True
73,14,36,5,True
73,14,65,5,False
73,14,70,5,False
73,14,115,5,False
73,14,128,5,False
73,14,175,5,True
73,14,226,5,False
74,12,121,1,False
74,12,136,1,False
74,12,243,1,False
74,12,121,2,False
74,12,136,2,False
74,12,243,2,False
74,12,121,4,False
74,12,136,4,False
74,12,243,4,False
74,13,180,1,False
74,13,189,1,False
74,13,180,2,False
74,13,189,2,True
74,13,180,3,False
74,13,189,3,False
74,13,180,4,False
74,13,189,4,False
74,14,8,1,False
74,14,28,1,False
74,14,36,1,False
74,14,65,1,False
74,14,70,1,False
74,14,115,1,False
74,14,128,1,False
74,14,175,1,False
74,14,226,1,False
74,14,8,3,False
74,14,28,3,False
74,14,36,3,False
74,14,65,3,False
74,14,70,3,False
74,14,115,3,False
74,14,128,3,False
74,14,175,3,False
74,14,226,3,False
74,14,8,4,False
74,14,28,4,False
74,14,36,4,False
74,14,65,4,False
74,14,70,4,False
74,14,115,4,False
74,14,128,4,False
74,14,175,4,False
74,14,226,4,False
74,14,8,5,False
74,14,28,5,False
74,14,36,5,False
74,14,65,5,False
74,14,70,5,False
74,14,115,5,False
74,14,128,5,False
74,14,175,5,False
74,14,226,5,False
75,12,121,1,False
75,12,136,1,False
75,12,243,1,False
75,12,121,2,False
75,12,136,2,False
75,12,243,2,False
75,12,121,3,False
75,12,136,3,False
75,12,243,3,False
75,12,121,4,False
75,12,136,4,False
75,12,243,4,False
75,13,180,1,False
75,13,189,1,False
75,13,180,2,False
75,13,189,2,False
75,13,180,3,False
75,13,189,3,False
75,13,180,4,False
75,13,189,4,False
76,14,8,1,True
76,14,28,1,False
76,14,36,1,False
76,14,65,1,True
76,14,70,1,False
76,14,115,1,True
76,14,128,1,True
76,14,175,1,False
76,14,226,1,False
76,14,8,2,False
76,14,28,2,True
76,14,36,2,True
76,14,65,2,True
76,14,70,2,True
76,14,115,2,False
76,14,128,2,False
76,14,175,2,False
76,14,226,2,False
76,14,8,3,False
76,14,28,3,False
76,14,36,3,False
76,14,65,3,True
76,14,70,3,True
76,14,115,3,True
76,14,128,3,True
76,14,175,3,False
76,14,226,3,False
76,14,8,4,False
76,14,28,4,False
76,14,36,4,False
76,14,65,4,True
76,14,70,4,True
76,14,115,4,False
76,14,128,4,True
76,14,175,4,False
76,14,226,4,False
76,14,8,5,False
76,14,28,5,False
76,14,36,5,False
76,14,65,5,True
76,14,70,5,False
76,14,115,5,False
76,14,128,5,True
76,14,175,5,False
76,14,226,5,False
76,15,179,5,False
76,15,249,5,False
76,16,7,1,False
76,16,93,1,False
76,16,244,1,False
76,16,7,2,False
76,16,93,2,False
76,16,244,2,False
76,16,7,3,False
76,16,93,3,False
76,16,244,3,False
76,16,7,4,False
76,16,93,4,False
76,16,244,4,False
76,16,7,5,False
76,16,93,5,False
76,16,244,5,False
77,13,180,1,False
77,13,189,1,False
77,13,180,2,False
77,13,189,2,False
77,13,180,4,False
77,13,189,4,False
77,14,8,1,True
77,14,28,1,False
77,14,36,1,False
77,14,65,1,True
77,14,70,1,False
77,14,115,1,True
77,14,128,1,True
77,14,175,1,False
77,14,226,1,False
77,14,8,2,False
77,14,28,2,True
77,14,36,2,True
77,14,65,2,False
77,14,70,2,True
77,14,115,2,False
77,14,128,2,False
77,14,175,2,False
77,14,226,2,False
77,14,8,3,False
77,14,28,3,False
77,14,36,3,False
77,14,65,3,True
77,14,70,3,True
77,14,115,3,False
77,14,128,3,False
77,14,175,3,False
77,14,226,3,True
77,14,8,4,False
77,14,28,4,False
77,14,36,4,False
77,14,65,4,False
77,14,70,4,False
77,14,115,4,False
77,14,128,4,False
77,14,175,4,False
77,14,226,4,True
77,14,8,5,False
77,14,28,5,False
77,14,36,5,False
77,14,65,5,True
77,14,70,5,False
77,14,115,5,False
77,14,128,5,False
77,14,175,5,True
77,14,226,5,True
78,12,121,1,False
78,12,136,1,False
78,12,243,1,False
78,12,121,2,False
78,12,136,2,False
78,12,243,2,False
78,12,121,3,False
78,12,136,3,False
78,12,243,3,False
78,12,121,4,False
78,12,136,4,False
78,12,243,4,False
78,14,8,1,True
78,14,28,1,False
78,14,36,1,False
78,14,65,1,True
78,14,70,1,True
78,14,115,1,True
78,14,128,1,True
78,14,175,1,False
78,14,226,1,False
78,14,8,2,False
78,14,28,2,True
78,14,36,2,False
78,14,65,2,False
78,14,70,2,False
78,14,115,2,False
78,14,128,2,False
78,14,175,2,False
78,14,226,2,False
78,14,8,3,False
78,14,28,3,False
78,14,36,3,True
78,14,65,3,True
78,14,70,3,True
78,14,115,3,False
78,14,128,3,True
78,14,175,3,True
78,14,226,3,False
78,14,8,4,False
78,14,28,4,False
78,14,36,4,False
78,14,65,4,False
78,14,70,4,True
78,14,115,4,False
78,14,128,4,False
78,14,175,4,False
78,14,226,4,True
78,14,8,5,False
78,14,28,5,False
78,14,36,5,False
78,14,65,5,False
78,14,70,5,True
78,14,115,5,False
78,14,128,5,False
78,14,175,5,False
78,14,226,5,False
79,12,121,1,True
79,12,136,1,False
79,12,243,1,False
79,12,121,2,True
79,12,136,2,False
79,12,243,2,False
79,12,121,3,False
79,12,136,3,False
79,12,243,3,False
79,12,121,4,False
79,12,136,4,False
79,12,243,4,False
79,14,8,1,True
79,14,28,1,False
79,14,36,1,False
79,14,65,1,True
79,14,70,1,False
79,14,115,1,False
79,14,128,1,True
79,14,175,1,False
79,14,226,1,False
79,14,8,2,False
79,14,28,2,True
79,14,36,2,True
79,14,65,2,False
79,14,70,2,False
79,14,115,2,False
79,14,128,2,False
79,14,175,2,False
79,14,226,2,True
79,14,8,3,False
79,14,28,3,False
79,14,36,3,False
79,14,65,3,True
79,14,70,3,True
79,14,115,3,True
79,14,128,3,False
79,14,175,3,False
79,14,226,3,False
79,14,8,4,False
79,14,28,4,False
79,14,36,4,True
79,14,65,4,False
79,14,70,4,True
79,14,115,4,False
79,14,128,4,False
79,14,175,4,False
79,14,226,4,True
79,14,8,5,False
79,14,28,5,False
79,14,36,5,True
79,14,65,5,False
79,14,70,5,False
79,14,115,5,False
79,14,128,5,False
79,14,175,5,True
79,14,226,5,False
80,12,121,1,False
80,12,136,1,False
80,12,243,1,False
80,12,121,2,False
80,12,136,2,False
80,12,243,2,False
80,12,121,3,False
80,12,136,3,False
80,12,243,3,False
80,12,121,4,False
80,12,136,4,False
80,12,243,4,False
80,13,180,1,False
80,13,189,1,False
80,13,180,2,False
80,13,189,2,False
80,13,180,3,False
80,13,189,3,False
80,13,180,4,False
80,13,189,4,False
80,14,8,1,False
80,14,28,1,False
80,14,36,1,False
80,14,65,1,True
80,14,70,1,False
80,14,115,1,True
80,14,128,1,True
80,14,175,1,False
80,14,226,1,False
80,14,8,2,False
80,14,28,2,True
80,14,36,2,False
80,14,65,2,False
80,14,70,2,False
80,14,115,2,False
80,14,128,2,False
80,14,175,2,False
80,14,226,2,False
80,14,8,3,False
80,14,28,3,False
80,14,36,3,True
80,14,65,3,False
80,14,70,3,False
80,14,115,3,False
80,14,128,3,False
80,14,175,3,True
80,14,226,3,False
80,14,8,4,False
80,14,28,4,False
80,14,36,4,True
80,14,65,4,False
80,14,70,4,False
80,14,115,4,False
80,14,128,4,False
80,14,175,4,False
80,14,226,4,True
80,14,8,5,True
80,14,28,5,False
80,14,36,5,True
80,14,65,5,True
80,14,70,5,False
80,14,115,5,True
80,14,128,5,False
80,14,175,5,True
80,14,226,5,False
81,12,121,1,False
81,12,136,1,False
81,12,243,1,False
81,12,121,2,True
81,12,136,2,False
81,12,243,2,False
81,12,121,3,True
81,12,136,3,False
81,12,243,3,False
81,12,121,4,False
81,12,136,4,False
81,12,243,4,True
81,13,180,1,False
81,13,189,1,False
81,13,180,2,False
81,13,189,2,False
81,13,180,3,False
81,13,189,3,False
81,13,180,4,False
81,13,189,4,False
81,14,8,1,True
81,14,28,1,False
81,14,36,1,False
81,14,65,1,True
81,14,70,1,False
81,14,115,1,False
81,14,128,1,True
81,14,175,1,False
81,14,226,1,False
81,14,8,2,False
81,14,28,2,False
81,14,36,2,False
81,14,65,2,True
81,14,70,2,True
81,14,115,2,False
81,14,128,2,False
81,14,175,2,False
81,14,226,2,False
81,14,8,3,True
81,14,28,3,False
81,14,36,3,True
81,14,65,3,True
81,14,70,3,True
81,14,115,3,False
81,14,128,3,False
81,14,175,3,False
81,14,226,3,True
81,14,8,4,False
81,14,28,4,True
81,14,36,4,False
81,14,65,4,True
81,14,70,4,True
81,14,115,4,False
81,14,128,4,False
81,14,175,4,True
81,14,226,4,True
81,14,8,5,True
81,14,28,5,True
81,14,36,5,True
81,14,65,5,True
81,14,70,5,True
81,14,115,5,True
81,14,128,5,True
81,14,175,5,True
81,14,226,5,True
82,12,121,1,False
82,12,136,1,False
82,12,243,1,False
82,12,121,2,False
82,12,136,2,False
82,12,243,2,False
82,12,121,4,False
82,12,136,4,False
82,12,243,4,False
82,13,180,1,False
82,13,189,1,False
82,13,180,2,False
82,13,189,2,False
82,13,180,4,False
82,13,189,4,False
82,14,8,1,True
82,14,28,1,False
82,14,36,1,False
82,14,65,1,True
82,14,70,1,True
82,14,115,1,False
82,14,128,1,True
82,14,175,1,False
82,14,226,1,False
82,14,8,2,False
82,14,28,2,True
82,14,36,2,True
82,14,65,2,True
82,14,70,2,True
82,14,115,2,False
82,14,128,2,True
82,14,175,2,False
82,14,226,2,False
82,14,8,3,False
82,14,28,3,False
82,14,36,3,False
82,14,65,3,True
82,14,70,3,True
82,14,115,3,False
82,14,128,3,True
82,14,175,3,False
82,14,226,3,True
82,14,8,4,False
82,14,28,4,False
82,14,36,4,False
82,14,65,4,False
82,14,70,4,True
82,14,115,4,False
82,14,128,4,True
82,14,175,4,True
82,14,226,4,False
82,14,8,5,False
82,14,28,5,False
82,14,36,5,False
82,14,65,5,True
82,14,70,5,True
82,14,115,5,False
82,14,128,5,True
82,14,175,5,False
82,14,226,5,False
82,15,179,2,False
82,15,249,2,False
82,15,179,3,False
82,15,249,3,False
82,15,179,4,False
82,15,249,4,False
82,15,179,5,False
82,15,249,5,False
83,12,121,1,False
83,12,136,1,False
83,12,243,1,False
83,12,121,2,False
83,12,136,2,False
83,12,243,2,False
83,12,121,3,False
83,12,136,3,False
83,12,243,3,False
83,12,121,4,False
83,12,136,4,False
83,12,243,4,False
83,14,8,1,True
83,14,28,1,False
83,14,36,1,False
83,14,65,1,True
83,14,70,1,True
83,14,115,1,True
83,14,128,1,True
83,14,175,1,False
83,14,226,1,False
83,14,8,2,False
83,14,28,2,True
83,14,36,2,True
83,14,65,2,True
83,14,70,2,True
83,14,115,2,False
83,14,128,2,True
83,14,175,2,False
83,14,226,2,True
83,14,8,3,False
83,14,28,3,False
83,14,36,3,True
83,14,65,3,True
83,14,70,3,True
83,14,115,3,True
83,14,128,3,True
83,14,175,3,False
83,14,226,3,False
83,14,8,4,False
83,14,28,4,False
83,14,36,4,False
83,14,65,4,True
83,14,70,4,True
83,14,115,4,False
83,14,128,4,True
83,14,175,4,False
83,14,226,4,False
83,14,8,5,True
83,14,28,5,False
83,14,36,5,True
83,14,65,5,True
83,14,70,5,True
83,14,115,5,False
83,14,128,5,True
83,14,175,5,True
83,14,226,5,False
84,12,121,1,True
84,12,136,1,True
84,12,243,1,True
84,12,121,2,True
84,12,136,2,False
84,12,243,2,False
84,12,121,3,True
84,12,136,3,True
84,12,243,3,True
84,12,121,4,False
84,12,136,4,True
84,12,243,4,True
84,13,180,1,False
84,13,189,1,False
84,13,180,2,False
84,13,189,2,False
84,13,180,4,False
84,13,189,4,False
85,12,121,1,False
85,12,136,1,False
85,12,243,1,True
85,12,121,2,False
85,12,136,2,False
85,12,243,2,False
85,12,121,3,False
85,12,136,3,False
85,12,243,3,False
85,13,180,1,False
85,13,189,1,False
85,13,180,2,False
85,13,189,2,False
85,13,180,3,False
85,13,189,3,False
85,13,180,4,False
85,13,189,4,True
85,14,8,1,True
85,14,28,1,False
85,14,36,1,False
85,14,65,1,True
85,14,70,1,True
85,14,115,1,True
85,14,128,1,True
85,14,175,1,False
85,14,226,1,False
85,14,8,2,False
85,14,28,2,True
85,14,36,2,True
85,14,65,2,True
85,14,70,2,True
85,14,115,2,False
85,14,128,2,False
85,14,175,2,False
85,14,226,2,True
85,14,8,3,False
85,14,28,3,False
85,14,36,3,False
85,14,65,3,True
85,14,70,3,True
85,14,115,3,True
85,14,128,3,False
85,14,175,3,True
85,14,226,3,False
85,14,8,4,False
85,14,28,4,True
85,14,36,4,True
85,14,65,4,False
85,14,70,4,True
85,14,115,4,False
85,14,128,4,False
85,14,175,4,False
85,14,226,4,True
85,14,8,5,True
85,14,28,5,False
85,14,36,5,False
85,14,65,5,True
85,14,70,5,True
85,14,115,5,True
85,14,128,5,False
85,14,175,5,True
85,14,226,5,False
86,12,121,1,False
86,12,136,1,True
86,12,243,1,False
86,12,121,2,True
86,12,136,2,True
86,12,243,2,False
86,12,121,3,False
86,12,136,3,True
86,12,243,3,False
86,12,121,4,False
86,12,136,4,False
86,12,243,4,True
86,13,180,1,False
86,13,189,1,False
86,13,180,2,False
86,13,189,2,False
86,13,180,3,False
86,13,189,3,True
86,13,180,4,False
86,13,189,4,False
86,14,8,1,True
86,14,28,1,False
86,14,36,1,False
86,14,65,1,True
86,14,70,1,False
86,14,115,1,False
86,14,128,1,True
86,14,175,1,False
86,14,226,1,False
86,14,8,2,False
86,14,28,2,True
86,14,36,2,True
86,14,65,2,False
86,14,70,2,False
86,14,115,2,False
86,14,128,2,False
86,14,175,2,False
86,14,226,2,False
86,14,8,3,False
86,14,28,3,False
86,14,36,3,False
86,14,65,3,True
86,14,70,3,True
86,14,115,3,False
86,14,128,3,True
86,14,175,3,False
86,14,226,3,False
86,14,8,4,False
86,14,28,4,False
86,14,36,4,False
86,14,65,4,True
86,14,70,4,True
86,14,115,4,True
86,14,128,4,True
86,14,175,4,True
86,14,226,4,False
86,14,8,5,False
86,14,28,5,True
86,14,36,5,True
86,14,65,5,True
86,14,70,5,True
86,14,115,5,False
86,14,128,5,True
86,14,175,5,True
86,14,226,5,False
86,15,179,1,False
86,15,249,1,False
86,15,179,2,False
86,15,249,2,False
86,15,179,3,False
86,15,249,3,False
86,15,179,4,False
86,15,249,4,False
86,15,179,5,True
86,15,249,5,True
86,16,7,1,False
86,16,93,1,False
86,16,244,1,True
86,16,7,2,False
86,16,93,2,False
86,16,244,2,False
86,16,7,3,False
86,16,93,3,True
86,16,244,3,False
86,16,7,4,True
86,16,93,4,False
86,16,244,4,False
86,16,7,5,False
86,16,93,5,False
86,16,244,5,False
87,12,121,1,False
87,12,136,1,False
87,12,243,1,False
87,12,121,2,False
87,12,136,2,False
87,12,243,2,False
87,12,121,3,False
87,12,136,3,False
87,12,243,3,False
87,12,121,4,False
87,12,136,4,False
87,12,243,4,False
87,14,8,1,True
87,14,28,1,False
87,14,36,1,True
87,14,65,1,True
87,14,70,1,True
87,14,115,1,False
87,14,128,1,True
87,14,175,1,False
87,14,226,1,False
87,14,8,2,False
87,14,28,2,True
87,14,36,2,True
87,14,65,2,True
87,14,70,2,True
87,14,115,2,False
87,14,128,2,True
87,14,175,2,True
87,14,226,2,True
87,14,8,3,False
87,14,28,3,False
87,14,36,3,True
87,14,65,3,True
87,14,70,3,True
87,14,115,3,True
87,14,128,3,True
87,14,175,3,False
87,14,226,3,False
87,14,8,4,False
87,14,28,4,False
87,14,36,4,True
87,14,65,4,True
87,14,70,4,True
87,14,115,4,False
87,14,128,4,True
87,14,175,4,False
87,14,226,4,True
87,14,8,5,False
87,14,28,5,False
87,14,36,5,True
87,14,65,5,True
87,14,70,5,True
87,14,115,5,False
87,14,128,5,True
87,14,175,5,False
87,14,226,5,False
87,15,179,1,False
87,15,249,1,False
87,15,179,5,False
87,15,249,5,False
87,16,7,1,False
87,16,93,1,False
87,16,244,1,False
87,16,7,2,False
87,16,93,2,False
87,16,244,2,False
87,16,7,5,True
87,16,93,5,False
87,16,244,5,False
88,12,121,1,True
88,12,136,1,False
88,12,243,1,False
88,12,121,2,True
88,12,136,2,False
88,12,243,2,False
88,12,121,3,False
88,12,136,3,False
88,12,243,3,False
88,12,121,4,False
88,12,136,4,False
88,12,243,4,False
88,14,8,1,True
88,14,28,1,False
88,14,36,1,False
88,14,65,1,True
88,14,70,1,False
88,14,115,1,True
88,14,128,1,True
88,14,175,1,False
88,14,226,1,False
88,14,8,2,False
88,14,28,2,True
88,14,36,2,True
88,14,65,2,False
88,14,70,2,True
88,14,115,2,False
88,14,128,2,False
88,14,175,2,False
88,14,226,2,True
88,14,8,3,True
88,14,28,3,True
88,14,36,3,False
88,14,65,3,True
88,14,70,3,True
88,14,115,3,True
88,14,128,3,True
88,14,175,3,False
88,14,226,3,False
88,14,8,4,False
88,14,28,4,False
88,14,36,4,False
88,14,65,4,False
88,14,70,4,False
88,14,115,4,False
88,14,128,4,False
88,14,175,4,False
88,14,226,4,False
88,14,8,5,True
88,14,28,5,False
88,14,36,5,False
88,14,65,5,True
88,14,70,5,False
88,14,115,5,True
88,14,128,5,False
88,14,175,5,True
88,14,226,5,False
88,16,7,1,False
88,16,93,1,False
88,16,244,1,False
88,16,7,2,True
88,16,93,2,True
88,16,244,2,False
88,16,7,3,False
88,16,93,3,False
88,16,244,3,True
88,16,7,5,False
88,16,93,5,False
88,16,244,5,False
89,12,121,1,True
89,12,136,1,True
89,12,243,1,False
89,12,121,2,True
89,12,136,2,False
89,12,243,2,False
89,12,121,3,True
89,12,136,3,True
89,12,243,3,False
89,12,121,4,False
89,12,136,4,False
89,12,243,4,False
89,13,180,1,False
89,13,189,1,False
89,13,180,2,False
89,13,189,2,True
89,13,180,3,False
89,13,189,3,False
89,13,180,4,False
89,13,189,4,False
89,14,8,1,True
89,14,28,1,False
89,14,36,1,False
89,14,65,1,True
89,14,70,1,False
89,14,115,1,True
89,14,128,1,True
89,14,175,1,False
89,14,226,1,False
89,14,8,2,False
89,14,28,2,True
89,14,36,2,True
89,14,65,2,False
89,14,70,2,False
89,14,115,2,False
89,14,128,2,False
89,14,175,2,False
89,14,226,2,False
89,14,8,3,False
89,14,28,3,False
89,14,36,3,False
89,14,65,3,True
89,14,70,3,True
89,14,115,3,False
89,14,128,3,True
89,14,175,3,False
89,14,226,3,False
89,14,8,4,False
89,14,28,4,False
89,14,36,4,False
89,14,65,4,False
89,14,70,4,False
89,14,115,4,False
89,14,128,4,False
89,14,175,4,False
89,14,226,4,False
89,14,8,5,False
89,14,28,5,False
89,14,36,5,False
89,14,65,5,True
89,14,70,5,False
89,14,115,5,True
89,14,128,5,False
89,14,175,5,False
89,14,226,5,True
90,13,180,1,False
90,13,189,1,False
90,13,180,2,False
90,13,189,2,False
90,13,180,3,False
90,13,189,3,False
90,14,8,1,True
90,14,28,1,False
90,14,36,1,False
90,14,65,1,True
90,14,70,1,True
90,14,115,1,True
90,14,128,1,True
90,14,175,1,False
90,14,226,1,False
90,14,8,2,False
90,14,28,2,False
90,14,36,2,True
90,14,65,2,False
90,14,70,2,False
90,14,115,2,False
90,14,128,2,False
90,14,175,2,False
90,14,226,2,True
90,14,8,3,False
90,14,28,3,False
90,14,36,3,False
90,14,65,3,True
90,14,70,3,True
90,14,115,3,False
90,14,128,3,False
90,14,175,3,False
90,14,226,3,False
90,14,8,5,False
90,14,28,5,True
90,14,36,5,False
90,14,65,5,True
90,14,70,5,True
90,14,115,5,False
90,14,128,5,False
90,14,175,5,False
90,14,226,5,False
90,16,7,1,False
90,16,93,1,False
90,16,244,1,False
90,16,7,2,False
90,16,93,2,False
90,16,244,2,False
90,16,7,3,False
90,16,93,3,False
90,16,244,3,False
90,16,7,4,True
90,16,93,4,False
90,16,244,4,False
90,16,7,5,False
90,16,93,5,False
90,16,244,5,False
91,14,8,1,True
91,14,28,1,False
91,14,36,1,False
91,14,65,1,True
91,14,70,1,True
91,14,115,1,True
91,14,128,1,True
91,14,175,1,False
91,14,226,1,False
91,14,8,2,False
91,14,28,2,True
91,14,36,2,True
91,14,65,2,True
91,14,70,2,True
91,14,115,2,False
91,14,128,2,False
91,14,175,2,False
91,14,226,2,True
91,14,8,3,False
91,14,28,3,False
91,14,36,3,False
91,14,65,3,True
91,14,70,3,True
91,14,115,3,True
91,14,128,3,True
91,14,175,3,False
91,14,226,3,False
91,14,8,4,False
91,14,28,4,False
91,14,36,4,False
91,14,65,4,True
91,14,70,4,True
91,14,115,4,True
91,14,128,4,True
91,14,175,4,False
91,14,226,4,False
91,14,8,5,False
91,14,28,5,False
91,14,36,5,False
91,14,65,5,True
91,14,70,5,True
91,14,115,5,False
91,14,128,5,True
91,14,175,5,True
91,14,226,5,False
92,12,121,1,True
92,12,136,1,True
92,12,243,1,True
92,12,121,2,True
92,12,136,2,False
92,12,243,2,False
92,12,121,3,True
92,12,136,3,False
92,12,243,3,True
92,12,121,4,False
92,12,136,4,True
92,12,243,4,True
92,13,180,1,False
92,13,189,1,True
92,13,180,2,False
92,13,189,2,False
92,13,180,3,False
92,13,189,3,False
92,13,180,4,False
92,13,189,4,True
92,14,8,1,True
92,14,28,1,False
92,14,36,1,False
92,14,65,1,True
92,14,70,1,False
92,14,115,1,False
92,14,128,1,True
92,14,175,1,False
92,14,226,1,False
92,14,8,2,False
92,14,28,2,True
92,14,36,2,True
92,14,65,2,False
92,14,70,2,False
92,14,115,2,False
92,14,128,2,False
92,14,175,2,False
92,14,226,2,False
92,14,8,3,False
92,14,28,3,False
92,14,36,3,False
92,14,65,3,True
92,14,70,3,True
92,14,115,3,False
92,14,128,3,False
92,14,175,3,False
92,14,226,3,False
92,14,8,4,False
92,14,28,4,False
92,14,36,4,False
92,14,65,4,False
92,14,70,4,False
92,14,115,4,False
92,14,128,4,False
92,14,175,4,True
92,14,226,4,False
92,14,8,5,False
92,14,28,5,False
92,14,36,5,False
92,14,65,5,False
92,14,70,5,False
92,14,115,5,False
92,14,128,5,False
92,14,175,5,True
92,14,226,5,False
93,12,121,1,True
93,12,136,1,True
93,12,243,1,False
93,12,121,2,True
93,12,136,2,False
93,12,243,2,False
93,12,121,3,False
93,12,136,3,True
93,12,243,3,False
93,12,121,4,False
93,12,136,4,True
93,12,243,4,True
93,12,121,5,False
93,12,136,5,False
93,12,243,5,False
93,13,180,1,False
93,13,189,1,True
93,13,180,2,False
93,13,189,2,True
93,13,180,3,False
93,13,189,3,False
93,13,180,4,False
93,13,189,4,True
93,14,8,1,False
93,14,28,1,False
93,14,36,1,True
93,14,65,1,True
93,14,70,1,True
93,14,115,1,False
93,14,128,1,False
93,14,175,1,False
93,14,226,1,False
93,14,8,2,False
93,14,28,2,True
93,14,36,2,True
93,14,65,2,False
93,14,70,2,True
93,14,115,2,False
93,14,128,2,False
93,14,175,2,False
93,14,226,2,False
93,14,8,3,False
93,14,28,3,False
93,14,36,3,False
93,14,65,3,True
93,14,70,3,True
93,14,115,3,False
93,14,128,3,False
93,14,175,3,False
93,14,226,3,False
93,14,8,4,False
93,14,28,4,False
93,14,36,4,False
93,14,65,4,False
93,14,70,4,False
93,14,115,4,False
93,14,128,4,False
93,14,175,4,True
93,14,226,4,False
93,14,8,5,False
93,14,28,5,False
93,14,36,5,True
93,14,65,5,True
93,14,70,5,True
93,14,115,5,False
93,14,128,5,False
93,14,175,5,True
93,14,226,5,True
94,12,121,1,True
94,12,136,1,True
94,12,243,1,True
94,12,121,2,True
94,12,136,2,False
94,12,243,2,False
94,12,121,3,True
94,12,136,3,True
94,12,243,3,False
94,12,121,4,False
94,12,136,4,True
94,12,243,4,True
94,13,180,1,False
94,13,189,1,False
94,13,180,2,False
94,13,189,2,False
94,13,180,3,False
94,13,189,3,False
94,13,180,4,False
94,13,189,4,True
94,14,8,1,False
94,14,28,1,False
94,14,36,1,False
94,14,65,1,False
94,14,70,1,False
94,14,115,1,False
94,14,128,1,True
94,14,175,1,False
94,14,226,1,False
94,14,8,2,False
94,14,28,2,True
94,14,36,2,True
94,14,65,2,False
94,14,70,2,False
94,14,115,2,False
94,14,128,2,False
94,14,175,2,False
94,14,226,2,False
94,14,8,3,False
94,14,28,3,False
94,14,36,3,False
94,14,65,3,True
94,14,70,3,False
94,14,115,3,False
94,14,128,3,True
94,14,175,3,False
94,14,226,3,False
94,14,8,4,False
94,14,28,4,False
94,14,36,4,False
94,14,65,4,False
94,14,70,4,False
94,14,115,4,False
94,14,128,4,False
94,14,175,4,False
94,14,226,4,True
94,14,8,5,False
94,14,28,5,True
94,14,36,5,False
94,14,65,5,False
94,14,70,5,False
94,14,115,5,False
94,14,128,5,False
94,14,175,5,False
94,14,226,5,False
95,12,121,1,False
95,12,136,1,False
95,12,243,1,False
95,12,121,2,False
95,12,136,2,False
95,12,243,2,False
95,12,121,3,False
95,12,136,3,False
95,12,243,3,False
95,12,121,4,False
95,12,136,4,False
95,12,243,4,False
95,13,180,1,False
95,13,189,1,False
95,13,180,2,False
95,13,189,2,False
95,13,180,4,False
95,13,189,4,False
95,14,8,1,True
95,14,28,1,False
95,14,36,1,True
95,14,65,1,True
95,14,70,1,True
95,14,115,1,True
95,14,128,1,True
95,14,175,1,False
95,14,226,1,False
95,14,8,2,False
95,14,28,2,True
95,14,36,2,True
95,14,65,2,False
95,14,70,2,True
95,14,115,2,False
95,14,128,2,False
95,14,175,2,False
95,14,226,2,True
95,14,8,3,False
95,14,28,3,True
95,14,36,3,True
95,14,65,3,True
95,14,70,3,True
95,14,115,3,False
95,14,128,3,False
95,14,175,3,True
95,14,226,3,True
95,14,8,4,False
95,14,28,4,False
95,14,36,4,True
95,14,65,4,False
95,14,70,4,True
95,14,115,4,False
95,14,128,4,False
95,14,175,4,False
95,14,226,4,True
95,14,8,5,False
95,14,28,5,True
95,14,36,5,True
95,14,65,5,False
95,14,70,5,True
95,14,115,5,False
95,14,128,5,False
95,14,175,5,False
95,14,226,5,True
96,14,8,1,True
96,14,28,1,False
96,14,36,1,False
96,14,65,1,True
96,14,70,1,True
96,14,115,1,True
96,14,128,1,True
96,14,175,1,False
96,14,226,1,False
96,14,8,2,False
96,14,28,2,True
96,14,36,2,True
96,14,65,2,True
96,14,70,2,True
96,14,115,2,False
96,14,128,2,True
96,14,175,2,False
96,14,226,2,True
96,14,8,3,False
96,14,28,3,False
96,14,36,3,False
96,14,65,3,True
96,14,70,3,True
96,14,115,3,True
96,14,128,3,True
96,14,175,3,True
96,14,226,3,True
96,14,8,4,False
96,14,28,4,False
96,14,36,4,False
96,14,65,4,True
96,14,70,4,True
96,14,115,4,False
96,14,128,4,True
96,14,175,4,False
96,14,226,4,True
96,14,8,5,False
96,14,28,5,True
96,14,36,5,True
96,14,65,5,True
96,14,70,5,True
96,14,115,5,True
96,14,128,5,True
96,14,175,5,False
96,14,226,5,True
97,12,121,1,False
97,12,136,1,False
97,12,243,1,False
97,12,121,2,False
97,12,136,2,False
97,12,243,2,False
97,12,121,3,False
97,12,136,3,False
97,12,243,3,False
97,12,121,4,False
97,12,136,4,False
97,12,243,4,False
97,13,180,1,False
97,13,189,1,False
97,13,180,2,False
97,13,189,2,False
97,13,180,3,False
97,13,189,3,False
97,13,180,4,False
97,13,189,4,True
97,14,8,1,True
97,14,28,1,False
97,14,36,1,False
97,14,65,1,True
97,14,70,1,True
97,14,115,1,True
97,14,128,1,True
97,14,175,1,False
97,14,226,1,False
97,14,8,2,False
97,14,28,2,True
97,14,36,2,True
97,14,65,2,True
97,14,70,2,True
97,14,115,2,False
97,14,128,2,True
97,14,175,2,False
97,14,226,2,True
97,14,8,3,False
97,14,28,3,False
97,14,36,3,True
97,14,65,3,True
97,14,70,3,True
97,14,115,3,False
97,14,128,3,True
97,14,175,3,False
97,14,226,3,False
97,14,8,4,False
97,14,28,4,False
97,14,36,4,False
97,14,65,4,True
97,14,70,4,True
97,14,115,4,False
97,14,128,4,True
97,14,175,4,False
97,14,226,4,False
97,14,8,5,False
97,14,28,5,False
97,14,36,5,False
97,14,65,5,True
97,14,70,5,True
97,14,115,5,False
97,14,128,5,True
97,14,175,5,False
97,14,226,5,False
98,14,8,1,True
98,14,28,1,False
98,14,36,1,False
98,14,65,1,True
98,14,70,1,False
98,14,115,1,False
98,14,128,1,True
98,14,175,1,False
98,14,226,1,False
98,14,8,2,False
98,14,28,2,True
98,14,36,2,True
98,14,65,2,False
98,14,70,2,False
98,14,115,2,False
98,14,128,2,False
98,14,175,2,False
98,14,226,2,False
98,14,8,3,False
98,14,28,3,False
98,14,36,3,False
98,14,65,3,True
98,14,70,3,True
98,14,115,3,True
98,14,128,3,False
98,14,175,3,False
98,14,226,3,False
98,14,8,4,False
98,14,28,4,False
98,14,36,4,False
98,14,65,4,False
98,14,70,4,False
98,14,115,4,False
98,14,128,4,False
98,14,175,4,False
98,14,226,4,False
98,14,8,5,False
98,14,28,5,False
98,14,36,5,False
98,14,65,5,False
98,14,70,5,False
98,14,115,5,False
98,14,128,5,False
98,14,175,5,True
98,14,226,5,False
99,13,180,1,False
99,13,189,1,False
99,13,180,2,False
99,13,189,2,True
99,13,180,3,False
99,13,189,3,False
99,13,180,4,False
99,13,189,4,False
99,14,8,1,True
99,14,28,1,False
99,14,36,1,False
99,14,65,1,True
99,14,70,1,True
99,14,115,1,True
99,14,128,1,True
99,14,175,1,False
99,14,226,1,False
99,14,8,2,False
99,14,28,2,True
99,14,36,2,True
99,14,65,2,True
99,14,70,2,True
99,14,115,2,False
99,14,128,2,False
99,14,175,2,False
99,14,226,2,True
99,14,8,3,False
99,14,28,3,True
99,14,36,3,True
99,14,65,3,True
99,14,70,3,True
99,14,115,3,True
99,14,128,3,True
99,14,175,3,False
99,14,226,3,False
99,14,8,4,False
99,14,28,4,True
99,14,36,4,True
99,14,65,4,False
99,14,70,4,False
99,14,115,4,False
99,14,128,4,False
99,14,175,4,False
99,14,226,4,False
99,14,8,5,False
99,14,28,5,False
99,14,36,5,True
99,14,65,5,True
99,14,70,5,True
99,14,115,5,False
99,14,128,5,True
99,14,175,5,False
99,14,226,5,False
100,14,8,1,True
100,14,28,1,False
100,14,36,1,False
100,14,65,1,True
100,14,70,1,True
100,14,115,1,True
100,14,128,1,True
100,14,175,1,False
100,14,226,1,False
100,14,8,2,False
100,14,28,2,True
100,14,36,2,True
100,14,65,2,True
100,14,70,2,True
100,14,115,2,False
100,14,128,2,True
100,14,175,2,True
100,14,226,2,True
100,14,8,3,True
100,14,28,3,False
100,14,36,3,True
100,14,65,3,True
100,14,70,3,True
100,14,115,3,True
100,14,128,3,True
100,14,175,3,False
100,14,226,3,False
100,14,8,4,False
100,14,28,4,False
100,14,36,4,False
100,14,65,4,False
100,14,70,4,False
100,14,115,4,True
100,14,128,4,True
100,14,175,4,False
100,14,226,4,False
100,14,8,5,False
100,14,28,5,False
100,14,36,5,False
100,14,65,5,False
100,14,70,5,True
100,14,115,5,False
100,14,128,5,True
100,14,175,5,False
100,14,226,5,False
101,14,8,1,True
101,14,28,1,False
101,14,36,1,False
101,14,65,1,True
101,14,70,1,True
101,14,115,1,True
101,14,128,1,True
101,14,175,1,False
101,14,226,1,False
101,14,8,2,False
101,14,28,2,True
101,14,36,2,True
101,14,65,2,False
101,14,70,2,True
101,14,115,2,False
101,14,128,2,False
101,14,175,2,False
101,14,226,2,True
101,14,8,3,False
101,14,28,3,False
101,14,36,3,False
101,14,65,3,True
101,14,70,3,True
101,14,115,3,False
101,14,128,3,True
101,14,175,3,False
101,14,226,3,False
101,14,8,4,False
101,14,28,4,True
101,14,36,4,True
101,14,65,4,True
101,14,70,4,True
101,14,115,4,False
101,14,128,4,True
101,14,175,4,False
101,14,226,4,True
101,14,8,5,False
101,14,28,5,False
101,14,36,5,False
101,14,65,5,True
101,14,70,5,True
101,14,115,5,False
101,14,128,5,True
101,14,175,5,False
101,14,226,5,True
101,15,179,1,False
101,15,249,1,False
101,15,179,5,False
101,15,249,5,False
101,16,7,1,False
101,16,93,1,False
101,16,244,1,False
101,16,7,2,False
101,16,93,2,False
101,16,244,2,False
101,16,7,3,False
101,16,93,3,True
101,16,244,3,False
101,16,7,4,False
101,16,93,4,False
101,16,244,4,False
101,16,7,5,False
101,16,93,5,False
101,16,244,5,True
102,12,121,1,False
102,12,136,1,False
102,12,243,1,False
102,12,121,2,False
102,12,136,2,False
102,12,243,2,False
102,12,121,3,False
102,12,136,3,False
102,12,243,3,False
102,12,121,4,False
102,12,136,4,False
102,12,243,4,False
102,13,180,1,False
102,13,189,1,False
102,13,180,2,False
102,13,189,2,False
102,13,180,3,False
102,13,189,3,False
102,13,180,4,False
102,13,189,4,False
102,14,8,1,True
102,14,28,1,False
102,14,36,1,False
102,14,65,1,True
102,14,70,1,True
102,14,115,1,True
102,14,128,1,True
102,14,175,1,False
102,14,226,1,False
102,14,8,2,False
102,14,28,2,True
102,14,36,2,True
102,14,65,2,True
102,14,70,2,True
102,14,115,2,False
102,14,128,2,False
102,14,175,2,False
102,14,226,2,False
102,14,8,3,False
102,14,28,3,False
102,14,36,3,True
102,14,65,3,True
102,14,70,3,True
102,14,115,3,True
102,14,128,3,False
102,14,175,3,True
102,14,226,3,True
102,14,8,4,False
102,14,28,4,True
102,14,36,4,True
102,14,65,4,False
102,14,70,4,True
102,14,115,4,False
102,14,128,4,False
102,14,175,4,True
102,14,226,4,True
102,14,8,5,True
102,14,28,5,False
102,14,36,5,True
102,14,65,5,True
102,14,70,5,True
102,14,115,5,True
102,14,128,5,False
102,14,175,5,True
102,14,226,5,True
103,13,180,1,False
103,13,189,1,False
103,13,180,2,False
103,13,189,2,False
103,13,180,3,False
103,13,189,3,False
103,13,180,4,False
103,13,189,4,False
103,14,8,1,True
103,14,28,1,False
103,14,36,1,False
103,14,65,1,True
103,14,70,1,True
103,14,115,1,True
103,14,128,1,True
103,14,175,1,False
103,14,226,1,False
103,14,8,2,False
103,14,28,2,True
103,14,36,2,True
103,14,65,2,True
103,14,70,2,True
103,14,115,2,False
103,14,128,2,False
103,14,175,2,False
103,14,226,2,True
103,14,8,3,True
103,14,28,3,False
103,14,36,3,True
103,14,65,3,True
103,14,70,3,True
103,14,115,3,True
103,14,128,3,True
103,14,175,3,False
103,14,226,3,False
103,14,8,4,False
103,14,28,4,True
103,14,36,4,True
103,14,65,4,True
103,14,70,4,True
103,14,115,4,False
103,14,128,4,True
103,14,175,4,False
103,14,226,4,False
103,14,8,5,False
103,14,28,5,False
103,14,36,5,False
103,14,65,5,True
103,14,70,5,True
103,14,115,5,False
103,14,128,5,True
103,14,175,5,False
103,14,226,5,False
103,15,179,5,False
103,15,249,5,False
104,14,8,1,True
104,14,28,1,False
104,14,36,1,False
104,14,65,1,True
104,14,70,1,True
104,14,115,1,True
104,14,128,1,True
104,14,175,1,True
104,14,226,1,False
104,14,8,2,False
104,14,28,2,True
104,14,36,2,True
104,14,65,2,False
104,14,70,2,True
104,14,115,2,False
104,14,128,2,False
104,14,175,2,False
104,14,226,2,True
104,14,8,3,True
104,14,28,3,True
104,14,36,3,False
104,14,65,3,True
104,14,70,3,True
104,14,115,3,True
104,14,128,3,True
104,14,175,3,False
104,14,226,3,False
104,14,8,4,False
104,14,28,4,False
104,14,36,4,False
104,14,65,4,False
104,14,70,4,True
104,14,115,4,False
104,14,128,4,False
104,14,175,4,True
104,14,226,4,False
104,14,8,5,True
104,14,28,5,False
104,14,36,5,True
104,14,65,5,True
104,14,70,5,True
104,14,115,5,True
104,14,128,5,False
104,14,175,5,False
104,14,226,5,False
105,12,121,1,False
105,12,136,1,False
105,12,243,1,False
105,12,121,2,False
105,12,136,2,False
105,12,243,2,False
105,12,121,3,False
105,12,136,3,False
105,12,243,3,False
105,12,121,4,False
105,12,136,4,False
105,12,243,4,False
105,14,8,1,True
105,14,28,1,False
105,14,36,1,False
105,14,65,1,True
105,14,70,1,True
105,14,115,1,True
105,14,128,1,True
105,14,175,1,False
105,14,226,1,False
105,14,8,2,False
105,14,28,2,True
105,14,36,2,True
105,14,65,2,True
105,14,70,2,True
105,14,115,2,False
105,14,128,2,True
105,14,175,2,False
105,14,226,2,True
105,14,8,3,True
105,14,28,3,False
105,14,36,3,False
105,14,65,3,True
105,14,70,3,True
105,14,115,3,True
105,14,128,3,False
105,14,175,3,False
105,14,226,3,False
105,14,8,4,False
105,14,28,4,False
105,14,36,4,False
105,14,65,4,False
105,14,70,4,True
105,14,115,4,False
105,14,128,4,False
105,14,175,4,False
105,14,226,4,False
105,14,8,5,False
105,14,28,5,False
105,14,36,5,False
105,14,65,5,True
105,14,70,5,True
105,14,115,5,False
105,14,128,5,True
105,14,175,5,False
105,14,226,5,False
106,12,121,1,True
106,12,136,1,True
106,12,243,1,True
106,12,121,2,True
106,12,136,2,False
106,12,243,2,False
106,12,121,3,False
106,12,136,3,False
106,12,243,3,False
106,12,121,4,False
106,12,136,4,False
106,12,243,4,True
106,13,180,1,False
106,13,189,1,False
106,13,180,2,False
106,13,189,2,False
106,13,180,3,False
106,13,189,3,False
106,13,180,4,False
106,13,189,4,False
106,14,8,1,True
106,14,28,1,False
106,14,36,1,False
106,14,65,1,True
106,14,70,1,False
106,14,115,1,False
106,14,128,1,True
106,14,175,1,False
106,14,226,1,False
106,14,8,2,False
106,14,28,2,True
106,14,36,2,False
106,14,65,2,False
106,14,70,2,True
106,14,115,2,False
106,14,128,2,False
106,14,175,2,False
106,14,226,2,True
106,14,8,3,False
106,14,28,3,False
106,14,36,3,False
106,14,65,3,True
106,14,70,3,True
106,14,115,3,False
106,14,128,3,True
106,14,175,3,False
106,14,226,3,False
106,14,8,4,False
106,14,28,4,True
106,14,36,4,True
106,14,65,4,True
106,14,70,4,True
106,14,115,4,False
106,14,128,4,True
106,14,175,4,False
106,14,226,4,True
106,14,8,5,False
106,14,28,5,True
106,14,36,5,True
106,14,65,5,True
106,14,70,5,True
106,14,115,5,False
106,14,128,5,False
106,14,175,5,False
106,14,226,5,True
106,16,7,1,False
106,16,93,1,False
106,16,244,1,False
106,16,7,3,False
106,16,93,3,False
106,16,244,3,False
106,16,7,5,False
106,16,93,5,False
106,16,244,5,False
107,12,121,1,False
107,12,136,1,False
107,12,243,1,False
107,12,121,2,False
107,12,136,2,False
107,12,243,2,False
107,12,121,3,False
107,12,136,3,False
107,12,243,3,False
107,12,121,4,False
107,12,136,4,False
107,12,243,4,False
107,13,180,1,False
107,13,189,1,False
107,13,180,2,False
107,13,189,2,False
107,13,180,3,False
107,13,189,3,False
107,13,180,4,False
107,13,189,4,False
107,14,8,1,True
107,14,28,1,False
107,14,36,1,False
107,14,65,1,True
107,14,70,1,False
107,14,115,1,True
107,14,128,1,True
107,14,175,1,False
107,14,226,1,False
107,14,8,2,False
107,14,28,2,True
107,14,36,2,True
107,14,65,2,True
107,14,70,2,True
107,14,115,2,False
107,14,128,2,True
107,14,175,2,False
107,14,226,2,True
107,14,8,3,False
107,14,28,3,True
107,14,36,3,True
107,14,65,3,True
107,14,70,3,True
107,14,115,3,False
107,14,128,3,True
107,14,175,3,False
107,14,226,3,True
107,14,8,4,False
107,14,28,4,True
107,14,36,4,True
107,14,65,4,True
107,14,70,4,True
107,14,115,4,False
107,14,128,4,True
107,14,175,4,True
107,14,226,4,True
107,14,8,5,False
107,14,28,5,False
107,14,36,5,False
107,14,65,5,True
107,14,70,5,True
107,14,115,5,False
107,14,128,5,True
107,14,175,5,False
107,14,226,5,True
107,15,179,5,False
107,15,249,5,False
107,16,7,1,False
107,16,93,1,False
107,16,244,1,True
107,16,7,2,False
107,16,93,2,False
107,16,244,2,False
107,16,7,5,False
107,16,93,5,False
107,16,244,5,True
108,12,121,1,False
108,12,136,1,False
108,12,243,1,False
108,12,121,2,False
108,12,136,2,False
108,12,243,2,False
108,12,121,3,False
108,12,136,3,False
108,12,243,3,False
108,12,121,4,False
108,12,136,4,False
108,12,243,4,False
108,14,8,1,True
108,14,28,1,False
108,14,36,1,False
108,14,65,1,True
108,14,70,1,False
108,14,115,1,True
108,14,128,1,True
108,14,175,1,True
108,14,226,1,False
108,14,8,2,False
108,14,28,2,True
108,14,36,2,True
108,14,65,2,False
108,14,70,2,True
108,14,115,2,False
108,14,128,2,False
108,14,175,2,False
108,14,226,2,True
108,14,8,3,False
108,14,28,3,False
108,14,36,3,False
108,14,65,3,True
108,14,70,3,True
108,14,115,3,False
108,14,128,3,True
108,14,175,3,False
108,14,226,3,False
108,14,8,4,False
108,14,28,4,False
108,14,36,4,False
108,14,65,4,False
108,14,70,4,False
108,14,115,4,False
108,14,128,4,False
108,14,175,4,False
108,14,226,4,False
108,14,8,5,False
108,14,28,5,False
108,14,36,5,False
108,14,65,5,False
108,14,70,5,True
108,14,115,5,False
108,14,128,5,True
108,14,175,5,False
108,14,226,5,False
109,12,121,1,True
109,12,136,1,False
109,12,243,1,False
109,12,121,2,True
109,12,136,2,False
109,12,243,2,False
109,12,121,3,False
109,12,136,3,False
109,12,243,3,False
109,12,121,4,False
109,12,136,4,False
109,12,243,4,False
109,13,180,1,False
109,13,189,1,True
109,13,180,2,False
109,13,189,2,True
109,13,180,3,False
109,13,189,3,True
109,13,180,4,False
109,13,189,4,True
109,14,8,1,True
109,14,28,1,False
109,14,36,1,False
109,14,65,1,True
109,14,70,1,False
109,14,115,1,True
109,14,128,1,True
109,14,175,1,False
109,14,226,1,False
109,14,8,2,False
109,14,28,2,True
109,14,36,2,True
109,14,65,2,False
109,14,70,2,True
109,14,115,2,False
109,14,128,2,False
109,14,175,2,False
109,14,226,2,True
109,14,8,3,False
109,14,28,3,False
109,14,36,3,True
109,14,65,3,True
109,14,70,3,True
109,14,115,3,True
109,14,128,3,False
109,14,175,3,False
109,14,226,3,False
109,14,8,4,False
109,14,28,4,False
109,14,36,4,True
109,14,65,4,True
109,14,70,4,False
109,14,115,4,False
109,14,128,4,False
109,14,175,4,False
109,14,226,4,False
109,14,8,5,False
109,14,28,5,False
109,14,36,5,False
109,14,65,5,True
109,14,70,5,True
109,14,115,5,False
109,14,128,5,True
109,14,175,5,True
109,14,226,5,False
110,12,121,1,False
110,12,136,1,False
110,12,243,1,False
110,12,121,2,False
110,12,136,2,False
110,12,243,2,False
110,12,121,3,False
110,12,136,3,False
110,12,243,3,False
110,12,121,4,False
110,12,136,4,False
110,12,243,4,False
110,14,8,1,True
110,14,28,1,False
110,14,36,1,False
110,14,65,1,True
110,14,70,1,False
110,14,115,1,True
110,14,128,1,True
110,14,175,1,False
110,14,226,1,False
110,14,8,2,False
110,14,28,2,True
110,14,36,2,True
110,14,65,2,False
110,14,70,2,False
110,14,115,2,False
110,14,128,2,False
110,14,175,2,False
110,14,226,2,False
110,14,8,3,False
110,14,28,3,False
110,14,36,3,False
110,14,65,3,True
110,14,70,3,True
110,14,115,3,False
110,14,128,3,False
110,14,175,3,False
110,14,226,3,False
110,14,8,4,False
110,14,28,4,False
110,14,36,4,False
110,14,65,4,True
110,14,70,4,False
110,14,115,4,True
110,14,128,4,False
110,14,175,4,False
110,14,226,4,True
110,14,8,5,False
110,14,28,5,True
110,14,36,5,False
110,14,65,5,False
110,14,70,5,False
110,14,115,5,False
110,14,128,5,False
110,14,175,5,False
110,14,226,5,False
110,15,179,1,False
110,15,249,1,False
110,15,179,5,False
110,15,249,5,False
110,16,7,1,False
110,16,93,1,False
110,16,244,1,False
110,16,7,2,False
110,16,93,2,True
110,16,244,2,False
110,16,7,3,False
110,16,93,3,True
110,16,244,3,False
110,16,7,4,False
110,16,93,4,False
110,16,244,4,False
110,16,7,5,False
110,16,93,5,False
110,16,244,5,False
111,12,121,1,False
111,12,136,1,False
111,12,243,1,False
111,12,121,2,False
111,12,136,2,False
111,12,243,2,False
111,12,121,3,False
111,12,136,3,False
111,12,243,3,False
111,12,121,4,False
111,12,136,4,False
111,12,243,4,False
111,14,8,1,False
111,14,28,1,False
111,14,36,1,False
111,14,65,1,True
111,14,70,1,True
111,14,115,1,True
111,14,128,1,True
111,14,175,1,False
111,14,226,1,False
111,14,8,2,False
111,14,28,2,True
111,14,36,2,False
111,14,65,2,False
111,14,70,2,False
111,14,115,2,False
111,14,128,2,False
111,14,175,2,False
111,14,226,2,False
111,14,8,3,False
111,14,28,3,False
111,14,36,3,False
111,14,65,3,True
111,14,70,3,True
111,14,115,3,False
111,14,128,3,True
111,14,175,3,False
111,14,226,3,False
111,14,8,4,False
111,14,28,4,False
111,14,36,4,False
111,14,65,4,True
111,14,70,4,True
111,14,115,4,False
111,14,128,4,True
111,14,175,4,False
111,14,226,4,False
111,14,8,5,False
111,14,28,5,True
111,14,36,5,True
111,14,65,5,True
111,14,70,5,True
111,14,115,5,False
111,14,128,5,True
111,14,175,5,False
111,14,226,5,False
112,14,8,1,True
112,14,28,1,False
112,14,36,1,False
112,14,65,1,False
112,14,70,1,True
112,14,115,1,False
112,14,128,1,True
112,14,175,1,False
112,14,226,1,False
112,14,8,2,False
112,14,28,2,True
112,14,36,2,True
112,14,65,2,False
112,14,70,2,True
112,14,115,2,False
112,14,128,2,False
112,14,175,2,False
112,14,226,2,True
112,14,8,3,False
112,14,28,3,False
112,14,36,3,False
112,14,65,3,False
112,14,70,3,True
112,14,115,3,False
112,14,128,3,True
112,14,175,3,False
112,14,226,3,True
112,14,8,4,False
112,14,28,4,True
112,14,36,4,False
112,14,65,4,False
112,14,70,4,True
112,14,115,4,False
112,14,128,4,True
112,14,175,4,True
112,14,226,4,False
112,14,8,5,True
112,14,28,5,False
112,14,36,5,False
112,14,65,5,False
112,14,70,5,True
112,14,115,5,True
112,14,128,5,True
112,14,175,5,True
112,14,226,5,False
112,16,7,1,False
112,16,93,1,False
112,16,244,1,False
112,16,7,3,False
112,16,93,3,False
112,16,244,3,False
112,16,7,5,True
112,16,93,5,False
112,16,244,5,False
113,12,121,1,False
113,12,136,1,False
113,12,243,1,False
113,12,121,2,False
113,12,136,2,False
113,12,243,2,False
113,12,121,3,False
113,12,136,3,False
113,12,243,3,False
113,12,121,4,False
113,12,136,4,False
113,12,243,4,False
113,13,180,1,False
113,13,189,1,False
113,13,180,2,False
113,13,189,2,True
113,13,180,3,False
113,13,189,3,False
113,13,180,4,False
113,13,189,4,False
113,14,8,1,True
113,14,28,1,False
113,14,36,1,False
113,14,65,1,True
113,14,70,1,False
113,14,115,1,True
113,14,128,1,True
113,14,175,1,False
113,14,226,1,False
113,14,8,2,False
113,14,28,2,True
113,14,36,2,True
113,14,65,2,False
113,14,70,2,True
113,14,115,2,False
113,14,128,2,False
113,14,175,2,False
113,14,226,2,True
113,14,8,3,False
113,14,28,3,False
113,14,36,3,False
113,14,65,3,False
113,14,70,3,True
113,14,115,3,False
113,14,128,3,True
113,14,175,3,False
113,14,226,3,False
113,14,8,4,False
113,14,28,4,False
113,14,36,4,False
113,14,65,4,False
113,14,70,4,True
113,14,115,4,False
113,14,128,4,False
113,14,175,4,False
113,14,226,4,False
113,14,8,5,False
113,14,28,5,False
113,14,36,5,False
113,14,65,5,False
113,14,70,5,False
113,14,115,5,True
113,14,128,5,True
113,14,175,5,False
113,14,226,5,True
114,13,180,1,False
114,13,189,1,False
114,13,180,2,False
114,13,189,2,False
114,13,180,3,False
114,13,189,3,False
114,13,180,4,True
114,13,189,4,False
114,14,8,1,True
114,14,28,1,False
114,14,36,1,True
114,14,65,1,True
114,14,70,1,True
114,14,115,1,True
114,14,128,1,True
114,14,175,1,False
114,14,226,1,False
114,14,8,2,False
114,14,28,2,True
114,14,36,2,True
114,14,65,2,False
114,14,70,2,True
114,14,115,2,False
114,14,128,2,False
114,14,175,2,False
114,14,226,2,True
114,14,8,3,False
114,14,28,3,True
114,14,36,3,True
114,14,65,3,True
114,14,70,3,True
114,14,115,3,False
114,14,128,3,True
114,14,175,3,False
114,14,226,3,False
114,14,8,4,False
114,14,28,4,True
114,14,36,4,False
114,14,65,4,False
114,14,70,4,True
114,14,115,4,True
114,14,128,4,False
114,14,175,4,False
114,14,226,4,False
114,14,8,5,True
114,14,28,5,False
114,14,36,5,True
114,14,65,5,True
114,14,70,5,True
114,14,115,5,True
114,14,128,5,True
114,14,175,5,False
114,14,226,5,False
115,12,121,1,True
115,12,136,1,False
115,12,243,1,False
115,12,121,2,True
115,12,136,2,False
115,12,243,2,False
115,12,121,3,True
115,12,136,3,False
115,12,243,3,False
115,12,121,4,False
115,12,136,4,False
115,12,243,4,False
115,14,8,1,True
115,14,28,1,False
115,14,36,1,False
115,14,65,1,True
115,14,70,1,True
115,14,115,1,True
115,14,128,1,True
115,14,175,1,False
115,14,226,1,False
115,14,8,2,False
115,14,28,2,True
115,14,36,2,True
115,14,65,2,True
115,14,70,2,True
115,14,115,2,False
115,14,128,2,True
115,14,175,2,False
115,14,226,2,True
115,14,8,3,False
115,14,28,3,False
115,14,36,3,False
115,14,65,3,True
115,14,70,3,True
115,14,115,3,False
115,14,128,3,True
115,14,175,3,True
115,14,226,3,False
115,14,8,4,False
115,14,28,4,False
115,14,36,4,False
115,14,65,4,True
115,14,70,4,True
115,14,115,4,False
115,14,128,4,True
115,14,175,4,False
115,14,226,4,False
115,14,8,5,False
115,14,28,5,False
115,14,36,5,True
115,14,65,5,True
115,14,70,5,True
115,14,115,5,False
115,14,128,5,True
115,14,175,5,False
115,14,226,5,False
115,15,179,2,False
115,15,249,2,False
115,15,179,3,False
115,15,249,3,False
115,15,179,4,False
115,15,249,4,False
115,15,179,5,False
115,15,249,5,False
116,14,8,1,True
116,14,28,1,False
116,14,36,1,False
116,14,65,1,True
116,14,70,1,False
116,14,115,1,False
116,14,128,1,True
116,14,175,1,False
116,14,226,1,False
116,14,8,2,False
116,14,28,2,False
116,14,36,2,True
116,14,65,2,False
116,14,70,2,False
116,14,115,2,False
116,14,128,2,False
116,14,175,2,False
116,14,226,2,False
116,14,8,3,False
116,14,28,3,False
116,14,36,3,False
116,14,65,3,True
116,14,70,3,True
116,14,115,3,False
116,14,128,3,True
116,14,175,3,False
116,14,226,3,False
116,14,8,4,False
116,14,28,4,False
116,14,36,4,False
116,14,65,4,False
116,14,70,4,False
116,14,115,4,False
116,14,128,4,False
116,14,175,4,True
116,14,226,4,False
116,14,8,5,False
116,14,28,5,False
116,14,36,5,False
116,14,65,5,True
116,14,70,5,True
116,14,115,5,False
116,14,128,5,True
116,14,175,5,False
116,14,226,5,False
117,12,121,1,False
117,12,136,1,False
117,12,243,1,False
117,12,121,2,False
117,12,136,2,False
117,12,243,2,False
117,12,121,3,False
117,12,136,3,False
117,12,243,3,False
117,14,8,1,True
117,14,28,1,False
117,14,36,1,False
117,14,65,1,True
117,14,70,1,True
117,14,115,1,True
117,14,128,1,True
117,14,175,1,False
117,14,226,1,False
117,14,8,2,False
117,14,28,2,True
117,14,36,2,True
117,14,65,2,True
117,14,70,2,True
117,14,115,2,False
117,14,128,2,False
117,14,175,2,False
117,14,226,2,True
117,14,8,3,False
117,14,28,3,False
117,14,36,3,False
117,14,65,3,True
117,14,70,3,True
117,14,115,3,True
117,14,128,3,True
117,14,175,3,False
117,14,226,3,False
117,14,8,5,False
117,14,28,5,True
117,14,36,5,True
117,14,65,5,True
117,14,70,5,True
117,14,115,5,True
117,14,128,5,True
117,14,175,5,True
117,14,226,5,False
118,12,121,1,True
118,12,136,1,True
118,12,243,1,False
118,12,121,2,True
118,12,136,2,True
118,12,243,2,False
118,12,121,3,True
118,12,136,3,True
118,12,243,3,False
118,12,121,4,False
118,12,136,4,True
118,12,243,4,True
118,13,180,1,False
118,13,189,1,True
118,13,180,2,False
118,13,189,2,True
118,13,180,3,False
118,13,189,3,False
118,13,180,4,False
118,13,189,4,False
118,14,8,1,True
118,14,28,1,False
118,14,36,1,True
118,14,65,1,True
118,14,70,1,True
118,14,115,1,True
118,14,128,1,True
118,14,175,1,False
118,14,226,1,False
118,14,8,2,False
118,14,28,2,True
118,14,36,2,True
118,14,65,2,True
118,14,70,2,True
118,14,115,2,False
118,14,128,2,False
118,14,175,2,True
118,14,226,2,True
118,14,8,3,True
118,14,28,3,True
118,14,36,3,True
118,14,65,3,True
118,14,70,3,True
118,14,115,3,True
118,14,128,3,True
118,14,175,3,False
118,14,226,3,True
118,14,8,4,False
118,14,28,4,True
118,14,36,4,True
118,14,65,4,True
118,14,70,4,True
118,14,115,4,True
118,14,128,4,False
118,14,175,4,False
118,14,226,4,False
118,14,8,5,True
118,14,28,5,False
118,14,36,5,True
118,14,65,5,True
118,14,70,5,True
118,14,115,5,False
118,14,128,5,True
118,14,175,5,False
118,14,226,5,False
119,12,121,1,True
119,12,136,1,True
119,12,243,1,False
119,12,121,2,True
119,12,136,2,False
119,12,243,2,False
119,12,121,3,True
119,12,136,3,True
119,12,243,3,True
119,12,121,4,False
119,12,136,4,True
119,12,243,4,True
119,13,180,1,False
119,13,189,1,False
119,13,180,2,False
119,13,189,2,False
119,13,180,3,False
119,13,189,3,True
119,13,180,4,False
119,13,189,4,True
119,14,8,1,False
119,14,28,1,False
119,14,36,1,False
119,14,65,1,False
119,14,70,1,False
119,14,115,1,False
119,14,128,1,False
119,14,175,1,False
119,14,226,1,False
119,14,8,2,False
119,14,28,2,True
119,14,36,2,True
119,14,65,2,False
119,14,70,2,False
119,14,115,2,False
119,14,128,2,False
119,14,175,2,False
119,14,226,2,False
119,14,8,3,False
119,14,28,3,False
119,14,36,3,False
119,14,65,3,True
119,14,70,3,False
119,14,115,3,False
119,14,128,3,False
119,14,175,3,False
119,14,226,3,False
119,14,8,4,False
119,14,28,4,False
119,14,36,4,False
119,14,65,4,False
119,14,70,4,False
119,14,115,4,False
119,14,128,4,False
119,14,175,4,False
119,14,226,4,False
119,14,8,5,False
119,14,28,5,False
119,14,36,5,False
119,14,65,5,False
119,14,70,5,False
119,14,115,5,False
119,14,128,5,False
119,14,175,5,False
119,14,226,5,False
120,12,121,1,False
120,12,136,1,False
120,12,243,1,False
120,12,121,2,False
120,12,136,2,False
120,12,243,2,False
120,12,121,3,False
120,12,136,3,False
120,12,243,3,False
120,12,121,4,False
120,12,136,4,False
120,12,243,4,False
120,14,8,1,False
120,14,28,1,True
120,14,36,1,False
120,14,65,1,False
120,14,70,1,False
120,14,115,1,True
120,14,128,1,False
120,14,175,1,True
120,14,226,1,True
120,14,8,3,False
120,14,28,3,False
120,14,36,3,False
120,14,65,3,False
120,14,70,3,False
120,14,115,3,False
120,14,128,3,False
120,14,175,3,False
120,14,226,3,False
120,14,8,5,True
120,14,28,5,False
120,14,36,5,False
120,14,65,5,False
120,14,70,5,False
120,14,115,5,False
120,14,128,5,False
120,14,175,5,False
120,14,226,5,False
121,12,121,1,False
121,12,136,1,False
121,12,243,1,False
121,12,121,2,False
121,12,136,2,False
121,12,243,2,False
121,12,121,4,False
121,12,136,4,False
121,12,243,4,False
121,13,180,1,False
121,13,189,1,False
121,13,180,2,False
121,13,189,2,False
121,13,180,3,False
121,13,189,3,False
121,14,8,1,True
121,14,28,1,False
121,14,36,1,False
121,14,65,1,True
121,14,70,1,True
121,14,115,1,True
121,14,128,1,True
121,14,175,1,False
121,14,226,1,False
121,14,8,2,False
121,14,28,2,True
121,14,36,2,True
121,14,65,2,True
121,14,70,2,True
121,14,115,2,False
121,14,128,2,False
121,14,175,2,False
121,14,226,2,True
121,14,8,3,False
121,14,28,3,True
121,14,36,3,True
121,14,65,3,True
121,14,70,3,True
121,14,115,3,True
121,14,128,3,True
121,14,175,3,True
121,14,226,3,True
121,14,8,4,False
121,14,28,4,True
121,14,36,4,False
121,14,65,4,False
121,14,70,4,False
121,14,115,4,False
121,14,128,4,False
121,14,175,4,False
121,14,226,4,True
121,14,8,5,False
121,14,28,5,True
121,14,36,5,True
121,14,65,5,True
121,14,70,5,True
121,14,115,5,True
121,14,128,5,True
121,14,175,5,True
121,14,226,5,False
122,12,121,1,True
122,12,136,1,True
122,12,243,1,False
122,12,121,2,True
122,12,136,2,True
122,12,243,2,False
122,12,121,3,True
122,12,136,3,True
122,12,243,3,False
122,12,121,4,False
122,12,136,4,True
122,12,243,4,False
122,13,180,1,False
122,13,189,1,False
122,13,180,2,False
122,13,189,2,False
122,13,180,3,False
122,13,189,3,False
122,13,180,4,False
122,13,189,4,True
122,14,8,1,False
122,14,28,1,False
122,14,36,1,False
122,14,65,1,True
122,14,70,1,False
122,14,115,1,False
122,14,128,1,True
122,14,175,1,False
122,14,226,1,False
122,14,8,2,False
122,14,28,2,True
122,14,36,2,True
122,14,65,2,False
122,14,70,2,True
122,14,115,2,False
122,14,128,2,False
122,14,175,2,False
122,14,226,2,True
122,14,8,3,False
122,14,28,3,False
122,14,36,3,False
122,14,65,3,False
122,14,70,3,False
122,14,115,3,False
122,14,128,3,True
122,14,175,3,False
122,14,226,3,False
122,14,8,4,False
122,14,28,4,False
122,14,36,4,False
122,14,65,4,False
122,14,70,4,False
122,14,115,4,False
122,14,128,4,False
122,14,175,4,False
122,14,226,4,False
122,14,8,5,False
122,14,28,5,True
122,14,36,5,True
122,14,65,5,False
122,14,70,5,False
122,14,115,5,False
122,14,128,5,False
122,14,175,5,False
122,14,226,5,False
123,13,180,1,False
123,13,189,1,False
123,13,180,2,False
123,13,189,2,False
123,13,180,3,False
123,13,189,3,False
123,13,180,4,False
123,13,189,4,False
123,14,8,1,True
123,14,28,1,False
123,14,36,1,False
123,14,65,1,True
123,14,70,1,True
123,14,115,1,True
123,14,128,1,True
123,14,175,1,False
123,14,226,1,False
123,14,8,2,False
123,14,28,2,True
123,14,36,2,True
123,14,65,2,False
123,14,70,2,True
123,14,115,2,False
123,14,128,2,False
123,14,175,2,False
123,14,226,2,True
123,14,8,3,False
123,14,28,3,False
123,14,36,3,False
123,14,65,3,True
123,14,70,3,True
123,14,115,3,True
123,14,128,3,True
123,14,175,3,False
123,14,226,3,False
123,14,8,4,False
123,14,28,4,True
123,14,36,4,False
123,14,65,4,False
123,14,70,4,True
123,14,115,4,False
123,14,128,4,True
123,14,175,4,False
123,14,226,4,False
123,14,8,5,False
123,14,28,5,False
123,14,36,5,False
123,14,65,5,False
123,14,70,5,True
123,14,115,5,False
123,14,128,5,True
123,14,175,5,True
123,14,226,5,False
124,12,121,1,False
124,12,136,1,False
124,12,243,1,False
124,12,121,2,True
124,12,136,2,False
124,12,243,2,False
124,12,121,3,False
124,12,136,3,False
124,12,243,3,False
124,12,121,4,False
124,12,136,4,False
124,12,243,4,False
124,13,180,1,False
124,13,189,1,True
124,13,180,2,False
124,13,189,2,True
124,13,180,3,False
124,13,189,3,True
124,13,180,4,False
124,13,189,4,True
124,14,8,1,True
124,14,28,1,False
124,14,36,1,False
124,14,65,1,True
124,14,70,1,True
124,14,115,1,False
124,14,128,1,True
124,14,175,1,False
124,14,226,1,False
124,14,8,2,False
124,14,28,2,True
124,14,36,2,True
124,14,65,2,False
124,14,70,2,True
124,14,115,2,False
124,14,128,2,False
124,14,175,2,False
124,14,226,2,True
124,14,8,3,False
124,14,28,3,False
124,14,36,3,True
124,14,65,3,False
124,14,70,3,True
124,14,115,3,True
124,14,128,3,False
124,14,175,3,False
124,14,226,3,False
124,14,8,5,False
124,14,28,5,True
124,14,36,5,True
124,14,65,5,True
124,14,70,5,True
124,14,115,5,False
124,14,128,5,False
124,14,175,5,True
124,14,226,5,True
124,16,7,1,False
124,16,93,1,False
124,16,244,1,False
124,16,7,2,True
124,16,93,2,False
124,16,244,2,False
124,16,7,3,False
124,16,93,3,False
124,16,244,3,False
124,16,7,5,True
124,16,93,5,False
124,16,244,5,False
125,12,121,1,False
125,12,136,1,False
125,12,243,1,False
125,12,121,2,False
125,12,136,2,False
125,12,243,2,False
125,12,121,3,False
125,12,136,3,False
125,12,243,3,False
125,12,121,4,False
125,12,136,4,False
125,12,243,4,True
125,13,180,1,False
125,13,189,1,False
125,13,180,2,False
125,13,189,2,False
125,13,180,3,False
125,13,189,3,False
125,13,180,4,False
125,13,189,4,True
125,14,8,1,False
125,14,28,1,False
125,14,36,1,False
125,14,65,1,False
125,14,70,1,True
125,14,115,1,True
125,14,128,1,True
125,14,175,1,False
125,14,226,1,False
125,14,8,2,False
125,14,28,2,True
125,14,36,2,True
125,14,65,2,False
125,14,70,2,True
125,14,115,2,False
125,14,128,2,False
125,14,175,2,False
125,14,226,2,False
125,14,8,3,False
125,14,28,3,False
125,14,36,3,False
125,14,65,3,True
125,14,70,3,True
125,14,115,3,False
125,14,128,3,True
125,14,175,3,True
125,14,226,3,True
125,14,8,4,False
125,14,28,4,False
125,14,36,4,False
125,14,65,4,True
125,14,70,4,True
125,14,115,4,False
125,14,128,4,False
125,14,175,4,False
125,14,226,4,True
125,14,8,5,False
125,14,28,5,True
125,14,36,5,True
125,14,65,5,False
125,14,70,5,False
125,14,115,5,False
125,14,128,5,True
125,14,175,5,True
125,14,226,5,False
126,12,121,1,False
126,12,136,1,False
126,12,243,1,False
126,12,121,2,False
126,12,136,2,False
126,12,243,2,False
126,12,121,3,False
126,12,136,3,False
126,12,243,3,False
126,12,121,4,False
126,12,136,4,False
126,12,243,4,True
126,13,180,1,False
126,13,189,1,False
126,13,180,2,False
126,13,189,2,False
126,13,180,3,False
126,13,189,3,False
126,13,180,4,False
126,13,189,4,False
126,14,8,1,True
126,14,28,1,False
126,14,36,1,False
126,14,65,1,True
126,14,70,1,True
126,14,115,1,True
126,14,128,1,True
126,14,175,1,False
126,14,226,1,False
126,14,8,2,False
126,14,28,2,True
126,14,36,2,True
126,14,65,2,True
126,14,70,2,True
126,14,115,2,False
126,14,128,2,False
126,14,175,2,False
126,14,226,2,True
126,14,8,3,True
126,14,28,3,True
126,14,36,3,True
126,14,65,3,True
126,14,70,3,True
126,14,115,3,True
126,14,128,3,True
126,14,175,3,False
126,14,226,3,True
126,14,8,4,True
126,14,28,4,True
126,14,36,4,True
126,14,65,4,False
126,14,70,4,True
126,14,115,4,True
126,14,128,4,True
126,14,175,4,False
126,14,226,4,True
126,14,8,5,False
126,14,28,5,True
126,14,36,5,False
126,14,65,5,True
126,14,70,5,True
126,14,115,5,False
126,14,128,5,True
126,14,175,5,False
126,14,226,5,False
127,12,121,1,True
127,12,136,1,False
127,12,243,1,False
127,12,121,2,True
127,12,136,2,False
127,12,243,2,False
127,12,121,3,False
127,12,136,3,False
127,12,243,3,False
127,12,121,4,False
127,12,136,4,False
127,12,243,4,False
127,12,121,5,False
127,12,136,5,False
127,12,243,5,False
127,13,180,1,False
127,13,189,1,False
127,13,180,2,False
127,13,189,2,False
127,13,180,3,False
127,13,189,3,False
127,13,180,4,False
127,13,189,4,False
127,14,8,1,True
127,14,28,1,False
127,14,36,1,False
127,14,65,1,True
127,14,70,1,False
127,14,115,1,True
127,14,128,1,True
127,14,175,1,False
127,14,226,1,False
127,14,8,2,False
127,14,28,2,True
127,14,36,2,True
127,14,65,2,False
127,14,70,2,False
127,14,115,2,False
127,14,128,2,False
127,14,175,2,False
127,14,226,2,False
127,14,8,3,False
127,14,28,3,False
127,14,36,3,False
127,14,65,3,True
127,14,70,3,True
127,14,115,3,False
127,14,128,3,False
127,14,175,3,False
127,14,226,3,False
127,14,8,4,False
127,14,28,4,False
127,14,36,4,False
127,14,65,4,True
127,14,70,4,True
127,14,115,4,False
127,14,128,4,False
127,14,175,4,False
127,14,226,4,True
127,14,8,5,False
127,14,28,5,False
127,14,36,5,False
127,14,65,5,False
127,14,70,5,False
127,14,115,5,False
127,14,128,5,False
127,14,175,5,False
127,14,226,5,False
127,16,7,1,True
127,16,93,1,False
127,16,244,1,False
127,16,7,2,False
127,16,93,2,True
127,16,244,2,False
127,16,7,3,False
127,16,93,3,True
127,16,244,3,False
127,16,7,4,False
127,16,93,4,False
127,16,244,4,False
127,16,7,5,False
127,16,93,5,False
127,16,244,5,False
128,12,121,1,True
128,12,136,1,True
128,12,243,1,False
128,12,121,2,True
128,12,136,2,False
128,12,243,2,False
128,12,121,3,True
128,12,136,3,False
128,12,243,3,False
128,12,121,4,False
128,12,136,4,True
128,12,243,4,True
128,13,180,1,False
128,13,189,1,True
128,13,180,2,False
128,13,189,2,False
128,13,180,3,False
128,13,189,3,True
128,13,180,4,False
128,13,189,4,True
128,14,8,1,False
128,14,28,1,False
128,14,36,1,False
128,14,65,1,False
128,14,70,1,False
128,14,115,1,False
128,14,128,1,False
128,14,175,1,False
128,14,226,1,False
128,14,8,5,True
128,14,28,5,True
128,14,36,5,False
128,14,65,5,True
128,14,70,5,False
128,14,115,5,True
128,14,128,5,False
128,14,175,5,True
128,14,226,5,True
129,12,121,1,False
129,12,136,1,False
129,12,243,1,False
129,12,121,2,False
129,12,136,2,False
129,12,243,2,False
129,12,121,3,False
129,12,136,3,False
129,12,243,3,False
129,12,121,4,False
129,12,136,4,False
129,12,243,4,False
129,13,180,1,False
129,13,189,1,True
129,13,180,2,False
129,13,189,2,True
129,13,180,3,False
129,13,189,3,True
129,13,180,4,False
129,13,189,4,True
129,14,8,1,True
129,14,28,1,False
129,14,36,1,True
129,14,65,1,True
129,14,70,1,True
129,14,115,1,True
129,14,128,1,True
129,14,175,1,False
129,14,226,1,False
129,14,8,2,False
129,14,28,2,True
129,14,36,2,True
129,14,65,2,True
129,14,70,2,True
129,14,115,2,False
129,14,128,2,True
129,14,175,2,False
129,14,226,2,True
129,14,8,3,False
129,14,28,3,False
129,14,36,3,True
129,14,65,3,True
129,14,70,3,True
129,14,115,3,False
129,14,128,3,True
129,14,175,3,False
129,14,226,3,True
129,14,8,4,False
129,14,28,4,True
129,14,36,4,True
129,14,65,4,True
129,14,70,4,False
129,14,115,4,False
129,14,128,4,True
129,14,175,4,False
129,14,226,4,False
129,14,8,5,False
129,14,28,5,True
129,14,36,5,True
129,14,65,5,False
129,14,70,5,True
129,14,115,5,False
129,14,128,5,False
129,14,175,5,True
129,14,226,5,True
129,15,179,1,False
129,15,249,1,False
129,15,179,2,False
129,15,249,2,False
129,15,179,3,False
129,15,249,3,False
129,15,179,5,False
129,15,249,5,False
130,12,121,1,True
130,12,136,1,True
130,12,243,1,False
130,12,121,2,True
130,12,136,2,True
130,12,243,2,False
130,12,121,3,True
130,12,136,3,True
130,12,243,3,False
130,12,121,4,False
130,12,136,4,True
130,12,243,4,True
130,14,8,1,True
130,14,28,1,False
130,14,36,1,False
130,14,65,1,True
130,14,70,1,False
130,14,115,1,False
130,14,128,1,True
130,14,175,1,False
130,14,226,1,False
130,14,8,2,False
130,14,28,2,True
130,14,36,2,True
130,14,65,2,False
130,14,70,2,False
130,14,115,2,False
130,14,128,2,False
130,14,175,2,False
130,14,226,2,False
130,14,8,3,False
130,14,28,3,False
130,14,36,3,False
130,14,65,3,False
130,14,70,3,False
130,14,115,3,True
130,14,128,3,False
130,14,175,3,False
130,14,226,3,False
130,14,8,4,False
130,14,28,4,False
130,14,36,4,False
130,14,65,4,False
130,14,70,4,False
130,14,115,4,False
130,14,128,4,False
130,14,175,4,True
130,14,226,4,True
130,14,8,5,False
130,14,28,5,True
130,14,36,5,True
130,14,65,5,False
130,14,70,5,True
130,14,115,5,True
130,14,128,5,False
130,14,175,5,True
130,14,226,5,False
131,13,180,1,False
131,13,189,1,False
131,13,180,2,False
131,13,189,2,False
131,13,180,3,False
131,13,189,3,True
131,13,180,4,False
131,13,189,4,False
131,14,8,1,False
131,14,28,1,False
131,14,36,1,False
131,14,65,1,False
131,14,70,1,False
131,14,115,1,True
131,14,128,1,True
131,14,175,1,False
131,14,226,1,False
131,14,8,2,False
131,14,28,2,True
131,14,36,2,False
131,14,65,2,False
131,14,70,2,False
131,14,115,2,False
131,14,128,2,False
131,14,175,2,False
131,14,226,2,False
131,14,8,3,False
131,14,28,3,False
131,14,36,3,False
131,14,65,3,False
131,14,70,3,False
131,14,115,3,True
131,14,128,3,True
131,14,175,3,True
131,14,226,3,False
131,14,8,4,False
131,14,28,4,False
131,14,36,4,False
131,14,65,4,False
131,14,70,4,False
131,14,115,4,True
131,14,128,4,False
131,14,175,4,True
131,14,226,4,False
131,14,8,5,False
131,14,28,5,False
131,14,36,5,False
131,14,65,5,False
131,14,70,5,False
131,14,115,5,False
131,14,128,5,False
131,14,175,5,True
131,14,226,5,False
131,15,179,1,False
131,15,249,1,False
131,15,179,2,False
131,15,249,2,False
131,15,179,3,False
131,15,249,3,False
131,15,179,5,False
131,15,249,5,False
132,12,121,1,False
132,12,136,1,False
132,12,243,1,False
132,12,121,2,False
132,12,136,2,False
132,12,243,2,False
132,12,121,4,False
132,12,136,4,False
132,12,243,4,False
132,14,8,1,True
132,14,28,1,False
132,14,36,1,True
132,14,65,1,True
132,14,70,1,False
132,14,115,1,True
132,14,128,1,True
132,14,175,1,False
132,14,226,1,False
132,14,8,2,False
132,14,28,2,True
132,14,36,2,True
132,14,65,2,False
132,14,70,2,True
132,14,115,2,False
132,14,128,2,False
132,14,175,2,False
132,14,226,2,True
132,14,8,3,False
132,14,28,3,False
132,14,36,3,True
132,14,65,3,True
132,14,70,3,True
132,14,115,3,True
132,14,128,3,True
132,14,175,3,False
132,14,226,3,True
132,14,8,4,False
132,14,28,4,True
132,14,36,4,True
132,14,65,4,False
132,14,70,4,True
132,14,115,4,False
132,14,128,4,True
132,14,175,4,False
132,14,226,4,True
132,14,8,5,False
132,14,28,5,True
132,14,36,5,False
132,14,65,5,False
132,14,70,5,False
132,14,115,5,True
132,14,128,5,True
132,14,175,5,False
132,14,226,5,True
133,12,121,1,False
133,12,136,1,False
133,12,243,1,False
133,12,121,2,False
133,12,136,2,False
133,12,243,2,False
133,14,8,1,False
133,14,28,1,False
133,14,36,1,False
133,14,65,1,True
133,14,70,1,False
133,14,115,1,False
133,14,128,1,True
133,14,175,1,False
133,14,226,1,False
133,14,8,2,False
133,14,28,2,True
133,14,36,2,True
133,14,65,2,False
133,14,70,2,True
133,14,115,2,False
133,14,128,2,False
133,14,175,2,False
133,14,226,2,False
133,14,8,3,False
133,14,28,3,False
133,14,36,3,True
133,14,65,3,True
133,14,70,3,True
133,14,115,3,True
133,14,128,3,True
133,14,175,3,False
133,14,226,3,False
133,14,8,4,False
133,14,28,4,False
133,14,36,4,False
133,14,65,4,True
133,14,70,4,False
133,14,115,4,False
133,14,128,4,True
133,14,175,4,False
133,14,226,4,True
133,14,8,5,False
133,14,28,5,True
133,14,36,5,False
133,14,65,5,True
133,14,70,5,True
133,14,115,5,False
133,14,128,5,False
133,14,175,5,False
133,14,226,5,False
133,16,7,1,False
133,16,93,1,False
133,16,244,1,False
133,16,7,3,False
133,16,93,3,False
133,16,244,3,False
133,16,7,5,False
133,16,93,5,False
133,16,244,5,False
134,12,121,1,False
134,12,136,1,False
134,12,243,1,False
134,12,121,2,False
134,12,136,2,False
134,12,243,2,False
134,12,121,3,False
134,12,136,3,False
134,12,243,3,False
134,12,121,4,False
134,12,136,4,False
134,12,243,4,False
134,13,180,1,False
134,13,189,1,True
134,13,180,2,False
134,13,189,2,False
134,13,180,3,False
134,13,189,3,False
134,13,180,4,False
134,13,189,4,False
134,14,8,1,True
134,14,28,1,False
134,14,36,1,False
134,14,65,1,True
134,14,70,1,True
134,14,115,1,True
134,14,128,1,True
134,14,175,1,False
134,14,226,1,False
134,14,8,2,False
134,14,28,2,True
134,14,36,2,True
134,14,65,2,False
134,14,70,2,True
134,14,115,2,False
134,14,128,2,True
134,14,175,2,False
134,14,226,2,False
134,14,8,3,True
134,14,28,3,False
134,14,36,3,False
134,14,65,3,True
134,14,70,3,True
134,14,115,3,True
134,14,128,3,True
134,14,175,3,False
134,14,226,3,True
134,14,8,4,False
134,14,28,4,False
134,14,36,4,True
134,14,65,4,False
134,14,70,4,True
134,14,115,4,False
134,14,128,4,True
134,14,175,4,False
134,14,226,4,True
134,14,8,5,False
134,14,28,5,True
134,14,36,5,True
134,14,65,5,False
134,14,70,5,True
134,14,115,5,False
134,14,128,5,False
134,14,175,5,True
134,14,226,5,False
135,12,121,1,False
135,12,136,1,False
135,12,243,1,False
135,12,121,2,False
135,12,136,2,False
135,12,243,2,False
135,12,121,3,False
135,12,136,3,False
135,12,243,3,False
135,12,121,4,False
135,12,136,4,False
135,12,243,4,False
135,13,180,1,False
135,13,189,1,True
135,13,180,2,False
135,13,189,2,True
135,13,180,3,False
135,13,189,3,True
135,13,180,4,False
135,13,189,4,False
135,14,8,1,True
135,14,28,1,False
135,14,36,1,False
135,14,65,1,True
135,14,70,1,False
135,14,115,1,True
135,14,128,1,True
135,14,175,1,False
135,14,226,1,False
135,14,8,2,False
135,14,28,2,True
135,14,36,2,True
135,14,65,2,False
135,14,70,2,True
135,14,115,2,False
135,14,128,2,False
135,14,175,2,False
135,14,226,2,True
135,14,8,3,True
135,14,28,3,False
135,14,36,3,False
135,14,65,3,True
135,14,70,3,True
135,14,115,3,False
135,14,128,3,False
135,14,175,3,False
135,14,226,3,False
135,14,8,4,False
135,14,28,4,False
135,14,36,4,False
135,14,65,4,True
135,14,70,4,True
135,14,115,4,False
135,14,128,4,False
135,14,175,4,False
135,14,226,4,False
135,14,8,5,True
135,14,28,5,True
135,14,36,5,True
135,14,65,5,True
135,14,70,5,True
135,14,115,5,False
135,14,128,5,False
135,14,175,5,False
135,14,226,5,True
136,13,180,1,False
136,13,189,1,False
136,13,180,2,False
136,13,189,2,True
136,13,180,3,False
136,13,189,3,False
136,13,180,4,False
136,13,189,4,False
136,14,8,1,False
136,14,28,1,False
136,14,36,1,True
136,14,65,1,False
136,14,70,1,True
136,14,115,1,False
136,14,128,1,False
136,14,175,1,True
136,14,226,1,False
136,14,8,2,False
136,14,28,2,True
136,14,36,2,True
136,14,65,2,False
136,14,70,2,False
136,14,115,2,False
136,14,128,2,False
136,14,175,2,True
136,14,226,2,True
136,14,8,3,False
136,14,28,3,False
136,14,36,3,False
136,14,65,3,True
136,14,70,3,False
136,14,115,3,False
136,14,128,3,False
136,14,175,3,True
136,14,226,3,True
136,14,8,4,False
136,14,28,4,False
136,14,36,4,False
136,14,65,4,True
136,14,70,4,True
136,14,115,4,False
136,14,128,4,False
136,14,175,4,True
136,14,226,4,True
136,14,8,5,False
136,14,28,5,False
136,14,36,5,True
136,14,65,5,False
136,14,70,5,True
136,14,115,5,False
136,14,128,5,False
136,14,175,5,True
136,14,226,5,True
137,12,121,1,True
137,12,136,1,True
137,12,243,1,False
137,12,121,2,True
137,12,136,2,True
137,12,243,2,False
137,12,121,3,True
137,12,136,3,True
137,12,243,3,False
137,12,121,4,False
137,12,136,4,True
137,12,243,4,True
137,12,121,5,False
137,12,136,5,False
137,12,243,5,False
137,13,180,1,False
137,13,189,1,True
137,13,180,2,False
137,13,189,2,False
137,13,180,3,False
137,13,189,3,False
137,13,180,4,False
137,13,189,4,False
137,14,8,1,False
137,14,28,1,False
137,14,36,1,False
137,14,65,1,False
137,14,70,1,False
137,14,115,1,True
137,14,128,1,True
137,14,175,1,False
137,14,226,1,False
137,14,8,2,False
137,14,28,2,True
137,14,36,2,True
137,14,65,2,False
137,14,70,2,True
137,14,115,2,False
137,14,128,2,False
137,14,175,2,False
137,14,226,2,True
137,14,8,3,False
137,14,28,3,False
137,14,36,3,False
137,14,65,3,True
137,14,70,3,True
137,14,115,3,True
137,14,128,3,False
137,14,175,3,True
137,14,226,3,False
137,14,8,4,False
137,14,28,4,False
137,14,36,4,True
137,14,65,4,False
137,14,70,4,False
137,14,115,4,True
137,14,128,4,False
137,14,175,4,True
137,14,226,4,True
137,14,8,5,False
137,14,28,5,True
137,14,36,5,True
137,14,65,5,False
137,14,70,5,False
137,14,115,5,True
137,14,128,5,False
137,14,175,5,True
137,14,226,5,True
137,16,7,1,True
137,16,93,1,False
137,16,244,1,False
137,16,7,2,False
137,16,93,2,False
137,16,244,2,False
137,16,7,5,True
137,16,93,5,False
137,16,244,5,False
138,14,8,1,True
138,14,28,1,False
138,14,36,1,False
138,14,65,1,True
138,14,70,1,False
138,14,115,1,True
138,14,128,1,True
138,14,175,1,False
138,14,226,1,False
138,14,8,2,False
138,14,28,2,True
138,14,36,2,True
138,14,65,2,False
138,14,70,2,False
138,14,115,2,False
138,14,128,2,False
138,14,175,2,False
138,14,226,2,True
138,14,8,3,True
138,14,28,3,True
138,14,36,3,True
138,14,65,3,True
138,14,70,3,True
138,14,115,3,False
138,14,128,3,True
138,14,175,3,False
138,14,226,3,False
138,14,8,4,False
138,14,28,4,False
138,14,36,4,True
138,14,65,4,False
138,14,70,4,False
138,14,115,4,True
138,14,128,4,False
138,14,175,4,True
138,14,226,4,True
138,14,8,5,False
138,14,28,5,False
138,14,36,5,False
138,14,65,5,False
138,14,70,5,True
138,14,115,5,False
138,14,128,5,False
138,14,175,5,False
138,14,226,5,False
139,12,121,1,False
139,12,136,1,True
139,12,243,1,False
139,12,121,2,False
139,12,136,2,False
139,12,243,2,False
139,12,121,3,False
139,12,136,3,True
139,12,243,3,False
139,12,121,4,False
139,12,136,4,False
139,12,243,4,True
139,13,180,1,False
139,13,189,1,False
139,13,180,2,False
139,13,189,2,True
139,13,180,4,False
139,13,189,4,True
139,14,8,1,True
139,14,28,1,False
139,14,36,1,False
139,14,65,1,True
139,14,70,1,False
139,14,115,1,True
139,14,128,1,True
139,14,175,1,False
139,14,226,1,False
139,14,8,2,False
139,14,28,2,True
139,14,36,2,True
139,14,65,2,False
139,14,70,2,True
139,14,115,2,False
139,14,128,2,False
139,14,175,2,False
139,14,226,2,True
139,14,8,3,True
139,14,28,3,True
139,14,36,3,False
139,14,65,3,True
139,14,70,3,True
139,14,115,3,False
139,14,128,3,True
139,14,175,3,False
139,14,226,3,False
139,14,8,4,False
139,14,28,4,False
139,14,36,4,False
139,14,65,4,False
139,14,70,4,True
139,14,115,4,False
139,14,128,4,False
139,14,175,4,False
139,14,226,4,False
139,14,8,5,False
139,14,28,5,False
139,14,36,5,True
139,14,65,5,True
139,14,70,5,True
139,14,115,5,True
139,14,128,5,True
139,14,175,5,True
139,14,226,5,True
139,16,7,1,True
139,16,93,1,False
139,16,244,1,False
139,16,7,2,False
139,16,93,2,False
139,16,244,2,False
139,16,7,5,True
139,16,93,5,False
139,16,244,5,False
140,12,121,1,True
140,12,136,1,False
140,12,243,1,True
140,12,121,2,True
140,12,136,2,False
140,12,243,2,False
140,12,121,3,False
140,12,136,3,False
140,12,243,3,False
140,12,121,4,False
140,12,136,4,False
140,12,243,4,True
140,13,180,1,False
140,13,189,1,False
140,13,180,2,False
140,13,189,2,True
140,13,180,3,False
140,13,189,3,False
140,13,180,4,False
140,13,189,4,False
140,14,8,1,False
140,14,28,1,False
140,14,36,1,False
140,14,65,1,False
140,14,70,1,False
140,14,115,1,False
140,14,128,1,True
140,14,175,1,False
140,14,226,1,False
140,14,8,2,False
140,14,28,2,True
140,14,36,2,True
140,14,65,2,False
140,14,70,2,False
140,14,115,2,False
140,14,128,2,False
140,14,175,2,False
140,14,226,2,True
140,14,8,3,True
140,14,28,3,False
140,14,36,3,False
140,14,65,3,True
140,14,70,3,True
140,14,115,3,True
140,14,128,3,False
140,14,175,3,False
140,14,226,3,False
140,14,8,4,False
140,14,28,4,False
140,14,36,4,False
140,14,65,4,True
140,14,70,4,True
140,14,115,4,False
140,14,128,4,False
140,14,175,4,False
140,14,226,4,False
140,14,8,5,False
140,14,28,5,True
140,14,36,5,True
140,14,65,5,False
140,14,70,5,False
140,14,115,5,False
140,14,128,5,False
140,14,175,5,False
140,14,226,5,False
141,12,121,1,False
141,12,136,1,False
141,12,243,1,False
141,12,121,2,False
141,12,136,2,False
141,12,243,2,False
141,12,121,3,False
141,12,136,3,False
141,12,243,3,False
141,12,121,4,False
141,12,136,4,False
141,12,243,4,False
141,13,180,1,False
141,13,189,1,False
141,13,180,2,False
141,13,189,2,False
141,13,180,3,False
141,13,189,3,False
141,13,180,4,False
141,13,189,4,False
141,14,8,1,False
141,14,28,1,False
141,14,36,1,False
141,14,65,1,True
141,14,70,1,False
141,14,115,1,False
141,14,128,1,True
141,14,175,1,False
141,14,226,1,False
141,14,8,2,False
141,14,28,2,True
141,14,36,2,False
141,14,65,2,False
141,14,70,2,False
141,14,115,2,False
141,14,128,2,True
141,14,175,2,False
141,14,226,2,False
141,14,8,3,False
141,14,28,3,False
141,14,36,3,False
141,14,65,3,False
141,14,70,3,True
141,14,115,3,False
141,14,128,3,True
141,14,175,3,False
141,14,226,3,False
141,14,8,4,False
141,14,28,4,False
141,14,36,4,False
141,14,65,4,False
141,14,70,4,False
141,14,115,4,False
141,14,128,4,False
141,14,175,4,False
141,14,226,4,False
141,14,8,5,False
141,14,28,5,False
141,14,36,5,False
141,14,65,5,True
141,14,70,5,False
141,14,115,5,False
141,14,128,5,True
141,14,175,5,True
141,14,226,5,False
142,12,121,1,False
142,12,136,1,False
142,12,243,1,False
142,12,121,2,False
142,12,136,2,False
142,12,243,2,False
142,12,121,3,False
142,12,136,3,False
142,12,243,3,False
142,12,121,4,False
142,12,136,4,False
142,12,243,4,False
142,13,180,1,False
142,13,189,1,False
142,13,180,2,False
142,13,189,2,False
142,13,180,3,False
142,13,189,3,False
142,13,180,4,False
142,13,189,4,False
142,14,8,1,True
142,14,28,1,False
142,14,36,1,False
142,14,65,1,True
142,14,70,1,True
142,14,115,1,False
142,14,128,1,True
142,14,175,1,False
142,14,226,1,False
142,14,8,2,False
142,14,28,2,True
142,14,36,2,True
142,14,65,2,True
142,14,70,2,True
142,14,115,2,False
142,14,128,2,False
142,14,175,2,False
142,14,226,2,True
142,14,8,3,False
142,14,28,3,False
142,14,36,3,True
142,14,65,3,True
142,14,70,3,True
142,14,115,3,False
142,14,128,3,True
142,14,175,3,True
142,14,226,3,False
142,14,8,4,False
142,14,28,4,True
142,14,36,4,True
142,14,65,4,True
142,14,70,4,True
142,14,115,4,False
142,14,128,4,False
142,14,175,4,False
142,14,226,4,True
142,14,8,5,False
142,14,28,5,False
142,14,36,5,False
142,14,65,5,False
142,14,70,5,False
142,14,115,5,True
142,14,128,5,False
142,14,175,5,True
142,14,226,5,False
143,14,8,1,True
143,14,28,1,False
143,14,36,1,False
143,14,65,1,True
143,14,70,1,True
143,14,115,1,True
143,14,128,1,True
143,14,175,1,True
143,14,226,1,False
143,14,8,2,False
143,14,28,2,True
143,14,36,2,True
143,14,65,2,False
143,14,70,2,True
143,14,115,2,False
143,14,128,2,False
143,14,175,2,False
143,14,226,2,True
143,14,8,3,True
143,14,28,3,False
143,14,36,3,False
143,14,65,3,True
143,14,70,3,True
143,14,115,3,True
143,14,128,3,True
143,14,175,3,False
143,14,226,3,False
143,14,8,4,False
143,14,28,4,False
143,14,36,4,False
143,14,65,4,False
143,14,70,4,False
143,14,115,4,False
143,14,128,4,False
143,14,175,4,False
143,14,226,4,False
143,14,8,5,False
143,14,28,5,False
143,14,36,5,False
143,14,65,5,True
143,14,70,5,True
143,14,115,5,True
143,14,128,5,True
143,14,175,5,False
143,14,226,5,False
144,12,121,1,False
144,12,136,1,False
144,12,243,1,False
144,12,121,2,False
144,12,136,2,False
144,12,243,2,False
144,12,121,4,False
144,12,136,4,False
144,12,243,4,False
144,13,180,1,False
144,13,189,1,False
144,13,180,2,False
144,13,189,2,False
144,13,180,4,False
144,13,189,4,False
144,14,8,1,True
144,14,28,1,False
144,14,36,1,False
144,14,65,1,True
144,14,70,1,True
144,14,115,1,False
144,14,128,1,True
144,14,175,1,False
144,14,226,1,False
144,14,8,2,False
144,14,28,2,True
144,14,36,2,True
144,14,65,2,True
144,14,70,2,True
144,14,115,2,False
144,14,128,2,True
144,14,175,2,False
144,14,226,2,False
144,14,8,3,False
144,14,28,3,False
144,14,36,3,True
144,14,65,3,False
144,14,70,3,True
144,14,115,3,True
144,14,128,3,True
144,14,175,3,True
144,14,226,3,False
144,14,8,4,False
144,14,28,4,True
144,14,36,4,True
144,14,65,4,False
144,14,70,4,True
144,14,115,4,False
144,14,128,4,False
144,14,175,4,True
144,14,226,4,True
144,14,8,5,False
144,14,28,5,False
144,14,36,5,False
144,14,65,5,False
144,14,70,5,True
144,14,115,5,False
144,14,128,5,True
144,14,175,5,True
144,14,226,5,False
145,12,121,1,False
145,12,136,1,True
145,12,243,1,False
145,12,121,2,True
145,12,136,2,True
145,12,243,2,False
145,12,121,3,True
145,12,136,3,False
145,12,243,3,False
145,12,121,4,False
145,12,136,4,True
145,12,243,4,True
145,14,8,1,True
145,14,28,1,False
145,14,36,1,False
145,14,65,1,True
145,14,70,1,True
145,14,115,1,True
145,14,128,1,True
145,14,175,1,False
145,14,226,1,False
145,14,8,2,False
145,14,28,2,True
145,14,36,2,True
145,14,65,2,True
145,14,70,2,True
145,14,115,2,False
145,14,128,2,True
145,14,175,2,False
145,14,226,2,True
145,14,8,3,False
145,14,28,3,False
145,14,36,3,False
145,14,65,3,True
145,14,70,3,True
145,14,115,3,True
145,14,128,3,True
145,14,175,3,False
145,14,226,3,False
145,14,8,4,False
145,14,28,4,True
145,14,36,4,True
145,14,65,4,True
145,14,70,4,True
145,14,115,4,True
145,14,128,4,True
145,14,175,4,False
145,14,226,4,True
145,14,8,5,False
145,14,28,5,False
145,14,36,5,False
145,14,65,5,True
145,14,70,5,True
145,14,115,5,True
145,14,128,5,False
145,14,175,5,False
145,14,226,5,False
145,16,7,1,False
145,16,93,1,False
145,16,244,1,False
145,16,7,2,False
145,16,93,2,False
145,16,244,2,False
145,16,7,3,False
145,16,93,3,False
145,16,244,3,False
145,16,7,5,False
145,16,93,5,False
145,16,244,5,False
146,12,121,1,False
146,12,136,1,False
146,12,243,1,False
146,12,121,2,False
146,12,136,2,False
146,12,243,2,False
146,12,121,3,False
146,12,136,3,False
146,12,243,3,False
146,12,121,4,False
146,12,136,4,False
146,12,243,4,False
146,13,180,1,False
146,13,189,1,False
146,13,180,2,False
146,13,189,2,True
146,13,180,3,False
146,13,189,3,False
146,13,180,4,False
146,13,189,4,False
146,14,8,1,True
146,14,28,1,False
146,14,36,1,False
146,14,65,1,True
146,14,70,1,False
146,14,115,1,False
146,14,128,1,True
146,14,175,1,False
146,14,226,1,False
146,14,8,2,False
146,14,28,2,True
146,14,36,2,False
146,14,65,2,False
146,14,70,2,False
146,14,115,2,False
146,14,128,2,False
146,14,175,2,False
146,14,226,2,False
146,14,8,3,False
146,14,28,3,False
146,14,36,3,False
146,14,65,3,False
146,14,70,3,False
146,14,115,3,False
146,14,128,3,False
146,14,175,3,False
146,14,226,3,False
146,14,8,4,False
146,14,28,4,False
146,14,36,4,False
146,14,65,4,False
146,14,70,4,False
146,14,115,4,False
146,14,128,4,False
146,14,175,4,False
146,14,226,4,False
146,14,8,5,False
146,14,28,5,False
146,14,36,5,False
146,14,65,5,False
146,14,70,5,False
146,14,115,5,False
146,14,128,5,False
146,14,175,5,True
146,14,226,5,False
146,15,179,1,True
146,15,249,1,False
146,15,179,5,False
146,15,249,5,False
146,16,7,1,False
146,16,93,1,False
146,16,244,1,False
146,16,7,2,False
146,16,93,2,False
146,16,244,2,False
146,16,7,3,False
146,16,93,3,False
146,16,244,3,False
146,16,7,4,False
146,16,93,4,False
146,16,244,4,False
146,16,7,5,False
146,16,93,5,False
146,16,244,5,False
147,12,121,1,False
147,12,136,1,False
147,12,243,1,False
147,12,121,2,False
147,12,136,2,False
147,12,243,2,False
147,12,121,3,False
147,12,136,3,False
147,12,243,3,False
147,12,121,4,False
147,12,136,4,False
147,12,243,4,False
147,14,8,1,True
147,14,28,1,False
147,14,36,1,True
147,14,65,1,True
147,14,70,1,True
147,14,115,1,True
147,14,128,1,True
147,14,175,1,False
147,14,226,1,False
147,14,8,2,False
147,14,28,2,True
147,14,36,2,True
147,14,65,2,True
147,14,70,2,True
147,14,115,2,False
147,14,128,2,True
147,14,175,2,False
147,14,226,2,True
147,14,8,3,False
147,14,28,3,False
147,14,36,3,True
147,14,65,3,True
147,14,70,3,True
147,14,115,3,False
147,14,128,3,True
147,14,175,3,False
147,14,226,3,False
147,14,8,4,False
147,14,28,4,False
147,14,36,4,True
147,14,65,4,True
147,14,70,4,True
147,14,115,4,False
147,14,128,4,True
147,14,175,4,False
147,14,226,4,True
147,14,8,5,False
147,14,28,5,False
147,14,36,5,True
147,14,65,5,True
147,14,70,5,True
147,14,115,5,False
147,14,128,5,True
147,14,175,5,False
147,14,226,5,True
148,13,180,1,False
148,13,189,1,False
148,13,180,2,False
148,13,189,2,False
148,13,180,3,False
148,13,189,3,True
148,13,180,4,False
148,13,189,4,False
148,14,8,1,True
148,14,28,1,False
148,14,36,1,False
148,14,65,1,True
148,14,70,1,True
148,14,115,1,True
148,14,128,1,True
148,14,175,1,True
148,14,226,1,False
148,14,8,2,False
148,14,28,2,True
148,14,36,2,True
148,14,65,2,True
148,14,70,2,True
148,14,115,2,False
148,14,128,2,True
148,14,175,2,False
148,14,226,2,True
148,14,8,3,False
148,14,28,3,False
148,14,36,3,False
148,14,65,3,True
148,14,70,3,True
148,14,115,3,False
148,14,128,3,True
148,14,175,3,False
148,14,226,3,False
148,14,8,4,False
148,14,28,4,False
148,14,36,4,False
148,14,65,4,True
148,14,70,4,True
148,14,115,4,False
148,14,128,4,True
148,14,175,4,False
148,14,226,4,False
148,14,8,5,True
148,14,28,5,False
148,14,36,5,False
148,14,65,5,True
148,14,70,5,True
148,14,115,5,True
148,14,128,5,True
148,14,175,5,True
148,14,226,5,False
149,12,121,1,False
149,12,136,1,False
149,12,243,1,False
149,12,121,2,False
149,12,136,2,False
149,12,243,2,False
149,12,121,3,False
149,12,136,3,False
149,12,243,3,False
149,12,121,4,False
149,12,136,4,False
149,12,243,4,False
149,13,180,1,False
149,13,189,1,False
149,13,180,2,False
149,13,189,2,False
149,13,180,3,False
149,13,189,3,False
149,13,180,4,False
149,13,189,4,False
149,14,8,1,True
149,14,28,1,False
149,14,36,1,False
149,14,65,1,True
149,14,70,1,True
149,14,115,1,True
149,14,128,1,True
149,14,175,1,False
149,14,226,1,False
149,14,8,2,False
149,14,28,2,True
149,14,36,2,True
149,14,65,2,True
149,14,70,2,True
149,14,115,2,False
149,14,128,2,False
149,14,175,2,False
149,14,226,2,True
149,14,8,3,False
149,14,28,3,False
149,14,36,3,True
149,14,65,3,True
149,14,70,3,True
149,14,115,3,True
149,14,128,3,True
149,14,175,3,False
149,14,226,3,False
149,14,8,4,False
149,14,28,4,True
149,14,36,4,True
149,14,65,4,True
149,14,70,4,True
149,14,115,4,False
149,14,128,4,True
149,14,175,4,False
149,14,226,4,False
149,14,8,5,False
149,14,28,5,True
149,14,36,5,True
149,14,65,5,True
149,14,70,5,True
149,14,115,5,False
149,14,128,5,False
149,14,175,5,True
149,14,226,5,False
150,12,121,1,False
150,12,136,1,False
150,12,243,1,False
150,12,121,2,False
150,12,136,2,False
150,12,243,2,False
150,12,121,3,False
150,12,136,3,False
150,12,243,3,False
150,12,121,4,False
150,12,136,4,False
150,12,243,4,False
150,14,8,1,True
150,14,28,1,False
150,14,36,1,True
150,14,65,1,True
150,14,70,1,True
150,14,115,1,True
150,14,128,1,True
150,14,175,1,False
150,14,226,1,False
150,14,8,2,False
150,14,28,2,True
150,14,36,2,True
150,14,65,2,False
150,14,70,2,True
150,14,115,2,False
150,14,128,2,True
150,14,175,2,True
150,14,226,2,True
150,14,8,3,False
150,14,28,3,False
150,14,36,3,False
150,14,65,3,True
150,14,70,3,True
150,14,115,3,False
150,14,128,3,True
150,14,175,3,False
150,14,226,3,False
150,14,8,4,False
150,14,28,4,False
150,14,36,4,False
150,14,65,4,False
150,14,70,4,True
150,14,115,4,False
150,14,128,4,True
150,14,175,4,False
150,14,226,4,False
150,14,8,5,False
150,14,28,5,False
150,14,36,5,False
150,14,65,5,False
150,14,70,5,False
150,14,115,5,False
150,14,128,5,False
150,14,175,5,False
150,14,226,5,False
150,15,179,1,False
150,15,249,1,False
150,15,179,2,False
150,15,249,2,False
150,15,179,3,False
150,15,249,3,False
150,15,179,4,False
150,15,249,4,True
150,15,179,5,False
150,15,249,5,False
151,12,121,2,False
151,12,136,2,False
151,12,243,2,False
151,13,180,1,False
151,13,189,1,False
151,13,180,2,False
151,13,189,2,False
151,13,180,3,False
151,13,189,3,False
151,13,180,4,False
151,13,189,4,False
151,14,8,1,True
151,14,28,1,False
151,14,36,1,False
151,14,65,1,True
151,14,70,1,False
151,14,115,1,False
151,14,128,1,True
151,14,175,1,False
151,14,226,1,False
151,14,8,2,False
151,14,28,2,True
151,14,36,2,True
151,14,65,2,True
151,14,70,2,True
151,14,115,2,False
151,14,128,2,False
151,14,175,2,False
151,14,226,2,True
151,14,8,3,False
151,14,28,3,False
151,14,36,3,False
151,14,65,3,True
151,14,70,3,True
151,14,115,3,False
151,14,128,3,False
151,14,175,3,False
151,14,226,3,False
151,14,8,4,False
151,14,28,4,False
151,14,36,4,False
151,14,65,4,True
151,14,70,4,True
151,14,115,4,False
151,14,128,4,False
151,14,175,4,False
151,14,226,4,False
151,14,8,5,False
151,14,28,5,True
151,14,36,5,False
151,14,65,5,True
151,14,70,5,True
151,14,115,5,False
151,14,128,5,False
151,14,175,5,True
151,14,226,5,False
152,12,121,1,False
152,12,136,1,False
152,12,243,1,False
152,12,121,2,False
152,12,136,2,False
152,12,243,2,False
152,12,121,3,False
152,12,136,3,False
152,12,243,3,False
152,13,180,1,False
152,13,189,1,False
152,13,180,2,False
152,13,189,2,False
152,13,180,3,False
152,13,189,3,False
152,13,180,4,False
152,13,189,4,False
152,14,8,1,True
152,14,28,1,False
152,14,36,1,False
152,14,65,1,True
152,14,70,1,True
152,14,115,1,True
152,14,128,1,True
152,14,175,1,False
152,14,226,1,False
152,14,8,2,False
152,14,28,2,True
152,14,36,2,True
152,14,65,2,True
152,14,70,2,True
152,14,115,2,False
152,14,128,2,False
152,14,175,2,False
152,14,226,2,True
152,14,8,3,False
152,14,28,3,False
152,14,36,3,True
152,14,65,3,True
152,14,70,3,True
152,14,115,3,True
152,14,128,3,False
152,14,175,3,True
152,14,226,3,False
152,14,8,4,False
152,14,28,4,False
152,14,36,4,True
152,14,65,4,False
152,14,70,4,False
152,14,115,4,True
152,14,128,4,False
152,14,175,4,True
152,14,226,4,False
152,14,8,5,False
152,14,28,5,False
152,14,36,5,False
152,14,65,5,True
152,14,70,5,False
152,14,115,5,True
152,14,128,5,True
152,14,175,5,False
152,14,226,5,False
153,12,121,1,True
153,12,136,1,False
153,12,243,1,False
153,12,121,2,True
153,12,136,2,False
153,12,243,2,False
153,12,121,3,False
153,12,136,3,False
153,12,243,3,False
153,12,121,4,False
153,12,136,4,False
153,12,243,4,False
153,13,180,1,False
153,13,189,1,True
153,13,180,2,False
153,13,189,2,False
153,13,180,3,False
153,13,189,3,False
153,13,180,4,False
153,13,189,4,True
153,14,8,1,False
153,14,28,1,False
153,14,36,1,False
153,14,65,1,True
153,14,70,1,False
153,14,115,1,True
153,14,128,1,True
153,14,175,1,True
153,14,226,1,False
153,14,8,2,False
153,14,28,2,True
153,14,36,2,True
153,14,65,2,False
153,14,70,2,False
153,14,115,2,False
153,14,128,2,False
153,14,175,2,False
153,14,226,2,False
153,14,8,3,False
153,14,28,3,False
153,14,36,3,True
153,14,65,3,False
153,14,70,3,False
153,14,115,3,False
153,14,128,3,False
153,14,175,3,False
153,14,226,3,False
153,14,8,4,False
153,14,28,4,True
153,14,36,4,False
153,14,65,4,False
153,14,70,4,False
153,14,115,4,False
153,14,128,4,False
153,14,175,4,True
153,14,226,4,False
153,14,8,5,False
153,14,28,5,False
153,14,36,5,True
153,14,65,5,False
153,14,70,5,True
153,14,115,5,True
153,14,128,5,False
153,14,175,5,False
153,14,226,5,False
154,12,121,1,False
154,12,136,1,False
154,12,243,1,False
154,12,121,2,False
154,12,136,2,False
154,12,243,2,False
154,12,121,3,False
154,12,136,3,False
154,12,243,3,False
154,14,8,1,True
154,14,28,1,False
154,14,36,1,False
154,14,65,1,True
154,14,70,1,True
154,14,115,1,True
154,14,128,1,True
154,14,175,1,False
154,14,226,1,False
154,14,8,2,False
154,14,28,2,True
154,14,36,2,True
154,14,65,2,True
154,14,70,2,True
154,14,115,2,False
154,14,128,2,False
154,14,175,2,False
154,14,226,2,False
154,14,8,3,False
154,14,28,3,True
154,14,36,3,True
154,14,65,3,True
154,14,70,3,True
154,14,115,3,True
154,14,128,3,True
154,14,175,3,False
154,14,226,3,False
154,14,8,4,False
154,14,28,4,False
154,14,36,4,False
154,14,65,4,True
154,14,70,4,True
154,14,115,4,False
154,14,128,4,True
154,14,175,4,False
154,14,226,4,False
154,14,8,5,False
154,14,28,5,True
154,14,36,5,True
154,14,65,5,True
154,14,70,5,True
154,14,115,5,False
154,14,128,5,True
154,14,175,5,False
154,14,226,5,False
155,12,121,1,False
155,12,136,1,False
155,12,243,1,False
155,12,121,2,False
155,12,136,2,False
155,12,243,2,False
155,12,121,3,False
155,12,136,3,False
155,12,243,3,False
155,12,121,4,False
155,12,136,4,False
155,12,243,4,False
155,13,180,1,False
155,13,189,1,False
155,13,180,2,False
155,13,189,2,False
155,13,180,3,False
155,13,189,3,False
155,13,180,4,False
155,13,189,4,False
155,14,8,1,True
155,14,28,1,False
155,14,36,1,False
155,14,65,1,True
155,14,70,1,True
155,14,115,1,True
155,14,128,1,True
155,14,175,1,False
155,14,226,1,False
155,14,8,2,False
155,14,28,2,True
155,14,36,2,True
155,14,65,2,True
155,14,70,2,True
155,14,115,2,False
155,14,128,2,False
155,14,175,2,False
155,14,226,2,True
155,14,8,3,False
155,14,28,3,True
155,14,36,3,False
155,14,65,3,True
155,14,70,3,True
155,14,115,3,True
155,14,128,3,False
155,14,175,3,True
155,14,226,3,False
155,14,8,4,False
155,14,28,4,True
155,14,36,4,True
155,14,65,4,True
155,14,70,4,True
155,14,115,4,True
155,14,128,4,False
155,14,175,4,False
155,14,226,4,False
155,14,8,5,True
155,14,28,5,True
155,14,36,5,True
155,14,65,5,True
155,14,70,5,True
155,14,115,5,True
155,14,128,5,True
155,14,175,5,True
155,14,226,5,False
156,12,121,1,False
156,12,136,1,False
156,12,243,1,False
156,12,121,2,False
156,12,136,2,False
156,12,243,2,False
156,12,121,3,False
156,12,136,3,False
156,12,243,3,False
156,12,121,4,False
156,12,136,4,False
156,12,243,4,False
156,14,8,1,True
156,14,28,1,False
156,14,36,1,False
156,14,65,1,True
156,14,70,1,True
156,14,115,1,False
156,14,128,1,True
156,14,175,1,False
156,14,226,1,False
156,14,8,2,False
156,14,28,2,True
156,14,36,2,True
156,14,65,2,True
156,14,70,2,True
156,14,115,2,False
156,14,128,2,False
156,14,175,2,False
156,14,226,2,True
156,14,8,3,False
156,14,28,3,True
156,14,36,3,True
156,14,65,3,True
156,14,70,3,True
156,14,115,3,False
156,14,128,3,False
156,14,175,3,False
156,14,226,3,False
156,14,8,4,False
156,14,28,4,False
156,14,36,4,True
156,14,65,4,True
156,14,70,4,True
156,14,115,4,False
156,14,128,4,False
156,14,175,4,False
156,14,226,4,False
156,14,8,5,False
156,14,28,5,False
156,14,36,5,True
156,14,65,5,False
156,14,70,5,False
156,14,115,5,True
156,14,128,5,False
156,14,175,5,False
156,14,226,5,False
157,12,121,1,False
157,12,136,1,False
157,12,243,1,False
157,12,121,2,False
157,12,136,2,False
157,12,243,2,False
157,12,121,3,False
157,12,136,3,False
157,12,243,3,False
157,12,121,4,False
157,12,136,4,False
157,12,243,4,False
157,13,180,1,False
157,13,189,1,False
157,13,180,2,False
157,13,189,2,False
157,13,180,4,False
157,13,189,4,False
157,14,8,1,True
157,14,28,1,False
157,14,36,1,False
157,14,65,1,False
157,14,70,1,False
157,14,115,1,False
157,14,128,1,False
157,14,175,1,False
157,14,226,1,False
157,14,8,3,True
157,14,28,3,False
157,14,36,3,False
157,14,65,3,False
157,14,70,3,True
157,14,115,3,False
157,14,128,3,False
157,14,175,3,True
157,14,226,3,False
157,14,8,4,False
157,14,28,4,False
157,14,36,4,True
157,14,65,4,False
157,14,70,4,False
157,14,115,4,False
157,14,128,4,True
157,14,175,4,False
157,14,226,4,False
157,14,8,5,True
157,14,28,5,False
157,14,36,5,True
157,14,65,5,False
157,14,70,5,False
157,14,115,5,False
157,14,128,5,True
157,14,175,5,False
157,14,226,5,False
158,12,121,1,False
158,12,136,1,False
158,12,243,1,False
158,12,121,2,True
158,12,136,2,False
158,12,243,2,False
158,12,121,3,True
158,12,136,3,True
158,12,243,3,False
158,12,121,4,False
158,12,136,4,True
158,12,243,4,True
158,13,180,1,False
158,13,189,1,True
158,13,180,2,False
158,13,189,2,False
158,13,180,3,False
158,13,189,3,True
158,13,180,4,False
158,13,189,4,False
158,14,8,1,True
158,14,28,1,False
158,14,36,1,False
158,14,65,1,True
158,14,70,1,False
158,14,115,1,True
158,14,128,1,True
158,14,175,1,False
158,14,226,1,False
158,14,8,2,False
158,14,28,2,True
158,14,36,2,False
158,14,65,2,False
158,14,70,2,False
158,14,115,2,False
158,14,128,2,False
158,14,175,2,False
158,14,226,2,False
158,14,8,3,False
158,14,28,3,False
158,14,36,3,False
158,14,65,3,False
158,14,70,3,True
158,14,115,3,False
158,14,128,3,False
158,14,175,3,False
158,14,226,3,True
158,14,8,4,False
158,14,28,4,True
158,14,36,4,True
158,14,65,4,False
158,14,70,4,False
158,14,115,4,False
158,14,128,4,False
158,14,175,4,False
158,14,226,4,True
158,14,8,5,False
158,14,28,5,True
158,14,36,5,True
158,14,65,5,True
158,14,70,5,False
158,14,115,5,True
158,14,128,5,False
158,14,175,5,False
158,14,226,5,True
159,12,121,1,False
159,12,136,1,False
159,12,243,1,False
159,12,121,2,False
159,12,136,2,False
159,12,243,2,False
159,12,121,3,False
159,12,136,3,False
159,12,243,3,False
159,12,121,4,False
159,12,136,4,False
159,12,243,4,False
159,14,8,1,True
159,14,28,1,False
159,14,36,1,False
159,14,65,1,False
159,14,70,1,False
159,14,115,1,True
159,14,128,1,True
159,14,175,1,True
159,14,226,1,False
159,14,8,2,False
159,14,28,2,True
159,14,36,2,True
159,14,65,2,False
159,14,70,2,True
159,14,115,2,False
159,14,128,2,False
159,14,175,2,True
159,14,226,2,True
159,14,8,3,False
159,14,28,3,False
159,14,36,3,True
159,14,65,3,True
159,14,70,3,True
159,14,115,3,True
159,14,128,3,True
159,14,175,3,True
159,14,226,3,True
159,14,8,4,True
159,14,28,4,False
159,14,36,4,False
159,14,65,4,False
159,14,70,4,False
159,14,115,4,False
159,14,128,4,False
159,14,175,4,False
159,14,226,4,False
159,14,8,5,False
159,14,28,5,False
159,14,36,5,False
159,14,65,5,True
159,14,70,5,False
159,14,115,5,True
159,14,128,5,True
159,14,175,5,False
159,14,226,5,False
160,12,121,1,False
160,12,136,1,False
160,12,243,1,False
160,12,121,2,False
160,12,136,2,False
160,12,243,2,False
160,12,121,3,False
160,12,136,3,False
160,12,243,3,False
160,12,121,4,False
160,12,136,4,False
160,12,243,4,False
160,13,180,1,False
160,13,189,1,False
160,13,180,2,False
160,13,189,2,False
160,13,180,3,False
160,13,189,3,False
160,13,180,4,False
160,13,189,4,False
160,14,8,1,True
160,14,28,1,False
160,14,36,1,False
160,14,65,1,True
160,14,70,1,True
160,14,115,1,True
160,14,128,1,True
160,14,175,1,True
160,14,226,1,False
160,14,8,2,False
160,14,28,2,True
160,14,36,2,True
160,14,65,2,False
160,14,70,2,True
160,14,115,2,False
160,14,128,2,False
160,14,175,2,True
160,14,226,2,True
160,14,8,3,False
160,14,28,3,False
160,14,36,3,True
160,14,65,3,True
160,14,70,3,True
160,14,115,3,True
160,14,128,3,False
160,14,175,3,True
160,14,226,3,True
160,14,8,4,False
160,14,28,4,False
160,14,36,4,False
160,14,65,4,True
160,14,70,4,True
160,14,115,4,False
160,14,128,4,False
160,14,175,4,False
160,14,226,4,False
160,14,8,5,True
160,14,28,5,False
160,14,36,5,False
160,14,65,5,True
160,14,70,5,True
160,14,115,5,False
160,14,128,5,True
160,14,175,5,True
160,14,226,5,True
160,16,7,1,False
160,16,93,1,True
160,16,244,1,False
160,16,7,2,False
160,16,93,2,True
160,16,244,2,False
160,16,7,5,False
160,16,93,5,False
160,16,244,5,False
161,13,180,1,False
161,13,189,1,False
161,13,180,2,False
161,13,189,2,True
161,13,180,3,False
161,13,189,3,False
161,13,180,4,False
161,13,189,4,False
161,14,8,1,True
161,14,28,1,False
161,14,36,1,False
161,14,65,1,True
161,14,70,1,True
161,14,115,1,True
161,14,128,1,True
161,14,175,1,False
161,14,226,1,False
161,14,8,2,False
161,14,28,2,True
161,14,36,2,True
161,14,65,2,False
161,14,70,2,True
161,14,115,2,False
161,14,128,2,False
161,14,175,2,False
161,14,226,2,True
161,14,8,3,False
161,14,28,3,False
161,14,36,3,True
161,14,65,3,True
161,14,70,3,True
161,14,115,3,False
161,14,128,3,True
161,14,175,3,False
161,14,226,3,False
161,14,8,4,False
161,14,28,4,False
161,14,36,4,True
161,14,65,4,True
161,14,70,4,True
161,14,115,4,False
161,14,128,4,True
161,14,175,4,False
161,14,226,4,True
161,14,8,5,False
161,14,28,5,False
161,14,36,5,False
161,14,65,5,True
161,14,70,5,True
161,14,115,5,False
161,14,128,5,True
161,14,175,5,False
161,14,226,5,False
161,15,179,1,False
161,15,249,1,False
161,15,179,5,False
161,15,249,5,False
161,16,7,1,False
161,16,93,1,True
161,16,244,1,False
161,16,7,2,False
161,16,93,2,False
161,16,244,2,False
161,16,7,3,False
161,16,93,3,True
161,16,244,3,False
161,16,7,4,False
161,16,93,4,False
161,16,244,4,False
161,16,7,5,False
161,16,93,5,False
161,16,244,5,False
162,12,121,1,False
162,12,136,1,False
162,12,243,1,False
162,12,121,2,False
162,12,136,2,False
162,12,243,2,False
162,12,121,3,False
162,12,136,3,False
162,12,243,3,False
162,14,8,1,True
162,14,28,1,False
162,14,36,1,False
162,14,65,1,True
162,14,70,1,True
162,14,115,1,True
162,14,128,1,True
162,14,175,1,False
162,14,226,1,False
162,14,8,2,False
162,14,28,2,True
162,14,36,2,True
162,14,65,2,True
162,14,70,2,True
162,14,115,2,False
162,14,128,2,False
162,14,175,2,False
162,14,226,2,False
162,14,8,3,True
162,14,28,3,False
162,14,36,3,False
162,14,65,3,True
162,14,70,3,True
162,14,115,3,True
162,14,128,3,True
162,14,175,3,True
162,14,226,3,True
162,14,8,5,True
162,14,28,5,False
162,14,36,5,False
162,14,65,5,True
162,14,70,5,True
162,14,115,5,False
162,14,128,5,False
162,14,175,5,False
162,14,226,5,False
163,13,180,1,False
163,13,189,1,False
163,13,180,2,False
163,13,189,2,True
163,13,180,3,False
163,13,189,3,False
163,13,180,4,False
163,13,189,4,False
163,14,8,1,True
163,14,28,1,False
163,14,36,1,False
163,14,65,1,False
163,14,70,1,False
163,14,115,1,True
163,14,128,1,True
163,14,175,1,False
163,14,226,1,False
163,14,8,2,False
163,14,28,2,True
163,14,36,2,True
163,14,65,2,False
163,14,70,2,True
163,14,115,2,False
163,14,128,2,False
163,14,175,2,False
163,14,226,2,False
163,14,8,3,True
163,14,28,3,False
163,14,36,3,False
163,14,65,3,True
163,14,70,3,True
163,14,115,3,True
163,14,128,3,True
163,14,175,3,True
163,14,226,3,False
163,14,8,4,True
163,14,28,4,False
163,14,36,4,True
163,14,65,4,True
163,14,70,4,True
163,14,115,4,True
163,14,128,4,True
163,14,175,4,True
163,14,226,4,False
163,14,8,5,False
163,14,28,5,False
163,14,36,5,False
163,14,65,5,True
163,14,70,5,False
163,14,115,5,True
163,14,128,5,True
163,14,175,5,True
163,14,226,5,False
164,12,121,1,True
164,12,136,1,True
164,12,243,1,False
164,12,121,2,True
164,12,136,2,False
164,12,243,2,False
164,12,121,3,True
164,12,136,3,True
164,12,243,3,False
164,12,121,4,False
164,12,136,4,True
164,12,243,4,False
164,13,180,1,False
164,13,189,1,True
164,13,180,2,False
164,13,189,2,False
164,13,180,3,False
164,13,189,3,False
164,13,180,4,False
164,13,189,4,True
164,14,8,1,False
164,14,28,1,False
164,14,36,1,True
164,14,65,1,False
164,14,70,1,False
164,14,115,1,False
164,14,128,1,False
164,14,175,1,False
164,14,226,1,False
164,14,8,2,False
164,14,28,2,False
164,14,36,2,False
164,14,65,2,False
164,14,70,2,False
164,14,115,2,False
164,14,128,2,False
164,14,175,2,False
164,14,226,2,True
164,14,8,3,False
164,14,28,3,False
164,14,36,3,False
164,14,65,3,False
164,14,70,3,False
164,14,115,3,False
164,14,128,3,False
164,14,175,3,False
164,14,226,3,False
164,14,8,4,False
164,14,28,4,False
164,14,36,4,False
164,14,65,4,False
164,14,70,4,False
164,14,115,4,True
164,14,128,4,False
164,14,175,4,True
164,14,226,4,False
164,14,8,5,False
164,14,28,5,False
164,14,36,5,True
164,14,65,5,False
164,14,70,5,False
164,14,115,5,True
164,14,128,5,False
164,14,175,5,True
164,14,226,5,True
165,13,180,1,False
165,13,189,1,False
165,13,180,2,False
165,13,189,2,True
165,13,180,3,False
165,13,189,3,False
165,13,180,4,False
165,13,189,4,False
165,14,8,1,False
165,14,28,1,False
165,14,36,1,False
165,14,65,1,False
165,14,70,1,False
165,14,115,1,False
165,14,128,1,True
165,14,175,1,False
165,14,226,1,False
165,14,8,2,False
165,14,28,2,False
165,14,36,2,False
165,14,65,2,False
165,14,70,2,True
165,14,115,2,False
165,14,128,2,False
165,14,175,2,False
165,14,226,2,False
165,14,8,3,False
165,14,28,3,False
165,14,36,3,False
165,14,65,3,True
165,14,70,3,True
165,14,115,3,False
165,14,128,3,True
165,14,175,3,False
165,14,226,3,False
165,14,8,4,False
165,14,28,4,False
165,14,36,4,False
165,14,65,4,False
165,14,70,4,False
165,14,115,4,False
165,14,128,4,True
165,14,175,4,False
165,14,226,4,False
165,14,8,5,False
165,14,28,5,False
165,14,36,5,False
165,14,65,5,False
165,14,70,5,True
165,14,115,5,True
165,14,128,5,True
165,14,175,5,True
165,14,226,5,False
165,16,7,1,False
165,16,93,1,False
165,16,244,1,False
165,16,7,2,False
165,16,93,2,False
165,16,244,2,False
165,16,7,5,False
165,16,93,5,False
165,16,244,5,False
166,12,121,1,True
166,12,136,1,False
166,12,243,1,True
166,12,121,2,True
166,12,136,2,False
166,12,243,2,False
166,12,121,3,True
166,12,136,3,False
166,12,243,3,False
166,12,121,4,False
166,12,136,4,True
166,12,243,4,True
166,13,180,1,False
166,13,189,1,False
166,13,180,2,False
166,13,189,2,False
166,13,180,3,False
166,13,189,3,False
166,13,180,4,False
166,13,189,4,True
166,14,8,1,False
166,14,28,1,False
166,14,36,1,False
166,14,65,1,True
166,14,70,1,False
166,14,115,1,True
166,14,128,1,False
166,14,175,1,False
166,14,226,1,False
166,14,8,2,False
166,14,28,2,True
166,14,36,2,True
166,14,65,2,False
166,14,70,2,True
166,14,115,2,False
166,14,128,2,False
166,14,175,2,False
166,14,226,2,False
166,14,8,3,False
166,14,28,3,False
166,14,36,3,False
166,14,65,3,True
166,14,70,3,True
166,14,115,3,False
166,14,128,3,False
166,14,175,3,False
166,14,226,3,False
166,14,8,4,False
166,14,28,4,False
166,14,36,4,False
166,14,65,4,False
166,14,70,4,False
166,14,115,4,False
166,14,128,4,False
166,14,175,4,False
166,14,226,4,False
166,14,8,5,False
166,14,28,5,True
166,14,36,5,True
166,14,65,5,True
166,14,70,5,True
166,14,115,5,False
166,14,128,5,False
166,14,175,5,True
166,14,226,5,False
167,12,121,1,False
167,12,136,1,False
167,12,243,1,False
167,12,121,2,False
167,12,136,2,False
167,12,243,2,False
167,12,121,3,False
167,12,136,3,False
167,12,243,3,False
167,12,121,4,False
167,12,136,4,False
167,12,243,4,False
167,13,180,1,False
167,13,189,1,False
167,13,180,2,False
167,13,189,2,False
167,13,180,3,False
167,13,189,3,False
167,13,180,4,False
167,13,189,4,False
167,14,8,1,True
167,14,28,1,False
167,14,36,1,False
167,14,65,1,True
167,14,70,1,True
167,14,115,1,True
167,14,128,1,True
167,14,175,1,True
167,14,226,1,False
167,14,8,2,False
167,14,28,2,True
167,14,36,2,True
167,14,65,2,False
167,14,70,2,True
167,14,115,2,False
167,14,128,2,False
167,14,175,2,False
167,14,226,2,True
167,14,8,3,False
167,14,28,3,False
167,14,36,3,False
167,14,65,3,True
167,14,70,3,True
167,14,115,3,False
167,14,128,3,True
167,14,175,3,False
167,14,226,3,False
167,14,8,4,False
167,14,28,4,True
167,14,36,4,False
167,14,65,4,True
167,14,70,4,True
167,14,115,4,False
167,14,128,4,True
167,14,175,4,False
167,14,226,4,True
167,14,8,5,False
167,14,28,5,False
167,14,36,5,False
167,14,65,5,True
167,14,70,5,False
167,14,115,5,False
167,14,128,5,True
167,14,175,5,True
167,14,226,5,False
168,12,121,1,True
168,12,136,1,False
168,12,243,1,False
168,12,121,2,True
168,12,136,2,False
168,12,243,2,False
168,12,121,3,True
168,12,136,3,False
168,12,243,3,False
168,12,121,4,False
168,12,136,4,True
168,12,243,4,True
168,13,180,1,False
168,13,189,1,False
168,13,180,2,False
168,13,189,2,True
168,13,180,3,False
168,13,189,3,False
168,13,180,4,False
168,13,189,4,False
168,14,8,1,False
168,14,28,1,False
168,14,36,1,True
168,14,65,1,False
168,14,70,1,False
168,14,115,1,False
168,14,128,1,False
168,14,175,1,False
168,14,226,1,False
168,14,8,2,False
168,14,28,2,True
168,14,36,2,False
168,14,65,2,False
168,14,70,2,False
168,14,115,2,False
168,14,128,2,False
168,14,175,2,True
168,14,226,2,False
168,14,8,3,False
168,14,28,3,False
168,14,36,3,False
168,14,65,3,False
168,14,70,3,True
168,14,115,3,False
168,14,128,3,False
168,14,175,3,True
168,14,226,3,False
168,14,8,4,False
168,14,28,4,False
168,14,36,4,False
168,14,65,4,False
168,14,70,4,False
168,14,115,4,False
168,14,128,4,False
168,14,175,4,False
168,14,226,4,False
168,14,8,5,False
168,14,28,5,True
168,14,36,5,False
168,14,65,5,False
168,14,70,5,False
168,14,115,5,False
168,14,128,5,False
168,14,175,5,True
168,14,226,5,True
169,12,121,1,True
169,12,136,1,False
169,12,243,1,True
169,12,121,2,True
169,12,136,2,False
169,12,243,2,False
169,12,121,3,True
169,12,136,3,False
169,12,243,3,False
169,12,121,4,False
169,12,136,4,True
169,12,243,4,True
169,14,8,1,True
169,14,28,1,False
169,14,36,1,False
169,14,65,1,False
169,14,70,1,False
169,14,115,1,True
169,14,128,1,True
169,14,175,1,False
169,14,226,1,False
169,14,8,2,False
169,14,28,2,True
169,14,36,2,True
169,14,65,2,False
169,14,70,2,False
169,14,115,2,False
169,14,128,2,False
169,14,175,2,False
169,14,226,2,True
169,14,8,3,False
169,14,28,3,False
169,14,36,3,False
169,14,65,3,True
169,14,70,3,True
169,14,115,3,True
169,14,128,3,True
169,14,175,3,True
169,14,226,3,False
169,14,8,4,False
169,14,28,4,False
169,14,36,4,True
169,14,65,4,False
169,14,70,4,False
169,14,115,4,False
169,14,128,4,False
169,14,175,4,False
169,14,226,4,True
169,14,8,5,False
169,14,28,5,True
169,14,36,5,True
169,14,65,5,False
169,14,70,5,False
169,14,115,5,False
169,14,128,5,False
169,14,175,5,False
169,14,226,5,False
170,13,180,1,False
170,13,189,1,False
170,13,180,2,False
170,13,189,2,True
170,13,180,3,False
170,13,189,3,False
170,13,180,4,False
170,13,189,4,False
170,14,8,1,False
170,14,28,1,False
170,14,36,1,False
170,14,65,1,True
170,14,70,1,True
170,14,115,1,True
170,14,128,1,True
170,14,175,1,False
170,14,226,1,False
170,14,8,2,False
170,14,28,2,True
170,14,36,2,True
170,14,65,2,False
170,14,70,2,True
170,14,115,2,False
170,14,128,2,False
170,14,175,2,False
170,14,226,2,False
170,14,8,3,False
170,14,28,3,True
170,14,36,3,False
170,14,65,3,True
170,14,70,3,True
170,14,115,3,False
170,14,128,3,True
170,14,175,3,False
170,14,226,3,False
170,14,8,4,False
170,14,28,4,False
170,14,36,4,False
170,14,65,4,False
170,14,70,4,True
170,14,115,4,False
170,14,128,4,False
170,14,175,4,False
170,14,226,4,False
170,14,8,5,False
170,14,28,5,True
170,14,36,5,True
170,14,65,5,True
170,14,70,5,True
170,14,115,5,False
170,14,128,5,False
170,14,175,5,False
170,14,226,5,False
170,15,179,5,False
170,15,249,5,False
171,12,121,1,True
171,12,136,1,False
171,12,243,1,True
171,12,121,2,True
171,12,136,2,False
171,12,243,2,False
171,12,121,3,True
171,12,136,3,False
171,12,243,3,True
171,12,121,4,False
171,12,136,4,True
171,12,243,4,True
171,13,180,1,False
171,13,189,1,False
171,13,180,2,False
171,13,189,2,True
171,13,180,3,False
171,13,189,3,False
171,13,180,4,False
171,13,189,4,True
171,14,8,1,False
171,14,28,1,False
171,14,36,1,False
171,14,65,1,False
171,14,70,1,False
171,14,115,1,False
171,14,128,1,False
171,14,175,1,False
171,14,226,1,False
171,14,8,2,False
171,14,28,2,False
171,14,36,2,False
171,14,65,2,False
171,14,70,2,False
171,14,115,2,False
171,14,128,2,False
171,14,175,2,False
171,14,226,2,False
171,14,8,3,False
171,14,28,3,False
171,14,36,3,False
171,14,65,3,False
171,14,70,3,False
171,14,115,3,False
171,14,128,3,False
171,14,175,3,False
171,14,226,3,False
171,14,8,4,False
171,14,28,4,False
171,14,36,4,False
171,14,65,4,False
171,14,70,4,False
171,14,115,4,False
171,14,128,4,False
171,14,175,4,False
171,14,226,4,False
171,14,8,5,False
171,14,28,5,False
171,14,36,5,False
171,14,65,5,False
171,14,70,5,False
171,14,115,5,False
171,14,128,5,False
171,14,175,5,True
171,14,226,5,False
172,12,121,1,True
172,12,136,1,True
172,12,243,1,False
172,12,121,2,True
172,12,136,2,False
172,12,243,2,False
172,12,121,3,False
172,12,136,3,False
172,12,243,3,False
172,12,121,4,False
172,12,136,4,True
172,12,243,4,True
172,12,121,5,False
172,12,136,5,False
172,12,243,5,False
172,13,180,1,False
172,13,189,1,False
172,13,180,2,False
172,13,189,2,True
172,13,180,3,False
172,13,189,3,True
172,13,180,4,False
172,13,189,4,True
172,14,8,1,True
172,14,28,1,False
172,14,36,1,False
172,14,65,1,False
172,14,70,1,False
172,14,115,1,False
172,14,128,1,True
172,14,175,1,False
172,14,226,1,False
172,14,8,2,False
172,14,28,2,True
172,14,36,2,True
172,14,65,2,False
172,14,70,2,False
172,14,115,2,False
172,14,128,2,False
172,14,175,2,False
172,14,226,2,True
172,14,8,3,True
172,14,28,3,False
172,14,36,3,False
172,14,65,3,False
172,14,70,3,True
172,14,115,3,False
172,14,128,3,True
172,14,175,3,False
172,14,226,3,False
172,14,8,4,False
172,14,28,4,True
172,14,36,4,False
172,14,65,4,False
172,14,70,4,False
172,14,115,4,False
172,14,128,4,False
172,14,175,4,False
172,14,226,4,False
172,14,8,5,False
172,14,28,5,False
172,14,36,5,False
172,14,65,5,False
172,14,70,5,False
172,14,115,5,False
172,14,128,5,True
172,14,175,5,True
172,14,226,5,False
173,12,121,1,False
173,12,136,1,False
173,12,243,1,False
173,12,121,2,False
173,12,136,2,False
173,12,243,2,False
173,12,121,3,False
173,12,136,3,False
173,12,243,3,False
173,12,121,4,False
173,12,136,4,False
173,12,243,4,False
173,14,8,1,True
173,14,28,1,False
173,14,36,1,False
173,14,65,1,True
173,14,70,1,True
173,14,115,1,False
173,14,128,1,True
173,14,175,1,False
173,14,226,1,False
173,14,8,2,False
173,14,28,2,True
173,14,36,2,True
173,14,65,2,False
173,14,70,2,True
173,14,115,2,False
173,14,128,2,False
173,14,175,2,False
173,14,226,2,False
173,14,8,3,False
173,14,28,3,False
173,14,36,3,True
173,14,65,3,True
173,14,70,3,True
173,14,115,3,True
173,14,128,3,True
173,14,175,3,True
173,14,226,3,False
173,14,8,4,False
173,14,28,4,False
173,14,36,4,True
173,14,65,4,False
173,14,70,4,True
173,14,115,4,False
173,14,128,4,False
173,14,175,4,False
173,14,226,4,True
173,14,8,5,True
173,14,28,5,False
173,14,36,5,False
173,14,65,5,True
173,14,70,5,True
173,14,115,5,False
173,14,128,5,True
173,14,175,5,False
173,14,226,5,False
173,15,179,1,True
173,15,249,1,False
173,15,179,2,False
173,15,249,2,False
173,15,179,3,False
173,15,249,3,False
173,15,179,5,True
173,15,249,5,False
174,12,121,1,False
174,12,136,1,False
174,12,243,1,False
174,12,121,2,False
174,12,136,2,False
174,12,243,2,False
174,12,121,3,False
174,12,136,3,False
174,12,243,3,False
174,12,121,4,False
174,12,136,4,False
174,12,243,4,False
174,14,8,1,False
174,14,28,1,False
174,14,36,1,True
174,14,65,1,True
174,14,70,1,True
174,14,115,1,True
174,14,128,1,True
174,14,175,1,False
174,14,226,1,False
174,14,8,2,False
174,14,28,2,True
174,14,36,2,True
174,14,65,2,True
174,14,70,2,True
174,14,115,2,False
174,14,128,2,False
174,14,175,2,False
174,14,226,2,False
174,14,8,3,False
174,14,28,3,False
174,14,36,3,True
174,14,65,3,True
174,14,70,3,True
174,14,115,3,True
174,14,128,3,False
174,14,175,3,False
174,14,226,3,True
174,14,8,4,False
174,14,28,4,False
174,14,36,4,False
174,14,65,4,True
174,14,70,4,False
174,14,115,4,True
174,14,128,4,False
174,14,175,4,False
174,14,226,4,True
174,14,8,5,False
174,14,28,5,False
174,14,36,5,True
174,14,65,5,True
174,14,70,5,False
174,14,115,5,True
174,14,128,5,True
174,14,175,5,False
174,14,226,5,True
174,15,179,1,False
174,15,249,1,False
174,15,179,2,True
174,15,249,2,False
174,15,179,3,True
174,15,249,3,False
174,15,179,4,True
174,15,249,4,False
174,15,179,5,False
174,15,249,5,False
175,12,121,1,False
175,12,136,1,False
175,12,243,1,False
175,12,121,2,False
175,12,136,2,False
175,12,243,2,False
175,12,121,4,False
175,12,136,4,False
175,12,243,4,False
175,14,8,1,True
175,14,28,1,False
175,14,36,1,False
175,14,65,1,True
175,14,70,1,True
175,14,115,1,True
175,14,128,1,True
175,14,175,1,False
175,14,226,1,False
175,14,8,2,False
175,14,28,2,True
175,14,36,2,True
175,14,65,2,False
175,14,70,2,True
175,14,115,2,False
175,14,128,2,False
175,14,175,2,False
175,14,226,2,False
175,14,8,3,False
175,14,28,3,False
175,14,36,3,False
175,14,65,3,True
175,14,70,3,True
175,14,115,3,True
175,14,128,3,True
175,14,175,3,True
175,14,226,3,False
175,14,8,4,False
175,14,28,4,False
175,14,36,4,False
175,14,65,4,True
175,14,70,4,True
175,14,115,4,False
175,14,128,4,False
175,14,175,4,True
175,14,226,4,True
175,14,8,5,False
175,14,28,5,True
175,14,36,5,False
175,14,65,5,True
175,14,70,5,True
175,14,115,5,False
175,14,128,5,False
175,14,175,5,False
175,14,226,5,False
176,14,8,1,False
176,14,28,1,False
176,14,36,1,False
176,14,65,1,False
176,14,70,1,False
176,14,115,1,False
176,14,128,1,False
176,14,175,1,False
176,14,226,1,False
176,14,8,2,False
176,14,28,2,False
176,14,36,2,False
176,14,65,2,False
176,14,70,2,False
176,14,115,2,False
176,14,128,2,False
176,14,175,2,False
176,14,226,2,False
176,14,8,3,False
176,14,28,3,False
176,14,36,3,False
176,14,65,3,False
176,14,70,3,False
176,14,115,3,False
176,14,128,3,False
176,14,175,3,False
176,14,226,3,False
176,14,8,5,False
176,14,28,5,False
176,14,36,5,False
176,14,65,5,False
176,14,70,5,False
176,14,115,5,False
176,14,128,5,False
176,14,175,5,False
176,14,226,5,False
177,12,121,1,False
177,12,136,1,False
177,12,243,1,False
177,12,121,2,False
177,12,136,2,False
177,12,243,2,False
177,14,8,1,False
177,14,28,1,False
177,14,36,1,False
177,14,65,1,False
177,14,70,1,False
177,14,115,1,False
177,14,128,1,False
177,14,175,1,False
177,14,226,1,False
177,14,8,5,False
177,14,28,5,False
177,14,36,5,False
177,14,65,5,False
177,14,70,5,False
177,14,115,5,False
177,14,128,5,False
177,14,175,5,False
177,14,226,5,False
177,15,179,2,False
177,15,249,2,False
177,15,179,5,False
177,15,249,5,False
178,14,8,1,True
178,14,28,1,False
178,14,36,1,False
178,14,65,1,True
178,14,70,1,True
178,14,115,1,False
178,14,128,1,True
178,14,175,1,False
178,14,226,1,False
178,14,8,2,False
178,14,28,2,True
178,14,36,2,True
178,14,65,2,False
178,14,70,2,False
178,14,115,2,False
178,14,128,2,False
178,14,175,2,False
178,14,226,2,True
178,14,8,3,False
178,14,28,3,False
178,14,36,3,False
178,14,65,3,True
178,14,70,3,True
178,14,115,3,True
178,14,128,3,True
178,14,175,3,True
178,14,226,3,False
178,14,8,4,False
178,14,28,4,False
178,14,36,4,True
178,14,65,4,False
178,14,70,4,True
178,14,115,4,False
178,14,128,4,False
178,14,175,4,True
178,14,226,4,False
178,14,8,5,False
178,14,28,5,False
178,14,36,5,False
178,14,65,5,False
178,14,70,5,False
178,14,115,5,True
178,14,128,5,False
178,14,175,5,True
178,14,226,5,False
179,12,121,1,False
179,12,136,1,False
179,12,243,1,False
179,12,121,2,False
179,12,136,2,False
179,12,243,2,False
179,12,121,3,False
179,12,136,3,False
179,12,243,3,False
179,12,121,4,False
179,12,136,4,False
179,12,243,4,False
179,14,8,1,False
179,14,28,1,False
179,14,36,1,False
179,14,65,1,False
179,14,70,1,False
179,14,115,1,False
179,14,128,1,False
179,14,175,1,False
179,14,226,1,False
179,14,8,2,False
179,14,28,2,True
179,14,36,2,False
179,14,65,2,False
179,14,70,2,False
179,14,115,2,False
179,14,128,2,False
179,14,175,2,False
179,14,226,2,False
179,14,8,3,True
179,14,28,3,False
179,14,36,3,False
179,14,65,3,False
179,14,70,3,False
179,14,115,3,False
179,14,128,3,False
179,14,175,3,False
179,14,226,3,False
179,14,8,5,True
179,14,28,5,False
179,14,36,5,False
179,14,65,5,False
179,14,70,5,False
179,14,115,5,False
179,14,128,5,False
179,14,175,5,False
179,14,226,5,False
180,12,121,1,False
180,12,136,1,False
180,12,243,1,False
180,12,121,2,False
180,12,136,2,False
180,12,243,2,False
180,12,121,3,False
180,12,136,3,False
180,12,243,3,False
180,14,8,1,True
180,14,28,1,False
180,14,36,1,False
180,14,65,1,True
180,14,70,1,True
180,14,115,1,False
180,14,128,1,True
180,14,175,1,False
180,14,226,1,False
180,14,8,2,False
180,14,28,2,True
180,14,36,2,True
180,14,65,2,False
180,14,70,2,False
180,14,115,2,False
180,14,128,2,False
180,14,175,2,False
180,14,226,2,True
180,14,8,3,False
180,14,28,3,False
180,14,36,3,False
180,14,65,3,True
180,14,70,3,True
180,14,115,3,True
180,14,128,3,True
180,14,175,3,False
180,14,226,3,False
180,14,8,4,False
180,14,28,4,False
180,14,36,4,True
180,14,65,4,False
180,14,70,4,True
180,14,115,4,False
180,14,128,4,False
180,14,175,4,False
180,14,226,4,False
180,14,8,5,True
180,14,28,5,False
180,14,36,5,False
180,14,65,5,True
180,14,70,5,False
180,14,115,5,False
180,14,128,5,True
180,14,175,5,True
180,14,226,5,True
181,12,121,1,False
181,12,136,1,False
181,12,243,1,False
181,12,121,2,False
181,12,136,2,False
181,12,243,2,False
181,12,121,3,False
181,12,136,3,False
181,12,243,3,False
181,12,121,4,False
181,12,136,4,False
181,12,243,4,False
181,14,8,1,False
181,14,28,1,False
181,14,36,1,False
181,14,65,1,False
181,14,70,1,False
181,14,115,1,False
181,14,128,1,False
181,14,175,1,False
181,14,226,1,False
181,14,8,2,False
181,14,28,2,False
181,14,36,2,False
181,14,65,2,False
181,14,70,2,False
181,14,115,2,False
181,14,128,2,False
181,14,175,2,False
181,14,226,2,False
181,14,8,3,False
181,14,28,3,False
181,14,36,3,False
181,14,65,3,False
181,14,70,3,False
181,14,115,3,False
181,14,128,3,False
181,14,175,3,False
181,14,226,3,False
181,14,8,5,False
181,14,28,5,False
181,14,36,5,False
181,14,65,5,False
181,14,70,5,False
181,14,115,5,False
181,14,128,5,False
181,14,175,5,False
181,14,226,5,False
182,14,8,1,True
182,14,28,1,False
182,14,36,1,False
182,14,65,1,True
182,14,70,1,True
182,14,115,1,True
182,14,128,1,False
182,14,175,1,False
182,14,226,1,False
182,14,8,2,False
182,14,28,2,True
182,14,36,2,True
182,14,65,2,False
182,14,70,2,True
182,14,115,2,False
182,14,128,2,False
182,14,175,2,True
182,14,226,2,True
182,14,8,3,False
182,14,28,3,False
182,14,36,3,False
182,14,65,3,True
182,14,70,3,True
182,14,115,3,False
182,14,128,3,False
182,14,175,3,False
182,14,226,3,False
182,14,8,4,False
182,14,28,4,False
182,14,36,4,False
182,14,65,4,False
182,14,70,4,True
182,14,115,4,False
182,14,128,4,False
182,14,175,4,False
182,14,226,4,False
182,14,8,5,False
182,14,28,5,False
182,14,36,5,True
182,14,65,5,True
182,14,70,5,False
182,14,115,5,False
182,14,128,5,False
182,14,175,5,False
182,14,226,5,False
182,15,179,1,False
182,15,249,1,False
182,15,179,2,False
182,15,249,2,False
182,15,179,5,False
182,15,249,5,False
183,12,121,1,False
183,12,136,1,False
183,12,243,1,False
183,12,121,2,False
183,12,136,2,False
183,12,243,2,False
183,12,121,3,False
183,12,136,3,False
183,12,243,3,False
183,12,121,4,False
183,12,136,4,False
183,12,243,4,False
183,14,8,1,True
183,14,28,1,False
183,14,36,1,False
183,14,65,1,True
183,14,70,1,False
183,14,115,1,False
183,14,128,1,True
183,14,175,1,False
183,14,226,1,False
183,14,8,2,False
183,14,28,2,True
183,14,36,2,True
183,14,65,2,False
183,14,70,2,False
183,14,115,2,False
183,14,128,2,False
183,14,175,2,False
183,14,226,2,True
183,14,8,3,False
183,14,28,3,False
183,14,36,3,False
183,14,65,3,True
183,14,70,3,True
183,14,115,3,False
183,14,128,3,True
183,14,175,3,False
183,14,226,3,False
183,14,8,4,False
183,14,28,4,False
183,14,36,4,False
183,14,65,4,True
183,14,70,4,False
183,14,115,4,False
183,14,128,4,False
183,14,175,4,False
183,14,226,4,False
183,14,8,5,False
183,14,28,5,False
183,14,36,5,False
183,14,65,5,False
183,14,70,5,False
183,14,115,5,True
183,14,128,5,True
183,14,175,5,True
183,14,226,5,True
184,14,8,1,True
184,14,28,1,False
184,14,36,1,False
184,14,65,1,True
184,14,70,1,False
184,14,115,1,True
184,14,128,1,True
184,14,175,1,False
184,14,226,1,False
184,14,8,2,False
184,14,28,2,True
184,14,36,2,True
184,14,65,2,False
184,14,70,2,False
184,14,115,2,False
184,14,128,2,False
184,14,175,2,False
184,14,226,2,True
184,14,8,3,True
184,14,28,3,False
184,14,36,3,False
184,14,65,3,False
184,14,70,3,True
184,14,115,3,False
184,14,128,3,True
184,14,175,3,False
184,14,226,3,False
184,14,8,4,False
184,14,28,4,True
184,14,36,4,False
184,14,65,4,False
184,14,70,4,True
184,14,115,4,False
184,14,128,4,False
184,14,175,4,False
184,14,226,4,True
184,14,8,5,False
184,14,28,5,False
184,14,36,5,False
184,14,65,5,False
184,14,70,5,False
184,14,115,5,False
184,14,128,5,True
184,14,175,5,False
184,14,226,5,False
185,12,121,1,False
185,12,136,1,False
185,12,243,1,False
185,12,121,2,False
185,12,136,2,False
185,12,243,2,False
185,12,121,3,False
185,12,136,3,False
185,12,243,3,False
185,14,8,1,False
185,14,28,1,False
185,14,36,1,False
185,14,65,1,False
185,14,70,1,False
185,14,115,1,False
185,14,128,1,False
185,14,175,1,False
185,14,226,1,False
185,14,8,2,False
185,14,28,2,False
185,14,36,2,False
185,14,65,2,False
185,14,70,2,False
185,14,115,2,False
185,14,128,2,False
185,14,175,2,False
185,14,226,2,False
185,14,8,5,False
185,14,28,5,False
185,14,36,5,False
185,14,65,5,False
185,14,70,5,False
185,14,115,5,False
185,14,128,5,False
185,14,175,5,False
185,14,226,5,False
185,15,179,1,True
185,15,249,1,False
185,15,179,2,False
185,15,249,2,False
185,15,179,3,False
185,15,249,3,False
185,15,179,4,False
185,15,249,4,False
185,15,179,5,False
185,15,249,5,False
186,13,180,1,False
186,13,189,1,False
186,13,180,2,False
186,13,189,2,False
186,13,180,4,False
186,13,189,4,False
186,14,8,1,False
186,14,28,1,False
186,14,36,1,False
186,14,65,1,False
186,14,70,1,True
186,14,115,1,False
186,14,128,1,False
186,14,175,1,False
186,14,226,1,False
186,14,8,2,False
186,14,28,2,True
186,14,36,2,True
186,14,65,2,False
186,14,70,2,True
186,14,115,2,False
186,14,128,2,False
186,14,175,2,False
186,14,226,2,False
186,14,8,3,False
186,14,28,3,False
186,14,36,3,False
186,14,65,3,False
186,14,70,3,True
186,14,115,3,False
186,14,128,3,False
186,14,175,3,False
186,14,226,3,False
186,14,8,4,False
186,14,28,4,False
186,14,36,4,False
186,14,65,4,False
186,14,70,4,True
186,14,115,4,False
186,14,128,4,False
186,14,175,4,False
186,14,226,4,False
186,14,8,5,False
186,14,28,5,False
186,14,36,5,False
186,14,65,5,False
186,14,70,5,True
186,14,115,5,False
186,14,128,5,False
186,14,175,5,False
186,14,226,5,False
187,14,8,1,True
187,14,28,1,False
187,14,36,1,True
187,14,65,1,True
187,14,70,1,False
187,14,115,1,True
187,14,128,1,True
187,14,175,1,False
187,14,226,1,False
187,14,8,2,False
187,14,28,2,True
187,14,36,2,True
187,14,65,2,False
187,14,70,2,True
187,14,115,2,False
187,14,128,2,False
187,14,175,2,False
187,14,226,2,True
187,14,8,3,False
187,14,28,3,True
187,14,36,3,True
187,14,65,3,True
187,14,70,3,True
187,14,115,3,False
187,14,128,3,False
187,14,175,3,True
187,14,226,3,True
187,14,8,4,False
187,14,28,4,False
187,14,36,4,True
187,14,65,4,False
187,14,70,4,False
187,14,115,4,True
187,14,128,4,False
187,14,175,4,False
187,14,226,4,False
187,14,8,5,False
187,14,28,5,False
187,14,36,5,True
187,14,65,5,True
187,14,70,5,True
187,14,115,5,True
187,14,128,5,True
187,14,175,5,True
187,14,226,5,False
187,15,179,1,False
187,15,249,1,False
187,15,179,2,False
187,15,249,2,False
187,15,179,5,False
187,15,249,5,False
189,12,121,1,True
189,12,136,1,True
189,12,243,1,False
189,12,121,2,True
189,12,136,2,False
189,12,243,2,False
189,12,121,3,True
189,12,136,3,True
189,12,243,3,False
189,12,121,4,False
189,12,136,4,False
189,12,243,4,True
189,13,180,1,False
189,13,189,1,False
189,13,180,2,False
189,13,189,2,False
189,13,180,4,False
189,13,189,4,False
189,14,8,1,False
189,14,28,1,False
189,14,36,1,False
189,14,65,1,False
189,14,70,1,False
189,14,115,1,False
189,14,128,1,False
189,14,175,1,False
189,14,226,1,False
189,14,8,2,False
189,14,28,2,True
189,14,36,2,False
189,14,65,2,False
189,14,70,2,False
189,14,115,2,False
189,14,128,2,False
189,14,175,2,False
189,14,226,2,False
189,14,8,3,False
189,14,28,3,False
189,14,36,3,False
189,14,65,3,False
189,14,70,3,False
189,14,115,3,False
189,14,128,3,False
189,14,175,3,False
189,14,226,3,False
189,14,8,4,False
189,14,28,4,False
189,14,36,4,False
189,14,65,4,False
189,14,70,4,False
189,14,115,4,False
189,14,128,4,False
189,14,175,4,False
189,14,226,4,False
189,14,8,5,False
189,14,28,5,False
189,14,36,5,False
189,14,65,5,False
189,14,70,5,False
189,14,115,5,False
189,14,128,5,False
189,14,175,5,False
189,14,226,5,False
190,14,8,1,True
190,14,28,1,False
190,14,36,1,False
190,14,65,1,True
190,14,70,1,True
190,14,115,1,True
190,14,128,1,True
190,14,175,1,False
190,14,226,1,False
190,14,8,2,False
190,14,28,2,True
190,14,36,2,True
190,14,65,2,False
190,14,70,2,False
190,14,115,2,False
190,14,128,2,False
190,14,175,2,False
190,14,226,2,True
190,14,8,3,True
190,14,28,3,False
190,14,36,3,False
190,14,65,3,True
190,14,70,3,True
190,14,115,3,True
190,14,128,3,True
190,14,175,3,True
190,14,226,3,True
190,14,8,4,False
190,14,28,4,False
190,14,36,4,True
190,14,65,4,False
190,14,70,4,True
190,14,115,4,False
190,14,128,4,False
190,14,175,4,False
190,14,226,4,True
190,14,8,5,True
190,14,28,5,False
190,14,36,5,False
190,14,65,5,True
190,14,70,5,False
190,14,115,5,True
190,14,128,5,False
190,14,175,5,True
190,14,226,5,True
191,14,8,1,False
191,14,28,1,False
191,14,36,1,False
191,14,65,1,False
191,14,70,1,False
191,14,115,1,False
191,14,128,1,True
191,14,175,1,False
191,14,226,1,False
191,14,8,2,False
191,14,28,2,True
191,14,36,2,False
191,14,65,2,False
191,14,70,2,False
191,14,115,2,False
191,14,128,2,False
191,14,175,2,False
191,14,226,2,False
191,14,8,3,False
191,14,28,3,False
191,14,36,3,False
191,14,65,3,False
191,14,70,3,False
191,14,115,3,False
191,14,128,3,False
191,14,175,3,False
191,14,226,3,False
191,14,8,4,False
191,14,28,4,False
191,14,36,4,False
191,14,65,4,False
191,14,70,4,False
191,14,115,4,False
191,14,128,4,False
191,14,175,4,False
191,14,226,4,False
191,14,8,5,False
191,14,28,5,False
191,14,36,5,False
191,14,65,5,False
191,14,70,5,False
191,14,115,5,False
191,14,128,5,False
191,14,175,5,False
191,14,226,5,False
192,14,8,1,True
192,14,28,1,False
192,14,36,1,False
192,14,65,1,True
192,14,70,1,False
192,14,115,1,True
192,14,128,1,False
192,14,175,1,True
192,14,226,1,False
192,14,8,2,False
192,14,28,2,True
192,14,36,2,True
192,14,65,2,False
192,14,70,2,True
192,14,115,2,False
192,14,128,2,False
192,14,175,2,True
192,14,226,2,True
192,14,8,3,False
192,14,28,3,False
192,14,36,3,False
192,14,65,3,False
192,14,70,3,False
192,14,115,3,False
192,14,128,3,True
192,14,175,3,False
192,14,226,3,False
192,14,8,5,False
192,14,28,5,False
192,14,36,5,False
192,14,65,5,False
192,14,70,5,False
192,14,115,5,False
192,14,128,5,False
192,14,175,5,False
192,14,226,5,False
194,12,121,1,False
194,12,136,1,False
194,12,243,1,False
194,12,121,2,False
194,12,136,2,False
194,12,243,2,False
194,12,121,3,False
194,12,136,3,False
194,12,243,3,False
194,12,121,4,False
194,12,136,4,False
194,12,243,4,False
194,14,8,1,True
194,14,28,1,False
194,14,36,1,False
194,14,65,1,True
194,14,70,1,False
194,14,115,1,True
194,14,128,1,True
194,14,175,1,False
194,14,226,1,False
194,14,8,2,False
194,14,28,2,True
194,14,36,2,False
194,14,65,2,False
194,14,70,2,False
194,14,115,2,False
194,14,128,2,False
194,14,175,2,False
194,14,226,2,True
194,14,8,3,False
194,14,28,3,False
194,14,36,3,False
194,14,65,3,False
194,14,70,3,False
194,14,115,3,False
194,14,128,3,False
194,14,175,3,True
194,14,226,3,False
194,14,8,4,False
194,14,28,4,False
194,14,36,4,False
194,14,65,4,False
194,14,70,4,True
194,14,115,4,False
194,14,128,4,False
194,14,175,4,False
194,14,226,4,False
194,14,8,5,True
194,14,28,5,False
194,14,36,5,False
194,14,65,5,True
194,14,70,5,False
194,14,115,5,False
194,14,128,5,True
194,14,175,5,True
194,14,226,5,False
195,14,8,1,False
195,14,28,1,False
195,14,36,1,False
195,14,65,1,False
195,14,70,1,False
195,14,115,1,False
195,14,128,1,True
195,14,175,1,True
195,14,226,1,False
195,14,8,2,False
195,14,28,2,True
195,14,36,2,False
195,14,65,2,False
195,14,70,2,False
195,14,115,2,False
195,14,128,2,False
195,14,175,2,False
195,14,226,2,False
195,14,8,3,False
195,14,28,3,False
195,14,36,3,False
195,14,65,3,False
195,14,70,3,False
195,14,115,3,False
195,14,128,3,False
195,14,175,3,False
195,14,226,3,False
195,14,8,4,False
195,14,28,4,False
195,14,36,4,False
195,14,65,4,False
195,14,70,4,False
195,14,115,4,False
195,14,128,4,False
195,14,175,4,True
195,14,226,4,False
195,14,8,5,False
195,14,28,5,False
195,14,36,5,False
195,14,65,5,False
195,14,70,5,False
195,14,115,5,False
195,14,128,5,True
195,14,175,5,False
195,14,226,5,False
196,12,121,1,True
196,12,136,1,False
196,12,243,1,False
196,12,121,2,False
196,12,136,2,False
196,12,243,2,False
196,12,121,3,True
196,12,136,3,False
196,12,243,3,False
196,12,121,4,False
196,12,136,4,False
196,12,243,4,False
197,13,180,1,False
197,13,189,1,False
197,13,180,2,False
197,13,189,2,False
197,13,180,3,False
197,13,189,3,False
197,13,180,4,False
197,13,189,4,False
197,14,8,1,False
197,14,28,1,False
197,14,36,1,False
197,14,65,1,False
197,14,70,1,False
197,14,115,1,False
197,14,128,1,False
197,14,175,1,False
197,14,226,1,False
197,14,8,2,False
197,14,28,2,False
197,14,36,2,True
197,14,65,2,False
197,14,70,2,False
197,14,115,2,False
197,14,128,2,False
197,14,175,2,False
197,14,226,2,False
197,14,8,3,False
197,14,28,3,False
197,14,36,3,False
197,14,65,3,False
197,14,70,3,False
197,14,115,3,False
197,14,128,3,False
197,14,175,3,False
197,14,226,3,False
197,14,8,4,False
197,14,28,4,False
197,14,36,4,False
197,14,65,4,False
197,14,70,4,False
197,14,115,4,False
197,14,128,4,False
197,14,175,4,False
197,14,226,4,False
197,14,8,5,False
197,14,28,5,False
197,14,36,5,False
197,14,65,5,False
197,14,70,5,False
197,14,115,5,False
197,14,128,5,False
197,14,175,5,False
197,14,226,5,False
198,12,121,1,False
198,12,136,1,False
198,12,243,1,False
198,12,121,2,False
198,12,136,2,False
198,12,243,2,False
198,12,121,3,True
198,12,136,3,True
198,12,243,3,False
198,12,121,4,False
198,12,136,4,False
198,12,243,4,False
198,14,8,1,True
198,14,28,1,False
198,14,36,1,False
198,14,65,1,False
198,14,70,1,False
198,14,115,1,True
198,14,128,1,True
198,14,175,1,False
198,14,226,1,False
198,14,8,2,False
198,14,28,2,True
198,14,36,2,True
198,14,65,2,False
198,14,70,2,False
198,14,115,2,False
198,14,128,2,False
198,14,175,2,False
198,14,226,2,False
198,14,8,3,False
198,14,28,3,False
198,14,36,3,False
198,14,65,3,False
198,14,70,3,True
198,14,115,3,False
198,14,128,3,True
198,14,175,3,True
198,14,226,3,True
198,14,8,4,False
198,14,28,4,False
198,14,36,4,False
198,14,65,4,False
198,14,70,4,True
198,14,115,4,False
198,14,128,4,False
198,14,175,4,False
198,14,226,4,False
198,14,8,5,True
198,14,28,5,False
198,14,36,5,False
198,14,65,5,False
198,14,70,5,False
198,14,115,5,False
198,14,128,5,True
198,14,175,5,False
198,14,226,5,False
198,15,179,1,False
198,15,249,1,False
198,15,179,2,False
198,15,249,2,False
198,15,179,4,False
198,15,249,4,False
198,15,179,5,False
198,15,249,5,False
200,12,121,1,False
200,12,136,1,False
200,12,243,1,False
200,12,121,2,False
200,12,136,2,False
200,12,243,2,False
200,12,121,3,False
200,12,136,3,False
200,12,243,3,False
200,12,121,4,False
200,12,136,4,False
200,12,243,4,False
200,14,8,1,True
200,14,28,1,False
200,14,36,1,False
200,14,65,1,True
200,14,70,1,True
200,14,115,1,True
200,14,128,1,True
200,14,175,1,False
200,14,226,1,False
200,14,8,2,False
200,14,28,2,True
200,14,36,2,True
200,14,65,2,True
200,14,70,2,True
200,14,115,2,False
200,14,128,2,False
200,14,175,2,False
200,14,226,2,True
200,14,8,3,True
200,14,28,3,False
200,14,36,3,True
200,14,65,3,True
200,14,70,3,True
200,14,115,3,True
200,14,128,3,True
200,14,175,3,True
200,14,226,3,True
200,14,8,4,True
200,14,28,4,False
200,14,36,4,True
200,14,65,4,True
200,14,70,4,True
200,14,115,4,True
200,14,128,4,False
200,14,175,4,False
200,14,226,4,True
200,14,8,5,False
200,14,28,5,False
200,14,36,5,False
200,14,65,5,True
200,14,70,5,True
200,14,115,5,True
200,14,128,5,False
200,14,175,5,True
200,14,226,5,True
200,15,179,1,False
200,15,249,1,False
200,15,179,2,False
200,15,249,2,False
200,15,179,3,False
200,15,249,3,False
200,15,179,4,False
200,15,249,4,False
200,15,179,5,False
200,15,249,5,False
201,13,180,1,False
201,13,189,1,True
201,13,180,2,False
201,13,189,2,False
201,13,180,3,False
201,13,189,3,False
201,13,180,4,False
201,13,189,4,False
201,14,8,1,True
201,14,28,1,False
201,14,36,1,False
201,14,65,1,True
201,14,70,1,False
201,14,115,1,False
201,14,128,1,True
201,14,175,1,True
201,14,226,1,False
201,14,8,2,False
201,14,28,2,True
201,14,36,2,True
201,14,65,2,False
201,14,70,2,False
201,14,115,2,False
201,14,128,2,False
201,14,175,2,True
201,14,226,2,False
201,14,8,3,True
201,14,28,3,False
201,14,36,3,False
201,14,65,3,True
201,14,70,3,False
201,14,115,3,False
201,14,128,3,True
201,14,175,3,True
201,14,226,3,False
201,14,8,4,True
201,14,28,4,False
201,14,36,4,False
201,14,65,4,False
201,14,70,4,False
201,14,115,4,False
201,14,128,4,False
201,14,175,4,False
201,14,226,4,True
201,14,8,5,False
201,14,28,5,False
201,14,36,5,False
201,14,65,5,True
201,14,70,5,False
201,14,115,5,False
201,14,128,5,False
201,14,175,5,False
201,14,226,5,False
203,12,121,1,False
203,12,136,1,False
203,12,243,1,False
203,12,121,2,False
203,12,136,2,False
203,12,243,2,False
203,12,121,4,False
203,12,136,4,False
203,12,243,4,False
203,14,8,1,True
203,14,28,1,False
203,14,36,1,False
203,14,65,1,True
203,14,70,1,False
203,14,115,1,True
203,14,128,1,True
203,14,175,1,False
203,14,226,1,False
203,14,8,2,False
203,14,28,2,True
203,14,36,2,True
203,14,65,2,False
203,14,70,2,True
203,14,115,2,False
203,14,128,2,True
203,14,175,2,False
203,14,226,2,True
203,14,8,3,True
203,14,28,3,True
203,14,36,3,False
203,14,65,3,True
203,14,70,3,True
203,14,115,3,False
203,14,128,3,True
203,14,175,3,False
203,14,226,3,False
203,14,8,4,False
203,14,28,4,True
203,14,36,4,True
203,14,65,4,False
203,14,70,4,False
203,14,115,4,True
203,14,128,4,False
203,14,175,4,True
203,14,226,4,False
203,14,8,5,True
203,14,28,5,False
203,14,36,5,True
203,14,65,5,True
203,14,70,5,True
203,14,115,5,False
203,14,128,5,True
203,14,175,5,False
203,14,226,5,False
204,12,121,1,True
204,12,136,1,False
204,12,243,1,False
204,12,121,2,False
204,12,136,2,False
204,12,243,2,False
204,12,121,3,False
204,12,136,3,False
204,12,243,3,False
204,12,121,4,False
204,12,136,4,False
204,12,243,4,False
204,14,8,1,True
204,14,28,1,False
204,14,36,1,False
204,14,65,1,True
204,14,70,1,False
204,14,115,1,True
204,14,128,1,True
204,14,175,1,False
204,14,226,1,False
204,14,8,2,False
204,14,28,2,True
204,14,36,2,True
204,14,65,2,False
204,14,70,2,True
204,14,115,2,False
204,14,128,2,False
204,14,175,2,False
204,14,226,2,True
204,14,8,3,False
204,14,28,3,True
204,14,36,3,False
204,14,65,3,True
204,14,70,3,True
204,14,115,3,False
204,14,128,3,True
204,14,175,3,False
204,14,226,3,True
204,14,8,4,False
204,14,28,4,True
204,14,36,4,True
204,14,65,4,True
204,14,70,4,True
204,14,115,4,False
204,14,128,4,True
204,14,175,4,False
204,14,226,4,True
204,14,8,5,False
204,14,28,5,False
204,14,36,5,False
204,14,65,5,True
204,14,70,5,True
204,14,115,5,False
204,14,128,5,False
204,14,175,5,False
204,14,226,5,False
204,15,179,2,False
204,15,249,2,False
204,15,179,5,False
204,15,249,5,False
205,14,8,1,True
205,14,28,1,False
205,14,36,1,False
205,14,65,1,True
205,14,70,1,False
205,14,115,1,True
205,14,128,1,True
205,14,175,1,False
205,14,226,1,False
205,14,8,2,False
205,14,28,2,True
205,14,36,2,True
205,14,65,2,False
205,14,70,2,True
205,14,115,2,False
205,14,128,2,False
205,14,175,2,False
205,14,226,2,False
205,14,8,3,False
205,14,28,3,False
205,14,36,3,True
205,14,65,3,True
205,14,70,3,True
205,14,115,3,True
205,14,128,3,True
205,14,175,3,True
205,14,226,3,False
205,14,8,4,False
205,14,28,4,True
205,14,36,4,True
205,14,65,4,True
205,14,70,4,True
205,14,115,4,False
205,14,128,4,False
205,14,175,4,False
205,14,226,4,True
205,14,8,5,True
205,14,28,5,True
205,14,36,5,True
205,14,65,5,True
205,14,70,5,False
205,14,115,5,True
205,14,128,5,True
205,14,175,5,True
205,14,226,5,True
205,15,179,1,False
205,15,249,1,False
205,15,179,2,False
205,15,249,2,False
205,15,179,3,False
205,15,249,3,False
205,15,179,5,False
205,15,249,5,False
206,14,8,1,True
206,14,28,1,False
206,14,36,1,False
206,14,65,1,True
206,14,70,1,True
206,14,115,1,True
206,14,128,1,True
206,14,175,1,False
206,14,226,1,False
206,14,8,2,False
206,14,28,2,True
206,14,36,2,True
206,14,65,2,False
206,14,70,2,True
206,14,115,2,False
206,14,128,2,False
206,14,175,2,False
206,14,226,2,True
206,14,8,3,False
206,14,28,3,False
206,14,36,3,True
206,14,65,3,True
206,14,70,3,True
206,14,115,3,True
206,14,128,3,False
206,14,175,3,True
206,14,226,3,True
206,14,8,4,False
206,14,28,4,False
206,14,36,4,True
206,14,65,4,False
206,14,70,4,True
206,14,115,4,True
206,14,128,4,False
206,14,175,4,False
206,14,226,4,True
206,14,8,5,False
206,14,28,5,False
206,14,36,5,False
206,14,65,5,False
206,14,70,5,True
206,14,115,5,False
206,14,128,5,False
206,14,175,5,False
206,14,226,5,False
207,12,121,1,True
207,12,136,1,True
207,12,243,1,True
207,12,121,2,True
207,12,136,2,False
207,12,243,2,False
207,12,121,3,True
207,12,136,3,True
207,12,243,3,True
207,12,121,4,False
207,12,136,4,True
207,12,243,4,True
207,13,180,1,False
207,13,189,1,False
207,13,180,2,False
207,13,189,2,False
207,13,180,4,False
207,13,189,4,False
207,14,8,1,False
207,14,28,1,False
207,14,36,1,False
207,14,65,1,True
207,14,70,1,False
207,14,115,1,False
207,14,128,1,True
207,14,175,1,False
207,14,226,1,False
207,14,8,2,False
207,14,28,2,True
207,14,36,2,True
207,14,65,2,False
207,14,70,2,False
207,14,115,2,False
207,14,128,2,False
207,14,175,2,False
207,14,226,2,False
207,14,8,3,True
207,14,28,3,False
207,14,36,3,False
207,14,65,3,True
207,14,70,3,False
207,14,115,3,False
207,14,128,3,True
207,14,175,3,False
207,14,226,3,False
207,14,8,4,False
207,14,28,4,False
207,14,36,4,False
207,14,65,4,True
207,14,70,4,False
207,14,115,4,False
207,14,128,4,False
207,14,175,4,False
207,14,226,4,False
207,14,8,5,False
207,14,28,5,False
207,14,36,5,False
207,14,65,5,True
207,14,70,5,False
207,14,115,5,False
207,14,128,5,False
207,14,175,5,True
207,14,226,5,False
207,15,179,2,False
207,15,249,2,False
207,15,179,3,False
207,15,249,3,False
207,15,179,4,False
207,15,249,4,False
207,15,179,5,False
207,15,249,5,True
208,14,8,1,True
208,14,28,1,False
208,14,36,1,False
208,14,65,1,True
208,14,70,1,True
208,14,115,1,False
208,14,128,1,True
208,14,175,1,False
208,14,226,1,False
208,14,8,2,False
208,14,28,2,True
208,14,36,2,True
208,14,65,2,True
208,14,70,2,True
208,14,115,2,False
208,14,128,2,True
208,14,175,2,False
208,14,226,2,True
208,14,8,3,False
208,14,28,3,False
208,14,36,3,False
208,14,65,3,True
208,14,70,3,True
208,14,115,3,True
208,14,128,3,True
208,14,175,3,False
208,14,226,3,False
208,14,8,4,False
208,14,28,4,False
208,14,36,4,False
208,14,65,4,True
208,14,70,4,False
208,14,115,4,True
208,14,128,4,True
208,14,175,4,True
208,14,226,4,True
208,14,8,5,False
208,14,28,5,False
208,14,36,5,False
208,14,65,5,True
208,14,70,5,True
208,14,115,5,False
208,14,128,5,True
208,14,175,5,False
208,14,226,5,False
208,16,7,1,False
208,16,93,1,False
208,16,244,1,False
208,16,7,2,False
208,16,93,2,False
208,16,244,2,False
208,16,7,3,False
208,16,93,3,False
208,16,244,3,False
208,16,7,5,False
208,16,93,5,False
208,16,244,5,False
209,14,8,1,True
209,14,28,1,False
209,14,36,1,False
209,14,65,1,False
209,14,70,1,False
209,14,115,1,False
209,14,128,1,False
209,14,175,1,False
209,14,226,1,False
209,14,8,2,False
209,14,28,2,True
209,14,36,2,False
209,14,65,2,False
209,14,70,2,False
209,14,115,2,False
209,14,128,2,False
209,14,175,2,False
209,14,226,2,False
209,14,8,3,False
209,14,28,3,False
209,14,36,3,False
209,14,65,3,False
209,14,70,3,True
209,14,115,3,True
209,14,128,3,False
209,14,175,3,True
209,14,226,3,False
209,14,8,4,False
209,14,28,4,False
209,14,36,4,True
209,14,65,4,False
209,14,70,4,False
209,14,115,4,True
209,14,128,4,False
209,14,175,4,True
209,14,226,4,False
209,14,8,5,False
209,14,28,5,False
209,14,36,5,False
209,14,65,5,False
209,14,70,5,False
209,14,115,5,False
209,14,128,5,False
209,14,175,5,False
209,14,226,5,False
209,15,179,1,False
209,15,249,1,True
209,15,179,2,False
209,15,249,2,False
209,15,179,3,False
209,15,249,3,False
209,15,179,4,False
209,15,249,4,False
209,15,179,5,False
209,15,249,5,False
210,14,8,1,True
210,14,28,1,False
210,14,36,1,True
210,14,65,1,True
210,14,70,1,True
210,14,115,1,True
210,14,128,1,True
210,14,175,1,False
210,14,226,1,False
210,14,8,2,False
210,14,28,2,True
210,14,36,2,True
210,14,65,2,True
210,14,70,2,True
210,14,115,2,False
210,14,128,2,True
210,14,175,2,False
210,14,226,2,True
210,14,8,3,True
210,14,28,3,False
210,14,36,3,True
210,14,65,3,True
210,14,70,3,True
210,14,115,3,False
210,14,128,3,True
210,14,175,3,True
210,14,226,3,True
210,14,8,4,False
210,14,28,4,True
210,14,36,4,True
210,14,65,4,True
210,14,70,4,False
210,14,115,4,False
210,14,128,4,True
210,14,175,4,False
210,14,226,4,True
210,14,8,5,False
210,14,28,5,False
210,14,36,5,False
210,14,65,5,True
210,14,70,5,True
210,14,115,5,False
210,14,128,5,True
210,14,175,5,True
210,14,226,5,False
210,15,179,2,False
210,15,249,2,False
210,15,179,5,False
210,15,249,5,False
212,13,180,1,False
212,13,189,1,False
212,13,180,2,False
212,13,189,2,False
212,14,8,1,True
212,14,28,1,False
212,14,36,1,False
212,14,65,1,True
212,14,70,1,True
212,14,115,1,False
212,14,128,1,True
212,14,175,1,False
212,14,226,1,False
212,14,8,2,False
212,14,28,2,True
212,14,36,2,True
212,14,65,2,False
212,14,70,2,True
212,14,115,2,False
212,14,128,2,True
212,14,175,2,False
212,14,226,2,True
212,14,8,3,False
212,14,28,3,False
212,14,36,3,True
212,14,65,3,True
212,14,70,3,False
212,14,115,3,False
212,14,128,3,False
212,14,175,3,True
212,14,226,3,False
212,14,8,4,False
212,14,28,4,False
212,14,36,4,False
212,14,65,4,False
212,14,70,4,False
212,14,115,4,True
212,14,128,4,False
212,14,175,4,False
212,14,226,4,False
212,14,8,5,True
212,14,28,5,False
212,14,36,5,False
212,14,65,5,False
212,14,70,5,True
212,14,115,5,False
212,14,128,5,True
212,14,175,5,False
212,14,226,5,False
213,12,121,1,True
213,12,136,1,False
213,12,243,1,False
213,12,121,2,True
213,12,136,2,False
213,12,243,2,False
213,12,121,3,False
213,12,136,3,True
213,12,243,3,False
213,12,121,4,False
213,12,136,4,False
213,12,243,4,False
213,14,8,1,True
213,14,28,1,False
213,14,36,1,False
213,14,65,1,True
213,14,70,1,False
213,14,115,1,True
213,14,128,1,True
213,14,175,1,False
213,14,226,1,False
213,14,8,2,False
213,14,28,2,True
213,14,36,2,True
213,14,65,2,False
213,14,70,2,True
213,14,115,2,False
213,14,128,2,False
213,14,175,2,False
213,14,226,2,False
213,14,8,3,False
213,14,28,3,False
213,14,36,3,True
213,14,65,3,True
213,14,70,3,True
213,14,115,3,True
213,14,128,3,True
213,14,175,3,True
213,14,226,3,False
213,14,8,4,False
213,14,28,4,False
213,14,36,4,True
213,14,65,4,True
213,14,70,4,True
213,14,115,4,True
213,14,128,4,False
213,14,175,4,False
213,14,226,4,True
213,14,8,5,False
213,14,28,5,False
213,14,36,5,True
213,14,65,5,True
213,14,70,5,True
213,14,115,5,True
213,14,128,5,True
213,14,175,5,True
213,14,226,5,True
216,14,8,1,True
216,14,28,1,False
216,14,36,1,False
216,14,65,1,True
216,14,70,1,False
216,14,115,1,False
216,14,128,1,True
216,14,175,1,False
216,14,226,1,False
216,14,8,2,False
216,14,28,2,True
216,14,36,2,True
216,14,65,2,False
216,14,70,2,False
216,14,115,2,False
216,14,128,2,False
216,14,175,2,False
216,14,226,2,False
216,14,8,3,False
216,14,28,3,False
216,14,36,3,False
216,14,65,3,True
216,14,70,3,True
216,14,115,3,False
216,14,128,3,True
216,14,175,3,True
216,14,226,3,False
216,14,8,4,False
216,14,28,4,False
216,14,36,4,False
216,14,65,4,True
216,14,70,4,True
216,14,115,4,False
216,14,128,4,False
216,14,175,4,True
216,14,226,4,False
216,14,8,5,False
216,14,28,5,False
216,14,36,5,False
216,14,65,5,False
216,14,70,5,False
216,14,115,5,False
216,14,128,5,True
216,14,175,5,False
216,14,226,5,False
216,15,179,1,False
216,15,249,1,False
216,15,179,2,False
216,15,249,2,False
216,15,179,3,False
216,15,249,3,False
216,15,179,4,False
216,15,249,4,False
216,15,179,5,False
216,15,249,5,False
217,14,8,1,False
217,14,28,1,False
217,14,36,1,False
217,14,65,1,True
217,14,70,1,True
217,14,115,1,True
217,14,128,1,True
217,14,175,1,False
217,14,226,1,False
217,14,8,2,False
217,14,28,2,True
217,14,36,2,True
217,14,65,2,False
217,14,70,2,False
217,14,115,2,False
217,14,128,2,False
217,14,175,2,False
217,14,226,2,True
217,14,8,3,False
217,14,28,3,False
217,14,36,3,False
217,14,65,3,True
217,14,70,3,True
217,14,115,3,False
217,14,128,3,False
217,14,175,3,False
217,14,226,3,True
217,14,8,4,False
217,14,28,4,True
217,14,36,4,True
217,14,65,4,True
217,14,70,4,True
217,14,115,4,False
217,14,128,4,False
217,14,175,4,True
217,14,226,4,True
217,14,8,5,False
217,14,28,5,False
217,14,36,5,False
217,14,65,5,False
217,14,70,5,False
217,14,115,5,False
217,14,128,5,False
217,14,175,5,False
217,14,226,5,False
218,13,180,1,False
218,13,189,1,False
218,13,180,2,False
218,13,189,2,False
218,13,180,4,False
218,13,189,4,False
218,14,8,1,True
218,14,28,1,False
218,14,36,1,False
218,14,65,1,True
218,14,70,1,True
218,14,115,1,False
218,14,128,1,True
218,14,175,1,False
218,14,226,1,False
218,14,8,2,False
218,14,28,2,False
218,14,36,2,False
218,14,65,2,False
218,14,70,2,True
218,14,115,2,False
218,14,128,2,True
218,14,175,2,False
218,14,226,2,True
218,14,8,3,False
218,14,28,3,False
218,14,36,3,False
218,14,65,3,False
218,14,70,3,True
218,14,115,3,False
218,14,128,3,True
218,14,175,3,False
218,14,226,3,False
218,14,8,4,False
218,14,28,4,False
218,14,36,4,False
218,14,65,4,False
218,14,70,4,True
218,14,115,4,False
218,14,128,4,True
218,14,175,4,False
218,14,226,4,False
218,14,8,5,False
218,14,28,5,False
218,14,36,5,False
218,14,65,5,False
218,14,70,5,True
218,14,115,5,False
218,14,128,5,True
218,14,175,5,False
218,14,226,5,False
219,15,179,2,False
219,15,249,2,False
219,15,179,3,False
219,15,249,3,False
219,15,179,4,False
219,15,249,4,False
219,15,179,5,False
219,15,249,5,False
221,12,121,1,False
221,12,136,1,False
221,12,243,1,False
221,12,121,2,False
221,12,136,2,True
221,12,243,2,False
221,14,8,1,True
221,14,28,1,False
221,14,36,1,False
221,14,65,1,True
221,14,70,1,True
221,14,115,1,True
221,14,128,1,True
221,14,175,1,False
221,14,226,1,False
221,14,8,2,False
221,14,28,2,True
221,14,36,2,True
221,14,65,2,False
221,14,70,2,False
221,14,115,2,False
221,14,128,2,False
221,14,175,2,False
221,14,226,2,True
221,14,8,3,False
221,14,28,3,True
221,14,36,3,True
221,14,65,3,False
221,14,70,3,True
221,14,115,3,True
221,14,128,3,True
221,14,175,3,False
221,14,226,3,True
221,14,8,4,False
221,14,28,4,True
221,14,36,4,True
221,14,65,4,False
221,14,70,4,True
221,14,115,4,False
221,14,128,4,False
221,14,175,4,False
221,14,226,4,True
221,14,8,5,True
221,14,28,5,False
221,14,36,5,False
221,14,65,5,False
221,14,70,5,False
221,14,115,5,False
221,14,128,5,True
221,14,175,5,True
221,14,226,5,False
221,15,179,2,False
221,15,249,2,False
221,15,179,3,False
221,15,249,3,False
221,15,179,5,False
221,15,249,5,False
222,14,8,1,False
222,14,28,1,False
222,14,36,1,False
222,14,65,1,False
222,14,70,1,False
222,14,115,1,True
222,14,128,1,True
222,14,175,1,False
222,14,226,1,False
222,14,8,2,False
222,14,28,2,False
222,14,36,2,False
222,14,65,2,False
222,14,70,2,False
222,14,115,2,False
222,14,128,2,True
222,14,175,2,True
222,14,226,2,False
222,14,8,3,False
222,14,28,3,False
222,14,36,3,False
222,14,65,3,False
222,14,70,3,False
222,14,115,3,True
222,14,128,3,True
222,14,175,3,False
222,14,226,3,False
222,14,8,4,False
222,14,28,4,False
222,14,36,4,False
222,14,65,4,False
222,14,70,4,False
222,14,115,4,False
222,14,128,4,True
222,14,175,4,True
222,14,226,4,True
222,14,8,5,False
222,14,28,5,False
222,14,36,5,False
222,14,65,5,False
222,14,70,5,False
222,14,115,5,False
222,14,128,5,True
222,14,175,5,False
222,14,226,5,False
222,15,179,1,False
222,15,249,1,False
222,15,179,2,False
222,15,249,2,False
222,15,179,3,False
222,15,249,3,False
222,15,179,4,False
222,15,249,4,False
222,15,179,5,False
222,15,249,5,False
223,12,121,1,False
223,12,136,1,False
223,12,243,1,False
223,12,121,2,False
223,12,136,2,False
223,12,243,2,False
223,12,121,3,False
223,12,136,3,False
223,12,243,3,False
223,12,121,4,False
223,12,136,4,False
223,12,243,4,False
223,14,8,1,True
223,14,28,1,False
223,14,36,1,False
223,14,65,1,True
223,14,70,1,True
223,14,115,1,True
223,14,128,1,True
223,14,175,1,False
223,14,226,1,False
223,14,8,2,False
223,14,28,2,True
223,14,36,2,True
223,14,65,2,False
223,14,70,2,True
223,14,115,2,False
223,14,128,2,False
223,14,175,2,False
223,14,226,2,True
223,14,8,3,False
223,14,28,3,False
223,14,36,3,True
223,14,65,3,True
223,14,70,3,True
223,14,115,3,False
223,14,128,3,False
223,14,175,3,True
223,14,226,3,False
223,14,8,4,False
223,14,28,4,True
223,14,36,4,True
223,14,65,4,False
223,14,70,4,True
223,14,115,4,False
223,14,128,4,False
223,14,175,4,False
223,14,226,4,False
223,14,8,5,False
223,14,28,5,True
223,14,36,5,False
223,14,65,5,True
223,14,70,5,True
223,14,115,5,False
223,14,128,5,False
223,14,175,5,True
223,14,226,5,False
224,14,8,1,True
224,14,28,1,False
224,14,36,1,False
224,14,65,1,True
224,14,70,1,False
224,14,115,1,False
224,14,128,1,True
224,14,175,1,False
224,14,226,1,False
224,14,8,2,False
224,14,28,2,True
224,14,36,2,True
224,14,65,2,False
224,14,70,2,True
224,14,115,2,False
224,14,128,2,False
224,14,175,2,False
224,14,226,2,False
224,14,8,3,False
224,14,28,3,True
224,14,36,3,False
224,14,65,3,True
224,14,70,3,True
224,14,115,3,True
224,14,128,3,True
224,14,175,3,False
224,14,226,3,False
224,14,8,4,False
224,14,28,4,False
224,14,36,4,False
224,14,65,4,False
224,14,70,4,False
224,14,115,4,False
224,14,128,4,False
224,14,175,4,True
224,14,226,4,True
224,14,8,5,False
224,14,28,5,True
224,14,36,5,False
224,14,65,5,False
224,14,70,5,True
224,14,115,5,False
224,14,128,5,False
224,14,175,5,True
224,14,226,5,False
225,12,121,1,False
225,12,136,1,False
225,12,243,1,False
225,12,121,2,False
225,12,136,2,False
225,12,243,2,False
225,12,121,4,False
225,12,136,4,False
225,12,243,4,False
225,14,8,1,True
225,14,28,1,False
225,14,36,1,False
225,14,65,1,True
225,14,70,1,False
225,14,115,1,True
225,14,128,1,True
225,14,175,1,False
225,14,226,1,False
225,14,8,2,False
225,14,28,2,True
225,14,36,2,True
225,14,65,2,False
225,14,70,2,False
225,14,115,2,False
225,14,128,2,False
225,14,175,2,False
225,14,226,2,False
225,14,8,3,False
225,14,28,3,False
225,14,36,3,False
225,14,65,3,True
225,14,70,3,True
225,14,115,3,False
225,14,128,3,False
225,14,175,3,False
225,14,226,3,False
225,14,8,4,False
225,14,28,4,False
225,14,36,4,False
225,14,65,4,True
225,14,70,4,True
225,14,115,4,True
225,14,128,4,False
225,14,175,4,True
225,14,226,4,False
225,14,8,5,False
225,14,28,5,False
225,14,36,5,False
225,14,65,5,False
225,14,70,5,False
225,14,115,5,False
225,14,128,5,False
225,14,175,5,False
225,14,226,5,False
226,14,8,1,True
226,14,28,1,False
226,14,36,1,False
226,14,65,1,True
226,14,70,1,False
226,14,115,1,True
226,14,128,1,True
226,14,175,1,True
226,14,226,1,False
226,14,8,2,False
226,14,28,2,True
226,14,36,2,True
226,14,65,2,False
226,14,70,2,False
226,14,115,2,False
226,14,128,2,False
226,14,175,2,False
226,14,226,2,True
226,14,8,3,False
226,14,28,3,False
226,14,36,3,False
226,14,65,3,False
226,14,70,3,True
226,14,115,3,False
226,14,128,3,True
226,14,175,3,True
226,14,226,3,False
226,14,8,4,False
226,14,28,4,False
226,14,36,4,False
226,14,65,4,False
226,14,70,4,False
226,14,115,4,False
226,14,128,4,False
226,14,175,4,False
226,14,226,4,False
226,14,8,5,False
226,14,28,5,False
226,14,36,5,False
226,14,65,5,False
226,14,70,5,False
226,14,115,5,False
226,14,128,5,True
226,14,175,5,False
226,14,226,5,False
227,14,8,1,True
227,14,28,1,False
227,14,36,1,False
227,14,65,1,True
227,14,70,1,False
227,14,115,1,False
227,14,128,1,True
227,14,175,1,False
227,14,226,1,False
227,14,8,2,False
227,14,28,2,True
227,14,36,2,True
227,14,65,2,True
227,14,70,2,True
227,14,115,2,False
227,14,128,2,False
227,14,175,2,False
227,14,226,2,False
227,14,8,3,False
227,14,28,3,True
227,14,36,3,True
227,14,65,3,True
227,14,70,3,True
227,14,115,3,True
227,14,128,3,True
227,14,175,3,False
227,14,226,3,False
227,14,8,4,False
227,14,28,4,True
227,14,36,4,False
227,14,65,4,False
227,14,70,4,False
227,14,115,4,False
227,14,128,4,False
227,14,175,4,True
227,14,226,4,True
227,14,8,5,False
227,14,28,5,False
227,14,36,5,False
227,14,65,5,True
227,14,70,5,True
227,14,115,5,False
227,14,128,5,True
227,14,175,5,True
227,14,226,5,False
227,15,179,2,False
227,15,249,2,False
227,15,179,3,False
227,15,249,3,False
227,15,179,4,False
227,15,249,4,False
227,15,179,5,False
227,15,249,5,False
228,15,179,2,False
228,15,249,2,False
228,15,179,3,False
228,15,249,3,False
228,15,179,4,False
228,15,249,4,False
228,15,179,5,False
228,15,249,5,False
229,14,8,1,True
229,14,28,1,False
229,14,36,1,False
229,14,65,1,True
229,14,70,1,True
229,14,115,1,False
229,14,128,1,True
229,14,175,1,False
229,14,226,1,False
229,14,8,2,False
229,14,28,2,True
229,14,36,2,True
229,14,65,2,False
229,14,70,2,True
229,14,115,2,False
229,14,128,2,False
229,14,175,2,False
229,14,226,2,True
229,14,8,3,False
229,14,28,3,False
229,14,36,3,False
229,14,65,3,False
229,14,70,3,True
229,14,115,3,False
229,14,128,3,False
229,14,175,3,False
229,14,226,3,False
229,14,8,4,False
229,14,28,4,False
229,14,36,4,False
229,14,65,4,False
229,14,70,4,True
229,14,115,4,False
229,14,128,4,True
229,14,175,4,False
229,14,226,4,False
229,14,8,5,False
229,14,28,5,False
229,14,36,5,False
229,14,65,5,True
229,14,70,5,True
229,14,115,5,True
229,14,128,5,False
229,14,175,5,True
229,14,226,5,False
230,14,8,2,False
230,14,28,2,True
230,14,36,2,False
230,14,65,2,False
230,14,70,2,False
230,14,115,2,False
230,14,128,2,False
230,14,175,2,False
230,14,226,2,True
230,14,8,3,False
230,14,28,3,False
230,14,36,3,False
230,14,65,3,False
230,14,70,3,True
230,14,115,3,False
230,14,128,3,False
230,14,175,3,False
230,14,226,3,False
230,14,8,4,False
230,14,28,4,False
230,14,36,4,False
230,14,65,4,False
230,14,70,4,False
230,14,115,4,False
230,14,128,4,False
230,14,175,4,True
230,14,226,4,False
230,14,8,5,False
230,14,28,5,False
230,14,36,5,False
230,14,65,5,False
230,14,70,5,False
230,14,115,5,False
230,14,128,5,False
230,14,175,5,False
230,14,226,5,False
231,14,8,1,True
231,14,28,1,False
231,14,36,1,False
231,14,65,1,True
231,14,70,1,False
231,14,115,1,True
231,14,128,1,True
231,14,175,1,False
231,14,226,1,False
231,14,8,2,False
231,14,28,2,True
231,14,36,2,True
231,14,65,2,False
231,14,70,2,True
231,14,115,2,False
231,14,128,2,False
231,14,175,2,False
231,14,226,2,True
231,14,8,3,True
231,14,28,3,False
231,14,36,3,False
231,14,65,3,True
231,14,70,3,True
231,14,115,3,False
231,14,128,3,False
231,14,175,3,True
231,14,226,3,False
231,14,8,4,False
231,14,28,4,False
231,14,36,4,False
231,14,65,4,False
231,14,70,4,False
231,14,115,4,True
231,14,128,4,False
231,14,175,4,True
231,14,226,4,False
231,14,8,5,False
231,14,28,5,False
231,14,36,5,False
231,14,65,5,True
231,14,70,5,False
231,14,115,5,True
231,14,128,5,True
231,14,175,5,True
231,14,226,5,False
232,12,121,1,False
232,12,136,1,False
232,12,243,1,False
232,12,121,2,False
232,12,136,2,False
232,12,243,2,False
232,12,121,3,False
232,12,136,3,False
232,12,243,3,False
232,12,121,4,False
232,12,136,4,False
232,12,243,4,False
232,14,8,1,False
232,14,28,1,False
232,14,36,1,False
232,14,65,1,False
232,14,70,1,False
232,14,115,1,False
232,14,128,1,False
232,14,175,1,False
232,14,226,1,False
232,14,8,2,False
232,14,28,2,False
232,14,36,2,False
232,14,65,2,False
232,14,70,2,False
232,14,115,2,False
232,14,128,2,False
232,14,175,2,False
232,14,226,2,False
232,14,8,3,False
232,14,28,3,False
232,14,36,3,False
232,14,65,3,False
232,14,70,3,False
232,14,115,3,False
232,14,128,3,False
232,14,175,3,False
232,14,226,3,False
232,14,8,4,False
232,14,28,4,False
232,14,36,4,False
232,14,65,4,False
232,14,70,4,False
232,14,115,4,False
232,14,128,4,False
232,14,175,4,False
232,14,226,4,False
232,14,8,5,False
232,14,28,5,False
232,14,36,5,False
232,14,65,5,False
232,14,70,5,False
232,14,115,5,False
232,14,128,5,False
232,14,175,5,False
232,14,226,5,False
233,12,121,1,True
233,12,136,1,True
233,12,243,1,False
233,12,121,2,True
233,12,136,2,False
233,12,243,2,False
233,12,121,3,True
233,12,136,3,True
233,12,243,3,False
233,12,121,4,False
233,12,136,4,True
233,12,243,4,True
233,13,180,1,False
233,13,189,1,False
233,13,180,2,False
233,13,189,2,True
233,13,180,3,False
233,13,189,3,False
233,13,180,4,False
233,13,189,4,False
233,14,8,1,False
233,14,28,1,False
233,14,36,1,False
233,14,65,1,False
233,14,70,1,False
233,14,115,1,False
233,14,128,1,False
233,14,175,1,False
233,14,226,1,False
233,14,8,2,True
233,14,28,2,False
233,14,36,2,False
233,14,65,2,False
233,14,70,2,False
233,14,115,2,False
233,14,128,2,False
233,14,175,2,False
233,14,226,2,False
233,14,8,3,False
233,14,28,3,False
233,14,36,3,False
233,14,65,3,False
233,14,70,3,False
233,14,115,3,False
233,14,128,3,False
233,14,175,3,False
233,14,226,3,False
233,14,8,4,False
233,14,28,4,False
233,14,36,4,False
233,14,65,4,False
233,14,70,4,False
233,14,115,4,False
233,14,128,4,False
233,14,175,4,False
233,14,226,4,False
233,14,8,5,False
233,14,28,5,True
233,14,36,5,False
233,14,65,5,True
233,14,70,5,False
233,14,115,5,True
233,14,128,5,False
233,14,175,5,True
233,14,226,5,True
233,15,179,1,False
233,15,249,1,False
233,15,179,2,False
233,15,249,2,False
233,15,179,3,False
233,15,249,3,False
233,15,179,4,False
233,15,249,4,True
233,15,179,5,False
233,15,249,5,False
234,12,121,1,False
234,12,136,1,True
234,12,243,1,False
234,12,121,2,False
234,12,136,2,True
234,12,243,2,False
234,12,121,3,True
234,12,136,3,True
234,12,243,3,False
234,12,121,4,False
234,12,136,4,True
234,12,243,4,False
234,13,180,1,False
234,13,189,1,False
234,13,180,2,False
234,13,189,2,False
234,13,180,3,False
234,13,189,3,False
234,13,180,4,False
234,13,189,4,False
234,14,8,1,False
234,14,28,1,False
234,14,36,1,False
234,14,65,1,True
234,14,70,1,False
234,14,115,1,False
234,14,128,1,False
234,14,175,1,False
234,14,226,1,False
234,14,8,2,False
234,14,28,2,False
234,14,36,2,False
234,14,65,2,False
234,14,70,2,False
234,14,115,2,False
234,14,128,2,False
234,14,175,2,True
234,14,226,2,False
234,14,8,3,False
234,14,28,3,False
234,14,36,3,False
234,14,65,3,True
234,14,70,3,False
234,14,115,3,False
234,14,128,3,False
234,14,175,3,True
234,14,226,3,False
234,14,8,4,False
234,14,28,4,False
234,14,36,4,False
234,14,65,4,False
234,14,70,4,False
234,14,115,4,False
234,14,128,4,False
234,14,175,4,True
234,14,226,4,False
234,14,8,5,False
234,14,28,5,False
234,14,36,5,False
234,14,65,5,True
234,14,70,5,False
234,14,115,5,False
234,14,128,5,False
234,14,175,5,True
234,14,226,5,False
235,12,121,1,True
235,12,136,1,True
235,12,243,1,True
235,12,121,2,True
235,12,136,2,False
235,12,243,2,False
235,12,121,3,True
235,12,136,3,True
235,12,243,3,True
235,12,121,4,False
235,12,136,4,True
235,12,243,4,True
235,13,180,3,False
235,13,189,3,False
235,13,180,4,False
235,13,189,4,False
235,14,8,1,False
235,14,28,1,False
235,14,36,1,False
235,14,65,1,False
235,14,70,1,False
235,14,115,1,False
235,14,128,1,False
235,14,175,1,False
235,14,226,1,False
235,14,8,2,True
235,14,28,2,True
235,14,36,2,True
235,14,65,2,True
235,14,70,2,True
235,14,115,2,True
235,14,128,2,False
235,14,175,2,True
235,14,226,2,True
235,14,8,3,False
235,14,28,3,True
235,14,36,3,True
235,14,65,3,False
235,14,70,3,False
235,14,115,3,True
235,14,128,3,False
235,14,175,3,True
235,14,226,3,True
235,14,8,4,False
235,14,28,4,False
235,14,36,4,False
235,14,65,4,True
235,14,70,4,True
235,14,115,4,False
235,14,128,4,False
235,14,175,4,False
235,14,226,4,False
235,14,8,5,False
235,14,28,5,False
235,14,36,5,False
235,14,65,5,False
235,14,70,5,False
235,14,115,5,False
235,14,128,5,False
235,14,175,5,False
235,14,226,5,False
236,14,8,1,False
236,14,28,1,False
236,14,36,1,False
236,14,65,1,False
236,14,70,1,False
236,14,115,1,False
236,14,128,1,False
236,14,175,1,False
236,14,226,1,False
236,14,8,2,False
236,14,28,2,True
236,14,36,2,True
236,14,65,2,False
236,14,70,2,False
236,14,115,2,False
236,14,128,2,False
236,14,175,2,True
236,14,226,2,False
236,14,8,3,False
236,14,28,3,False
236,14,36,3,False
236,14,65,3,False
236,14,70,3,False
236,14,115,3,False
236,14,128,3,False
236,14,175,3,False
236,14,226,3,False
236,14,8,4,False
236,14,28,4,False
236,14,36,4,False
236,14,65,4,False
236,14,70,4,False
236,14,115,4,False
236,14,128,4,False
236,14,175,4,False
236,14,226,4,False
236,14,8,5,False
236,14,28,5,False
236,14,36,5,False
236,14,65,5,False
236,14,70,5,False
236,14,115,5,False
236,14,128,5,False
236,14,175,5,False
236,14,226,5,False
236,15,179,1,False
236,15,249,1,False
236,15,179,2,False
236,15,249,2,True
236,15,179,3,False
236,15,249,3,True
236,15,179,5,True
236,15,249,5,False
237,12,121,1,False
237,12,136,1,False
237,12,243,1,False
237,12,121,2,False
237,12,136,2,False
237,12,243,2,False
237,12,121,3,False
237,12,136,3,False
237,12,243,3,False
237,12,121,4,False
237,12,136,4,False
237,12,243,4,False
237,14,8,1,True
237,14,28,1,False
237,14,36,1,False
237,14,65,1,True
237,14,70,1,False
237,14,115,1,False
237,14,128,1,True
237,14,175,1,False
237,14,226,1,False
237,14,8,2,False
237,14,28,2,False
237,14,36,2,True
237,14,65,2,True
237,14,70,2,False
237,14,115,2,False
237,14,128,2,True
237,14,175,2,False
237,14,226,2,False
237,14,8,3,True
237,14,28,3,False
237,14,36,3,False
237,14,65,3,True
237,14,70,3,True
237,14,115,3,False
237,14,128,3,True
237,14,175,3,False
237,14,226,3,False
237,14,8,4,True
237,14,28,4,False
237,14,36,4,True
237,14,65,4,True
237,14,70,4,True
237,14,115,4,False
237,14,128,4,True
237,14,175,4,False
237,14,226,4,False
237,14,8,5,True
237,14,28,5,False
237,14,36,5,False
237,14,65,5,False
237,14,70,5,True
237,14,115,5,False
237,14,128,5,True
237,14,175,5,False
237,14,226,5,False
238,12,121,1,True
238,12,136,1,False
238,12,243,1,False
238,12,121,2,False
238,12,136,2,False
238,12,243,2,False
238,12,121,3,True
238,12,136,3,False
238,12,243,3,False
238,12,121,4,False
238,12,136,4,False
238,12,243,4,False
238,14,8,1,True
238,14,28,1,False
238,14,36,1,True
238,14,65,1,True
238,14,70,1,True
238,14,115,1,True
238,14,128,1,True
238,14,175,1,False
238,14,226,1,False
238,14,8,2,False
238,14,28,2,True
238,14,36,2,True
238,14,65,2,False
238,14,70,2,False
238,14,115,2,False
238,14,128,2,False
238,14,175,2,False
238,14,226,2,True
238,14,8,3,True
238,14,28,3,False
238,14,36,3,True
238,14,65,3,True
238,14,70,3,True
238,14,115,3,True
238,14,128,3,True
238,14,175,3,True
238,14,226,3,True
238,14,8,4,True
238,14,28,4,False
238,14,36,4,True
238,14,65,4,True
238,14,70,4,True
238,14,115,4,True
238,14,128,4,True
238,14,175,4,True
238,14,226,4,True
238,14,8,5,True
238,14,28,5,True
238,14,36,5,True
238,14,65,5,True
238,14,70,5,True
238,14,115,5,True
238,14,128,5,True
238,14,175,5,False
238,14,226,5,True
239,12,121,1,True
239,12,136,1,True
239,12,243,1,True
239,12,121,2,True
239,12,136,2,False
239,12,243,2,False
239,12,121,3,True
239,12,136,3,True
239,12,243,3,True
239,12,121,4,False
239,12,136,4,True
239,12,243,4,True
239,13,180,1,False
239,13,189,1,False
239,13,180,2,False
239,13,189,2,False
239,13,180,3,False
239,13,189,3,False
239,13,180,4,False
239,13,189,4,False
239,14,8,1,False
239,14,28,1,False
239,14,36,1,False
239,14,65,1,True
239,14,70,1,True
239,14,115,1,False
239,14,128,1,True
239,14,175,1,False
239,14,226,1,False
239,14,8,2,False
239,14,28,2,True
239,14,36,2,True
239,14,65,2,False
239,14,70,2,True
239,14,115,2,False
239,14,128,2,False
239,14,175,2,False
239,14,226,2,False
239,14,8,3,True
239,14,28,3,False
239,14,36,3,False
239,14,65,3,True
239,14,70,3,True
239,14,115,3,True
239,14,128,3,True
239,14,175,3,True
239,14,226,3,False
239,14,8,4,False
239,14,28,4,False
239,14,36,4,False
239,14,65,4,True
239,14,70,4,True
239,14,115,4,True
239,14,128,4,False
239,14,175,4,True
239,14,226,4,True
239,14,8,5,False
239,14,28,5,False
239,14,36,5,False
239,14,65,5,False
239,14,70,5,False
239,14,115,5,False
239,14,128,5,False
239,14,175,5,False
239,14,226,5,False
240,12,121,1,True
240,12,136,1,False
240,12,243,1,False
240,12,121,2,True
240,12,136,2,False
240,12,243,2,False
240,12,121,3,True
240,12,136,3,False
240,12,243,3,False
240,12,121,4,False
240,12,136,4,False
240,12,243,4,True
240,14,8,1,True
240,14,28,1,False
240,14,36,1,False
240,14,65,1,True
240,14,70,1,False
240,14,115,1,True
240,14,128,1,False
240,14,175,1,False
240,14,226,1,False
240,14,8,2,False
240,14,28,2,False
240,14,36,2,False
240,14,65,2,False
240,14,70,2,False
240,14,115,2,False
240,14,128,2,False
240,14,175,2,False
240,14,226,2,False
240,14,8,3,False
240,14,28,3,False
240,14,36,3,False
240,14,65,3,False
240,14,70,3,False
240,14,115,3,False
240,14,128,3,False
240,14,175,3,False
240,14,226,3,False
240,14,8,5,True
240,14,28,5,False
240,14,36,5,False
240,14,65,5,True
240,14,70,5,False
240,14,115,5,True
240,14,128,5,False
240,14,175,5,False
240,14,226,5,False
241,12,121,1,False
241,12,136,1,False
241,12,243,1,True
241,12,121,2,False
241,12,136,2,False
241,12,243,2,False
241,12,121,3,False
241,12,136,3,False
241,12,243,3,True
241,12,121,4,False
241,12,136,4,False
241,12,243,4,True
241,14,8,1,True
241,14,28,1,False
241,14,36,1,False
241,14,65,1,True
241,14,70,1,False
241,14,115,1,False
241,14,128,1,True
241,14,175,1,False
241,14,226,1,False
241,14,8,2,False
241,14,28,2,True
241,14,36,2,False
241,14,65,2,False
241,14,70,2,False
241,14,115,2,False
241,14,128,2,False
241,14,175,2,False
241,14,226,2,False
241,14,8,3,False
241,14,28,3,False
241,14,36,3,False
241,14,65,3,True
241,14,70,3,False
241,14,115,3,False
241,14,128,3,True
241,14,175,3,False
241,14,226,3,False
241,14,8,4,True
241,14,28,4,False
241,14,36,4,False
241,14,65,4,False
241,14,70,4,False
241,14,115,4,False
241,14,128,4,False
241,14,175,4,True
241,14,226,4,False
241,14,8,5,True
241,14,28,5,False
241,14,36,5,False
241,14,65,5,False
241,14,70,5,False
241,14,115,5,False
241,14,128,5,True
241,14,175,5,True
241,14,226,5,False
242,12,121,1,False
242,12,136,1,False
242,12,243,1,False
242,12,121,2,False
242,12,136,2,False
242,12,243,2,False
242,12,121,3,False
242,12,136,3,False
242,12,243,3,False
242,12,121,4,False
242,12,136,4,False
242,12,243,4,False
242,14,8,1,True
242,14,28,1,False
242,14,36,1,False
242,14,65,1,True
242,14,70,1,True
242,14,115,1,True
242,14,128,1,True
242,14,175,1,False
242,14,226,1,False
242,14,8,2,False
242,14,28,2,True
242,14,36,2,True
242,14,65,2,True
242,14,70,2,True
242,14,115,2,False
242,14,128,2,True
242,14,175,2,False
242,14,226,2,True
242,14,8,3,True
242,14,28,3,False
242,14,36,3,False
242,14,65,3,True
242,14,70,3,True
242,14,115,3,True
242,14,128,3,True
242,14,175,3,True
242,14,226,3,False
242,14,8,4,True
242,14,28,4,True
242,14,36,4,True
242,14,65,4,True
242,14,70,4,True
242,14,115,4,False
242,14,128,4,True
242,14,175,4,True
242,14,226,4,True
242,14,8,5,False
242,14,28,5,False
242,14,36,5,False
242,14,65,5,True
242,14,70,5,True
242,14,115,5,True
242,14,128,5,True
242,14,175,5,True
242,14,226,5,True
243,12,121,1,True
243,12,136,1,True
243,12,243,1,False
243,12,121,2,True
243,12,136,2,True
243,12,243,2,False
243,12,121,3,True
243,12,136,3,True
243,12,243,3,False
243,12,121,4,False
243,12,136,4,True
243,12,243,4,True
243,13,180,1,False
243,13,189,1,False
243,13,180,2,False
243,13,189,2,True
243,13,180,3,False
243,13,189,3,False
243,13,180,4,False
243,13,189,4,False
243,14,8,1,True
243,14,28,1,False
243,14,36,1,True
243,14,65,1,True
243,14,70,1,False
243,14,115,1,True
243,14,128,1,True
243,14,175,1,False
243,14,226,1,False
243,14,8,2,False
243,14,28,2,True
243,14,36,2,True
243,14,65,2,False
243,14,70,2,True
243,14,115,2,False
243,14,128,2,False
243,14,175,2,False
243,14,226,2,True
243,14,8,3,True
243,14,28,3,False
243,14,36,3,False
243,14,65,3,True
243,14,70,3,True
243,14,115,3,False
243,14,128,3,True
243,14,175,3,False
243,14,226,3,False
243,14,8,4,False
243,14,28,4,False
243,14,36,4,False
243,14,65,4,True
243,14,70,4,True
243,14,115,4,False
243,14,128,4,False
243,14,175,4,True
243,14,226,4,True
243,14,8,5,True
243,14,28,5,False
243,14,36,5,False
243,14,65,5,True
243,14,70,5,True
243,14,115,5,True
243,14,128,5,True
243,14,175,5,False
243,14,226,5,True
244,12,121,1,True
244,12,136,1,True
244,12,243,1,False
244,12,121,2,True
244,12,136,2,True
244,12,243,2,False
244,12,121,3,False
244,12,136,3,False
244,12,243,3,False
244,12,121,4,False
244,12,136,4,False
244,12,243,4,False
244,13,180,1,False
244,13,189,1,False
244,13,180,2,False
244,13,189,2,False
244,13,180,3,False
244,13,189,3,False
244,13,180,4,False
244,13,189,4,False
244,14,8,1,True
244,14,28,1,False
244,14,36,1,False
244,14,65,1,True
244,14,70,1,False
244,14,115,1,False
244,14,128,1,True
244,14,175,1,False
244,14,226,1,False
244,14,8,2,False
244,14,28,2,True
244,14,36,2,True
244,14,65,2,False
244,14,70,2,True
244,14,115,2,False
244,14,128,2,False
244,14,175,2,False
244,14,226,2,True
244,14,8,3,False
244,14,28,3,False
244,14,36,3,False
244,14,65,3,True
244,14,70,3,True
244,14,115,3,True
244,14,128,3,True
244,14,175,3,False
244,14,226,3,False
244,14,8,4,False
244,14,28,4,False
244,14,36,4,False
244,14,65,4,False
244,14,70,4,False
244,14,115,4,False
244,14,128,4,False
244,14,175,4,True
244,14,226,4,True
244,14,8,5,False
244,14,28,5,False
244,14,36,5,False
244,14,65,5,True
244,14,70,5,True
244,14,115,5,True
244,14,128,5,True
244,14,175,5,False
244,14,226,5,True
244,15,179,1,False
244,15,249,1,False
244,15,179,2,False
244,15,249,2,False
244,15,179,3,False
244,15,249,3,False
244,15,179,4,False
244,15,249,4,False
244,15,179,5,False
244,15,249,5,False
245,12,121,1,False
245,12,136,1,False
245,12,243,1,False
245,12,121,2,False
245,12,136,2,False
245,12,243,2,False
245,12,121,3,False
245,12,136,3,False
245,12,243,3,False
245,12,121,4,False
245,12,136,4,False
245,12,243,4,False
245,13,180,1,False
245,13,189,1,False
245,13,180,2,False
245,13,189,2,True
245,13,180,3,False
245,13,189,3,False
245,13,180,4,False
245,13,189,4,True
245,14,8,1,True
245,14,28,1,False
245,14,36,1,False
245,14,65,1,True
245,14,70,1,True
245,14,115,1,False
245,14,128,1,False
245,14,175,1,False
245,14,226,1,False
245,14,8,2,False
245,14,28,2,True
245,14,36,2,True
245,14,65,2,True
245,14,70,2,False
245,14,115,2,False
245,14,128,2,False
245,14,175,2,False
245,14,226,2,False
245,14,8,3,False
245,14,28,3,False
245,14,36,3,False
245,14,65,3,True
245,14,70,3,False
245,14,115,3,True
245,14,128,3,False
245,14,175,3,False
245,14,226,3,False
245,14,8,4,False
245,14,28,4,False
245,14,36,4,False
245,14,65,4,False
245,14,70,4,False
245,14,115,4,False
245,14,128,4,False
245,14,175,4,False
245,14,226,4,False
245,14,8,5,False
245,14,28,5,False
245,14,36,5,False
245,14,65,5,True
245,14,70,5,True
245,14,115,5,False
245,14,128,5,False
245,14,175,5,False
245,14,226,5,False
246,12,121,1,False
246,12,136,1,False
246,12,243,1,False
246,12,121,2,False
246,12,136,2,False
246,12,243,2,False
246,12,121,3,False
246,12,136,3,False
246,12,243,3,False
246,12,121,4,False
246,12,136,4,False
246,12,243,4,False
246,13,180,1,False
246,13,189,1,False
246,13,180,2,False
246,13,189,2,False
246,13,180,3,False
246,13,189,3,False
246,13,180,4,False
246,13,189,4,False
246,14,8,1,True
246,14,28,1,False
246,14,36,1,False
246,14,65,1,True
246,14,70,1,True
246,14,115,1,True
246,14,128,1,True
246,14,175,1,False
246,14,226,1,False
246,14,8,2,False
246,14,28,2,True
246,14,36,2,True
246,14,65,2,True
246,14,70,2,True
246,14,115,2,False
246,14,128,2,False
246,14,175,2,False
246,14,226,2,True
246,14,8,3,False
246,14,28,3,False
246,14,36,3,False
246,14,65,3,True
246,14,70,3,True
246,14,115,3,False
246,14,128,3,False
246,14,175,3,False
246,14,226,3,False
246,14,8,4,False
246,14,28,4,True
246,14,36,4,True
246,14,65,4,False
246,14,70,4,False
246,14,115,4,False
246,14,128,4,False
246,14,175,4,False
246,14,226,4,False
246,14,8,5,False
246,14,28,5,False
246,14,36,5,True
246,14,65,5,True
246,14,70,5,True
246,14,115,5,False
246,14,128,5,True
246,14,175,5,True
246,14,226,5,False
247,12,121,1,True
247,12,136,1,True
247,12,243,1,True
247,12,121,2,True
247,12,136,2,False
247,12,243,2,True
247,12,121,3,True
247,12,136,3,True
247,12,243,3,True
247,12,121,4,False
247,12,136,4,False
247,12,243,4,True
247,13,180,1,False
247,13,189,1,False
247,13,180,2,False
247,13,189,2,False
247,13,180,3,False
247,13,189,3,False
247,13,180,4,False
247,13,189,4,False
247,14,8,1,True
247,14,28,1,False
247,14,36,1,True
247,14,65,1,True
247,14,70,1,True
247,14,115,1,True
247,14,128,1,True
247,14,175,1,False
247,14,226,1,False
247,14,8,2,False
247,14,28,2,True
247,14,36,2,True
247,14,65,2,False
247,14,70,2,True
247,14,115,2,False
247,14,128,2,False
247,14,175,2,False
247,14,226,2,True
247,14,8,3,False
247,14,28,3,False
247,14,36,3,False
247,14,65,3,True
247,14,70,3,True
247,14,115,3,False
247,14,128,3,False
247,14,175,3,True
247,14,226,3,False
247,14,8,4,False
247,14,28,4,False
247,14,36,4,False
247,14,65,4,False
247,14,70,4,True
247,14,115,4,False
247,14,128,4,False
247,14,175,4,False
247,14,226,4,False
247,14,8,5,True
247,14,28,5,True
247,14,36,5,True
247,14,65,5,True
247,14,70,5,True
247,14,115,5,True
247,14,128,5,False
247,14,175,5,False
247,14,226,5,True
248,12,121,1,True
248,12,136,1,True
248,12,243,1,False
248,12,121,2,True
248,12,136,2,False
248,12,243,2,False
248,12,121,3,True
248,12,136,3,True
248,12,243,3,False
248,12,121,4,False
248,12,136,4,True
248,12,243,4,False
248,13,180,1,False
248,13,189,1,False
248,13,180,2,False
248,13,189,2,False
248,13,180,3,False
248,13,189,3,False
248,13,180,4,False
248,13,189,4,False
248,14,8,1,True
248,14,28,1,False
248,14,36,1,False
248,14,65,1,True
248,14,70,1,True
248,14,115,1,True
248,14,128,1,True
248,14,175,1,False
248,14,226,1,False
248,14,8,2,False
248,14,28,2,True
248,14,36,2,True
248,14,65,2,True
248,14,70,2,True
248,14,115,2,False
248,14,128,2,False
248,14,175,2,False
248,14,226,2,False
248,14,8,3,True
248,14,28,3,False
248,14,36,3,False
248,14,65,3,True
248,14,70,3,True
248,14,115,3,True
248,14,128,3,True
248,14,175,3,True
248,14,226,3,False
248,14,8,4,False
248,14,28,4,False
248,14,36,4,True
248,14,65,4,False
248,14,70,4,True
248,14,115,4,False
248,14,128,4,False
248,14,175,4,False
248,14,226,4,False
248,14,8,5,False
248,14,28,5,False
248,14,36,5,False
248,14,65,5,False
248,14,70,5,True
248,14,115,5,False
248,14,128,5,True
248,14,175,5,False
248,14,226,5,False
249,12,121,1,False
249,12,136,1,False
249,12,243,1,False
249,12,121,2,False
249,12,136,2,False
249,12,243,2,False
249,13,180,1,False
249,13,189,1,False
249,13,180,2,False
249,13,189,2,False
249,13,180,3,False
249,13,189,3,True
249,13,180,4,False
249,13,189,4,False
249,14,8,1,True
249,14,28,1,False
249,14,36,1,False
249,14,65,1,True
249,14,70,1,True
249,14,115,1,True
249,14,128,1,True
249,14,175,1,False
249,14,226,1,False
249,14,8,2,False
249,14,28,2,True
249,14,36,2,True
249,14,65,2,False
249,14,70,2,True
249,14,115,2,False
249,14,128,2,False
249,14,175,2,True
249,14,226,2,True
249,14,8,3,True
249,14,28,3,False
249,14,36,3,True
249,14,65,3,True
249,14,70,3,True
249,14,115,3,False
249,14,128,3,True
249,14,175,3,False
249,14,226,3,False
249,14,8,4,False
249,14,28,4,False
249,14,36,4,False
249,14,65,4,False
249,14,70,4,False
249,14,115,4,True
249,14,128,4,False
249,14,175,4,False
249,14,226,4,True
249,14,8,5,False
249,14,28,5,True
249,14,36,5,True
249,14,65,5,False
249,14,70,5,False
249,14,115,5,False
249,14,128,5,False
249,14,175,5,False
249,14,226,5,False
250,12,121,1,False
250,12,136,1,False
250,12,243,1,False
250,12,121,2,False
250,12,136,2,False
250,12,243,2,False
250,12,121,3,False
250,12,136,3,False
250,12,243,3,False
250,12,121,4,False
250,12,136,4,False
250,12,243,4,False
250,13,180,1,False
250,13,189,1,False
250,13,180,2,False
250,13,189,2,False
250,13,180,3,False
250,13,189,3,False
250,13,180,4,False
250,13,189,4,True
250,14,8,1,False
250,14,28,1,False
250,14,36,1,False
250,14,65,1,True
250,14,70,1,True
250,14,115,1,False
250,14,128,1,True
250,14,175,1,False
250,14,226,1,False
250,14,8,2,False
250,14,28,2,True
250,14,36,2,True
250,14,65,2,False
250,14,70,2,True
250,14,115,2,False
250,14,128,2,False
250,14,175,2,False
250,14,226,2,True
250,14,8,3,False
250,14,28,3,False
250,14,36,3,True
250,14,65,3,True
250,14,70,3,True
250,14,115,3,False
250,14,128,3,True
250,14,175,3,True
250,14,226,3,False
250,14,8,4,False
250,14,28,4,False
250,14,36,4,True
250,14,65,4,False
250,14,70,4,True
250,14,115,4,False
250,14,128,4,False
250,14,175,4,False
250,14,226,4,False
250,14,8,5,False
250,14,28,5,False
250,14,36,5,False
250,14,65,5,False
250,14,70,5,True
250,14,115,5,False
250,14,128,5,True
250,14,175,5,True
250,14,226,5,True
250,15,179,1,False
250,15,249,1,False
250,15,179,5,False
250,15,249,5,False
251,12,121,1,False
251,12,136,1,False
251,12,243,1,False
251,12,121,2,False
251,12,136,2,False
251,12,243,2,False
251,12,121,3,False
251,12,136,3,False
251,12,243,3,False
251,12,121,4,False
251,12,136,4,False
251,12,243,4,False
251,14,8,1,True
251,14,28,1,False
251,14,36,1,False
251,14,65,1,True
251,14,70,1,True
251,14,115,1,True
251,14,128,1,True
251,14,175,1,False
251,14,226,1,False
251,14,8,2,False
251,14,28,2,True
251,14,36,2,True
251,14,65,2,True
251,14,70,2,True
251,14,115,2,False
251,14,128,2,False
251,14,175,2,False
251,14,226,2,True
251,14,8,3,False
251,14,28,3,False
251,14,36,3,False
251,14,65,3,True
251,14,70,3,True
251,14,115,3,False
251,14,128,3,True
251,14,175,3,True
251,14,226,3,False
251,14,8,4,False
251,14,28,4,False
251,14,36,4,False
251,14,65,4,False
251,14,70,4,True
251,14,115,4,False
251,14,128,4,False
251,14,175,4,False
251,14,226,4,True
251,14,8,5,False
251,14,28,5,False
251,14,36,5,False
251,14,65,5,True
251,14,70,5,True
251,14,115,5,False
251,14,128,5,False
251,14,175,5,False
251,14,226,5,True
252,12,121,1,True
252,12,136,1,True
252,12,243,1,False
252,12,121,2,True
252,12,136,2,False
252,12,243,2,False
252,12,121,3,True
252,12,136,3,True
252,12,243,3,False
252,12,121,4,False
252,12,136,4,True
252,12,243,4,True
252,13,180,1,False
252,13,189,1,False
252,13,180,2,False
252,13,189,2,True
252,13,180,3,False
252,13,189,3,False
252,13,180,4,False
252,13,189,4,False
252,14,8,1,False
252,14,28,1,False
252,14,36,1,False
252,14,65,1,False
252,14,70,1,False
252,14,115,1,False
252,14,128,1,False
252,14,175,1,False
252,14,226,1,False
252,14,8,2,False
252,14,28,2,False
252,14,36,2,True
252,14,65,2,False
252,14,70,2,False
252,14,115,2,True
252,14,128,2,False
252,14,175,2,True
252,14,226,2,False
252,14,8,3,False
252,14,28,3,False
252,14,36,3,True
252,14,65,3,False
252,14,70,3,False
252,14,115,3,False
252,14,128,3,False
252,14,175,3,False
252,14,226,3,False
252,14,8,5,False
252,14,28,5,False
252,14,36,5,False
252,14,65,5,False
252,14,70,5,False
252,14,115,5,True
252,14,128,5,False
252,14,175,5,True
252,14,226,5,False
252,16,7,1,True
252,16,93,1,False
252,16,244,1,False
252,16,7,3,False
252,16,93,3,False
252,16,244,3,False
252,16,7,4,False
252,16,93,4,False
252,16,244,4,False
252,16,7,5,False
252,16,93,5,False
252,16,244,5,False
253,12,121,1,True
253,12,136,1,True
253,12,243,1,False
253,12,121,2,True
253,12,136,2,False
253,12,243,2,False
253,12,121,3,True
253,12,136,3,True
253,12,243,3,False
253,12,121,4,False
253,12,136,4,False
253,12,243,4,False
253,14,8,1,False
253,14,28,1,False
253,14,36,1,False
253,14,65,1,False
253,14,70,1,False
253,14,115,1,False
253,14,128,1,False
253,14,175,1,False
253,14,226,1,False
253,14,8,2,False
253,14,28,2,False
253,14,36,2,False
253,14,65,2,False
253,14,70,2,False
253,14,115,2,False
253,14,128,2,False
253,14,175,2,False
253,14,226,2,False
253,14,8,3,False
253,14,28,3,False
253,14,36,3,False
253,14,65,3,False
253,14,70,3,False
253,14,115,3,False
253,14,128,3,False
253,14,175,3,False
253,14,226,3,False
253,14,8,4,False
253,14,28,4,False
253,14,36,4,False
253,14,65,4,False
253,14,70,4,False
253,14,115,4,False
253,14,128,4,False
253,14,175,4,False
253,14,226,4,False
253,14,8,5,False
253,14,28,5,False
253,14,36,5,False
253,14,65,5,False
253,14,70,5,False
253,14,115,5,False
253,14,128,5,False
253,14,175,5,False
253,14,226,5,False
254,12,121,1,False
254,12,136,1,False
254,12,243,1,False
254,12,121,2,False
254,12,136,2,False
254,12,243,2,False
254,12,121,3,False
254,12,136,3,False
254,12,243,3,False
254,12,121,4,False
254,12,136,4,False
254,12,243,4,False
254,14,8,1,False
254,14,28,1,False
254,14,36,1,True
254,14,65,1,False
254,14,70,1,False
254,14,115,1,True
254,14,128,1,True
254,14,175,1,False
254,14,226,1,False
254,14,8,2,False
254,14,28,2,True
254,14,36,2,True
254,14,65,2,False
254,14,70,2,True
254,14,115,2,False
254,14,128,2,False
254,14,175,2,False
254,14,226,2,False
254,14,8,3,True
254,14,28,3,False
254,14,36,3,True
254,14,65,3,True
254,14,70,3,True
254,14,115,3,True
254,14,128,3,True
254,14,175,3,True
254,14,226,3,False
254,14,8,4,False
254,14,28,4,False
254,14,36,4,False
254,14,65,4,False
254,14,70,4,True
254,14,115,4,True
254,14,128,4,False
254,14,175,4,True
254,14,226,4,True
254,14,8,5,True
254,14,28,5,False
254,14,36,5,True
254,14,65,5,True
254,14,70,5,True
254,14,115,5,True
254,14,128,5,False
254,14,175,5,True
254,14,226,5,True
255,12,121,1,False
255,12,136,1,False
255,12,243,1,False
255,12,121,2,False
255,12,136,2,False
255,12,243,2,False
255,12,121,3,False
255,12,136,3,True
255,12,243,3,False
255,12,121,4,False
255,12,136,4,False
255,12,243,4,False
255,14,8,1,True
255,14,28,1,False
255,14,36,1,False
255,14,65,1,True
255,14,70,1,False
255,14,115,1,True
255,14,128,1,True
255,14,175,1,False
255,14,226,1,False
255,14,8,2,False
255,14,28,2,True
255,14,36,2,True
255,14,65,2,False
255,14,70,2,True
255,14,115,2,False
255,14,128,2,False
255,14,175,2,False
255,14,226,2,False
255,14,8,3,False
255,14,28,3,False
255,14,36,3,True
255,14,65,3,True
255,14,70,3,True
255,14,115,3,True
255,14,128,3,True
255,14,175,3,True
255,14,226,3,False
255,14,8,4,False
255,14,28,4,True
255,14,36,4,True
255,14,65,4,True
255,14,70,4,False
255,14,115,4,False
255,14,128,4,True
255,14,175,4,True
255,14,226,4,True
255,14,8,5,False
255,14,28,5,True
255,14,36,5,False
255,14,65,5,True
255,14,70,5,True
255,14,115,5,False
255,14,128,5,False
255,14,175,5,False
255,14,226,5,False
256,12,121,1,False
256,12,136,1,False
256,12,243,1,False
256,12,121,2,False
256,12,136,2,False
256,12,243,2,False
256,12,121,4,False
256,12,136,4,False
256,12,243,4,False
256,14,8,1,False
256,14,28,1,False
256,14,36,1,False
256,14,65,1,True
256,14,70,1,True
256,14,115,1,False
256,14,128,1,True
256,14,175,1,False
256,14,226,1,False
256,14,8,2,False
256,14,28,2,True
256,14,36,2,True
256,14,65,2,False
256,14,70,2,True
256,14,115,2,False
256,14,128,2,False
256,14,175,2,False
256,14,226,2,False
256,14,8,3,True
256,14,28,3,False
256,14,36,3,False
256,14,65,3,True
256,14,70,3,True
256,14,115,3,False
256,14,128,3,True
256,14,175,3,False
256,14,226,3,False
256,14,8,4,False
256,14,28,4,False
256,14,36,4,False
256,14,65,4,False
256,14,70,4,True
256,14,115,4,False
256,14,128,4,False
256,14,175,4,False
256,14,226,4,False
256,14,8,5,True
256,14,28,5,False
256,14,36,5,False
256,14,65,5,False
256,14,70,5,True
256,14,115,5,False
256,14,128,5,True
256,14,175,5,True
256,14,226,5,True
256,16,7,1,False
256,16,93,1,False
256,16,244,1,True
256,16,7,2,True
256,16,93,2,False
256,16,244,2,False
256,16,7,3,False
256,16,93,3,True
256,16,244,3,False
256,16,7,4,False
256,16,93,4,False
256,16,244,4,False
256,16,7,5,True
256,16,93,5,False
256,16,244,5,False
257,12,121,1,True
257,12,136,1,True
257,12,243,1,False
257,12,121,2,True
257,12,136,2,False
257,12,243,2,False
257,12,121,3,True
257,12,136,3,False
257,12,243,3,False
257,12,121,4,False
257,12,136,4,False
257,12,243,4,False
257,13,180,1,False
257,13,189,1,True
257,13,180,2,False
257,13,189,2,False
257,13,180,3,False
257,13,189,3,False
257,13,180,4,False
257,13,189,4,False
257,14,8,1,True
257,14,28,1,False
257,14,36,1,False
257,14,65,1,True
257,14,70,1,False
257,14,115,1,True
257,14,128,1,True
257,14,175,1,True
257,14,226,1,False
257,14,8,2,False
257,14,28,2,True
257,14,36,2,True
257,14,65,2,False
257,14,70,2,True
257,14,115,2,False
257,14,128,2,False
257,14,175,2,True
257,14,226,2,True
257,14,8,3,False
257,14,28,3,False
257,14,36,3,False
257,14,65,3,True
257,14,70,3,True
257,14,115,3,False
257,14,128,3,True
257,14,175,3,False
257,14,226,3,False
257,14,8,4,False
257,14,28,4,False
257,14,36,4,True
257,14,65,4,False
257,14,70,4,False
257,14,115,4,False
257,14,128,4,False
257,14,175,4,False
257,14,226,4,False
257,14,8,5,False
257,14,28,5,False
257,14,36,5,False
257,14,65,5,True
257,14,70,5,True
257,14,115,5,True
257,14,128,5,True
257,14,175,5,False
257,14,226,5,False
258,12,121,1,True
258,12,136,1,True
258,12,243,1,False
258,12,121,2,True
258,12,136,2,False
258,12,243,2,False
258,12,121,3,True
258,12,136,3,True
258,12,243,3,False
258,12,121,4,False
258,12,136,4,True
258,12,243,4,True
258,14,8,1,True
258,14,28,1,False
258,14,36,1,False
258,14,65,1,False
258,14,70,1,False
258,14,115,1,False
258,14,128,1,True
258,14,175,1,False
258,14,226,1,False
258,14,8,2,False
258,14,28,2,True
258,14,36,2,True
258,14,65,2,True
258,14,70,2,False
258,14,115,2,False
258,14,128,2,False
258,14,175,2,True
258,14,226,2,True
258,14,8,3,False
258,14,28,3,False
258,14,36,3,False
258,14,65,3,False
258,14,70,3,False
258,14,115,3,False
258,14,128,3,False
258,14,175,3,False
258,14,226,3,False
258,14,8,4,False
258,14,28,4,False
258,14,36,4,False
258,14,65,4,False
258,14,70,4,False
258,14,115,4,False
258,14,128,4,False
258,14,175,4,False
258,14,226,4,False
258,14,8,5,True
258,14,28,5,True
258,14,36,5,True
258,14,65,5,True
258,14,70,5,False
258,14,115,5,False
258,14,128,5,False
258,14,175,5,False
258,14,226,5,True
259,12,121,1,True
259,12,136,1,False
259,12,243,1,False
259,12,121,2,False
259,12,136,2,False
259,12,243,2,False
259,12,121,3,False
259,12,136,3,False
259,12,243,3,False
259,12,121,4,False
259,12,136,4,False
259,12,243,4,False
259,14,8,1,True
259,14,28,1,False
259,14,36,1,True
259,14,65,1,True
259,14,70,1,True
259,14,115,1,True
259,14,128,1,True
259,14,175,1,False
259,14,226,1,False
259,14,8,2,False
259,14,28,2,True
259,14,36,2,True
259,14,65,2,True
259,14,70,2,True
259,14,115,2,False
259,14,128,2,False
259,14,175,2,False
259,14,226,2,False
259,14,8,3,False
259,14,28,3,False
259,14,36,3,True
259,14,65,3,True
259,14,70,3,True
259,14,115,3,False
259,14,128,3,True
259,14,175,3,False
259,14,226,3,False
259,14,8,4,False
259,14,28,4,False
259,14,36,4,False
259,14,65,4,False
259,14,70,4,True
259,14,115,4,False
259,14,128,4,True
259,14,175,4,True
259,14,226,4,True
259,14,8,5,False
259,14,28,5,True
259,14,36,5,True
259,14,65,5,True
259,14,70,5,True
259,14,115,5,False
259,14,128,5,True
259,14,175,5,False
259,14,226,5,False
259,15,179,5,False
259,15,249,5,False
260,12,121,1,False
260,12,136,1,False
260,12,243,1,False
260,12,121,2,False
260,12,136,2,False
260,12,243,2,False
260,14,8,1,False
260,14,28,1,False
260,14,36,1,False
260,14,65,1,True
260,14,70,1,True
260,14,115,1,True
260,14,128,1,True
260,14,175,1,True
260,14,226,1,False
260,14,8,2,False
260,14,28,2,True
260,14,36,2,True
260,14,65,2,False
260,14,70,2,False
260,14,115,2,False
260,14,128,2,False
260,14,175,2,True
260,14,226,2,True
260,14,8,3,False
260,14,28,3,True
260,14,36,3,True
260,14,65,3,True
260,14,70,3,True
260,14,115,3,False
260,14,128,3,False
260,14,175,3,False
260,14,226,3,False
260,14,8,4,False
260,14,28,4,False
260,14,36,4,False
260,14,65,4,False
260,14,70,4,False
260,14,115,4,False
260,14,128,4,False
260,14,175,4,False
260,14,226,4,False
260,14,8,5,False
260,14,28,5,False
260,14,36,5,False
260,14,65,5,True
260,14,70,5,True
260,14,115,5,False
260,14,128,5,True
260,14,175,5,False
260,14,226,5,False
260,16,7,1,False
260,16,93,1,False
260,16,244,1,False
260,16,7,2,True
260,16,93,2,False
260,16,244,2,False
260,16,7,3,False
260,16,93,3,True
260,16,244,3,False
260,16,7,4,False
260,16,93,4,False
260,16,244,4,False
260,16,7,5,False
260,16,93,5,False
260,16,244,5,False
261,12,121,1,False
261,12,136,1,False
261,12,243,1,False
261,12,121,2,False
261,12,136,2,False
261,12,243,2,False
261,12,121,3,False
261,12,136,3,False
261,12,243,3,False
261,12,121,4,False
261,12,136,4,False
261,12,243,4,False
261,13,180,1,False
261,13,189,1,False
261,13,180,2,False
261,13,189,2,False
261,13,180,3,False
261,13,189,3,False
261,13,180,4,False
261,13,189,4,False
261,14,8,1,True
261,14,28,1,False
261,14,36,1,False
261,14,65,1,True
261,14,70,1,False
261,14,115,1,True
261,14,128,1,True
261,14,175,1,False
261,14,226,1,False
261,14,8,2,False
261,14,28,2,True
261,14,36,2,True
261,14,65,2,True
261,14,70,2,True
261,14,115,2,False
261,14,128,2,False
261,14,175,2,False
261,14,226,2,True
261,14,8,3,False
261,14,28,3,False
261,14,36,3,True
261,14,65,3,True
261,14,70,3,True
261,14,115,3,True
261,14,128,3,True
261,14,175,3,False
261,14,226,3,False
261,14,8,4,False
261,14,28,4,False
261,14,36,4,False
261,14,65,4,False
261,14,70,4,False
261,14,115,4,False
261,14,128,4,False
261,14,175,4,False
261,14,226,4,True
261,14,8,5,False
261,14,28,5,False
261,14,36,5,True
261,14,65,5,True
261,14,70,5,True
261,14,115,5,False
261,14,128,5,False
261,14,175,5,False
261,14,226,5,False
262,12,121,1,True
262,12,136,1,True
262,12,243,1,False
262,12,121,2,True
262,12,136,2,False
262,12,243,2,False
262,12,121,3,True
262,12,136,3,True
262,12,243,3,False
262,12,121,4,False
262,12,136,4,True
262,12,243,4,True
262,13,180,1,False
262,13,189,1,False
262,13,180,2,False
262,13,189,2,True
262,13,180,3,False
262,13,189,3,False
262,13,180,4,False
262,13,189,4,True
262,14,8,1,False
262,14,28,1,False
262,14,36,1,False
262,14,65,1,True
262,14,70,1,False
262,14,115,1,False
262,14,128,1,True
262,14,175,1,False
262,14,226,1,False
262,14,8,2,False
262,14,28,2,True
262,14,36,2,True
262,14,65,2,False
262,14,70,2,False
262,14,115,2,False
262,14,128,2,False
262,14,175,2,False
262,14,226,2,False
262,14,8,3,False
262,14,28,3,True
262,14,36,3,True
262,14,65,3,False
262,14,70,3,False
262,14,115,3,False
262,14,128,3,False
262,14,175,3,False
262,14,226,3,False
262,14,8,4,False
262,14,28,4,False
262,14,36,4,False
262,14,65,4,False
262,14,70,4,False
262,14,115,4,False
262,14,128,4,False
262,14,175,4,True
262,14,226,4,False
262,14,8,5,False
262,14,28,5,False
262,14,36,5,False
262,14,65,5,False
262,14,70,5,False
262,14,115,5,False
262,14,128,5,False
262,14,175,5,True
262,14,226,5,False
263,12,121,1,False
263,12,136,1,False
263,12,243,1,False
263,12,121,2,False
263,12,136,2,False
263,12,243,2,False
263,12,121,3,False
263,12,136,3,False
263,12,243,3,False
263,14,8,1,True
263,14,28,1,False
263,14,36,1,False
263,14,65,1,True
263,14,70,1,True
263,14,115,1,True
263,14,128,1,True
263,14,175,1,False
263,14,226,1,False
263,14,8,2,False
263,14,28,2,True
263,14,36,2,True
263,14,65,2,False
263,14,70,2,True
263,14,115,2,False
263,14,128,2,False
263,14,175,2,False
263,14,226,2,True
263,14,8,3,True
263,14,28,3,True
263,14,36,3,True
263,14,65,3,True
263,14,70,3,True
263,14,115,3,False
263,14,128,3,True
263,14,175,3,True
263,14,226,3,True
263,14,8,4,False
263,14,28,4,True
263,14,36,4,True
263,14,65,4,False
263,14,70,4,True
263,14,115,4,False
263,14,128,4,True
263,14,175,4,False
263,14,226,4,True
263,14,8,5,True
263,14,28,5,False
263,14,36,5,True
263,14,65,5,True
263,14,70,5,True
263,14,115,5,False
263,14,128,5,True
263,14,175,5,True
263,14,226,5,True
263,15,179,1,False
263,15,249,1,False
263,15,179,2,False
263,15,249,2,False
263,15,179,3,True
263,15,249,3,False
263,15,179,4,False
263,15,249,4,False
263,15,179,5,False
263,15,249,5,True
264,12,121,1,False
264,12,136,1,False
264,12,243,1,False
264,12,121,2,False
264,12,136,2,False
264,12,243,2,False
264,12,121,3,False
264,12,136,3,False
264,12,243,3,False
264,12,121,4,False
264,12,136,4,False
264,12,243,4,False
264,13,180,1,False
264,13,189,1,False
264,13,180,2,False
264,13,189,2,False
264,13,180,3,False
264,13,189,3,False
264,13,180,4,False
264,13,189,4,False
265,12,121,1,True
265,12,136,1,True
265,12,243,1,True
265,12,121,2,True
265,12,136,2,True
265,12,243,2,False
265,12,121,3,True
265,12,136,3,True
265,12,243,3,True
265,12,121,4,False
265,12,136,4,True
265,12,243,4,True
265,13,180,1,False
265,13,189,1,False
265,13,180,2,False
265,13,189,2,False
265,13,180,3,False
265,13,189,3,False
265,13,180,4,False
265,13,189,4,True
265,14,8,1,True
265,14,28,1,False
265,14,36,1,True
265,14,65,1,False
265,14,70,1,False
265,14,115,1,True
265,14,128,1,True
265,14,175,1,False
265,14,226,1,False
265,14,8,2,False
265,14,28,2,True
265,14,36,2,False
265,14,65,2,False
265,14,70,2,True
265,14,115,2,False
265,14,128,2,False
265,14,175,2,False
265,14,226,2,False
265,14,8,3,True
265,14,28,3,False
265,14,36,3,True
265,14,65,3,True
265,14,70,3,False
265,14,115,3,True
265,14,128,3,False
265,14,175,3,True
265,14,226,3,True
265,14,8,4,True
265,14,28,4,False
265,14,36,4,False
265,14,65,4,True
265,14,70,4,False
265,14,115,4,False
265,14,128,4,False
265,14,175,4,True
265,14,226,4,True
265,14,8,5,False
265,14,28,5,False
265,14,36,5,True
265,14,65,5,False
265,14,70,5,True
265,14,115,5,False
265,14,128,5,True
265,14,175,5,True
265,14,226,5,False
266,12,121,1,False
266,12,136,1,True
266,12,243,1,False
266,12,121,2,False
266,12,136,2,False
266,12,243,2,False
266,12,121,3,False
266,12,136,3,True
266,12,243,3,True
266,12,121,4,False
266,12,136,4,True
266,12,243,4,True
266,13,180,1,False
266,13,189,1,False
266,13,180,2,False
266,13,189,2,False
266,13,180,3,False
266,13,189,3,False
266,13,180,4,False
266,13,189,4,False
266,14,8,1,False
266,14,28,1,False
266,14,36,1,False
266,14,65,1,False
266,14,70,1,False
266,14,115,1,False
266,14,128,1,True
266,14,175,1,False
266,14,226,1,False
266,14,8,2,False
266,14,28,2,True
266,14,36,2,False
266,14,65,2,False
266,14,70,2,True
266,14,115,2,False
266,14,128,2,False
266,14,175,2,False
266,14,226,2,False
266,14,8,3,False
266,14,28,3,False
266,14,36,3,False
266,14,65,3,False
266,14,70,3,True
266,14,115,3,False
266,14,128,3,True
266,14,175,3,False
266,14,226,3,False
266,14,8,4,False
266,14,28,4,True
266,14,36,4,False
266,14,65,4,False
266,14,70,4,False
266,14,115,4,False
266,14,128,4,False
266,14,175,4,False
266,14,226,4,False
266,14,8,5,False
266,14,28,5,False
266,14,36,5,False
266,14,65,5,False
266,14,70,5,False
266,14,115,5,False
266,14,128,5,False
266,14,175,5,False
266,14,226,5,False
267,12,121,1,False
267,12,136,1,False
267,12,243,1,False
267,12,121,2,False
267,12,136,2,False
267,12,243,2,False
267,12,121,3,False
267,12,136,3,False
267,12,243,3,False
267,12,121,4,False
267,12,136,4,False
267,12,243,4,False
267,14,8,1,True
267,14,28,1,False
267,14,36,1,False
267,14,65,1,True
267,14,70,1,True
267,14,115,1,True
267,14,128,1,True
267,14,175,1,False
267,14,226,1,False
267,14,8,2,False
267,14,28,2,True
267,14,36,2,True
267,14,65,2,True
267,14,70,2,True
267,14,115,2,False
267,14,128,2,True
267,14,175,2,False
267,14,226,2,True
267,14,8,3,False
267,14,28,3,True
267,14,36,3,False
267,14,65,3,True
267,14,70,3,True
267,14,115,3,False
267,14,128,3,True
267,14,175,3,False
267,14,226,3,True
267,14,8,4,False
267,14,28,4,False
267,14,36,4,False
267,14,65,4,True
267,14,70,4,True
267,14,115,4,False
267,14,128,4,True
267,14,175,4,False
267,14,226,4,True
267,14,8,5,False
267,14,28,5,False
267,14,36,5,False
267,14,65,5,True
267,14,70,5,True
267,14,115,5,False
267,14,128,5,True
267,14,175,5,False
267,14,226,5,False
268,12,121,1,True
268,12,136,1,True
268,12,243,1,False
268,12,121,2,True
268,12,136,2,True
268,12,243,2,False
268,12,121,3,False
268,12,136,3,True
268,12,243,3,False
268,12,121,4,False
268,12,136,4,True
268,12,243,4,True
268,13,180,1,False
268,13,189,1,False
268,13,180,2,False
268,13,189,2,False
268,13,180,3,False
268,13,189,3,False
268,13,180,4,False
268,13,189,4,False
268,14,8,1,True
268,14,28,1,False
268,14,36,1,False
268,14,65,1,True
268,14,70,1,True
268,14,115,1,True
268,14,128,1,True
268,14,175,1,False
268,14,226,1,False
268,14,8,2,False
268,14,28,2,True
268,14,36,2,True
268,14,65,2,False
268,14,70,2,True
268,14,115,2,False
268,14,128,2,False
268,14,175,2,False
268,14,226,2,True
268,14,8,3,False
268,14,28,3,False
268,14,36,3,True
268,14,65,3,True
268,14,70,3,True
268,14,115,3,False
268,14,128,3,False
268,14,175,3,False
268,14,226,3,False
268,14,8,4,False
268,14,28,4,False
268,14,36,4,False
268,14,65,4,False
268,14,70,4,True
268,14,115,4,False
268,14,128,4,False
268,14,175,4,False
268,14,226,4,False
268,14,8,5,False
268,14,28,5,False
268,14,36,5,True
268,14,65,5,True
268,14,70,5,False
268,14,115,5,False
268,14,128,5,False
268,14,175,5,False
268,14,226,5,False
268,16,7,1,False
268,16,93,1,False
268,16,244,1,False
268,16,7,2,False
268,16,93,2,False
268,16,244,2,False
268,16,7,3,False
268,16,93,3,True
268,16,244,3,False
268,16,7,4,False
268,16,93,4,False
268,16,244,4,False
268,16,7,5,False
268,16,93,5,False
268,16,244,5,False
269,12,121,1,False
269,12,136,1,False
269,12,243,1,False
269,12,121,2,False
269,12,136,2,False
269,12,243,2,False
269,12,121,3,False
269,12,136,3,False
269,12,243,3,False
269,12,121,4,False
269,12,136,4,False
269,12,243,4,False
269,13,180,1,False
269,13,189,1,False
269,13,180,2,False
269,13,189,2,False
269,13,180,3,False
269,13,189,3,False
269,13,180,4,False
269,13,189,4,False
269,14,8,1,True
269,14,28,1,False
269,14,36,1,False
269,14,65,1,True
269,14,70,1,True
269,14,115,1,True
269,14,128,1,True
269,14,175,1,False
269,14,226,1,False
269,14,8,2,False
269,14,28,2,True
269,14,36,2,False
269,14,65,2,False
269,14,70,2,True
269,14,115,2,False
269,14,128,2,False
269,14,175,2,True
269,14,226,2,True
269,14,8,3,False
269,14,28,3,False
269,14,36,3,False
269,14,65,3,True
269,14,70,3,True
269,14,115,3,True
269,14,128,3,False
269,14,175,3,False
269,14,226,3,True
269,14,8,4,False
269,14,28,4,True
269,14,36,4,False
269,14,65,4,True
269,14,70,4,True
269,14,115,4,False
269,14,128,4,False
269,14,175,4,False
269,14,226,4,False
269,14,8,5,False
269,14,28,5,False
269,14,36,5,False
269,14,65,5,True
269,14,70,5,True
269,14,115,5,False
269,14,128,5,False
269,14,175,5,False
269,14,226,5,True
270,14,8,1,False
270,14,28,1,False
270,14,36,1,False
270,14,65,1,False
270,14,70,1,False
270,14,115,1,False
270,14,128,1,False
270,14,175,1,False
270,14,226,1,False
270,14,8,2,False
270,14,28,2,False
270,14,36,2,False
270,14,65,2,False
270,14,70,2,False
270,14,115,2,False
270,14,128,2,False
270,14,175,2,False
270,14,226,2,False
270,14,8,3,False
270,14,28,3,False
270,14,36,3,False
270,14,65,3,False
270,14,70,3,False
270,14,115,3,False
270,14,128,3,False
270,14,175,3,False
270,14,226,3,False
270,14,8,4,False
270,14,28,4,False
270,14,36,4,False
270,14,65,4,False
270,14,70,4,False
270,14,115,4,False
270,14,128,4,False
270,14,175,4,False
270,14,226,4,False
270,14,8,5,False
270,14,28,5,False
270,14,36,5,False
270,14,65,5,False
270,14,70,5,False
270,14,115,5,False
270,14,128,5,False
270,14,175,5,False
270,14,226,5,False
270,16,7,1,False
270,16,93,1,False
270,16,244,1,False
270,16,7,2,False
270,16,93,2,True
270,16,244,2,False
270,16,7,3,False
270,16,93,3,True
270,16,244,3,False
270,16,7,4,False
270,16,93,4,False
270,16,244,4,False
270,16,7,5,False
270,16,93,5,False
270,16,244,5,True
271,12,121,1,True
271,12,136,1,True
271,12,243,1,False
271,12,121,2,True
271,12,136,2,False
271,12,243,2,False
271,12,121,3,True
271,12,136,3,False
271,12,243,3,False
271,12,121,4,False
271,12,136,4,True
271,12,243,4,True
271,14,8,1,False
271,14,28,1,False
271,14,36,1,False
271,14,65,1,False
271,14,70,1,False
271,14,115,1,False
271,14,128,1,True
271,14,175,1,False
271,14,226,1,False
271,14,8,2,False
271,14,28,2,True
271,14,36,2,True
271,14,65,2,False
271,14,70,2,False
271,14,115,2,False
271,14,128,2,False
271,14,175,2,False
271,14,226,2,False
271,14,8,3,False
271,14,28,3,True
271,14,36,3,True
271,14,65,3,False
271,14,70,3,True
271,14,115,3,True
271,14,128,3,True
271,14,175,3,False
271,14,226,3,True
271,14,8,4,False
271,14,28,4,True
271,14,36,4,False
271,14,65,4,False
271,14,70,4,True
271,14,115,4,False
271,14,128,4,False
271,14,175,4,False
271,14,226,4,True
271,14,8,5,False
271,14,28,5,False
271,14,36,5,False
271,14,65,5,False
271,14,70,5,False
271,14,115,5,False
271,14,128,5,False
271,14,175,5,True
271,14,226,5,False
272,12,121,1,False
272,12,136,1,False
272,12,243,1,False
272,12,121,2,False
272,12,136,2,False
272,12,243,2,False
272,12,121,4,False
272,12,136,4,False
272,12,243,4,False
272,13,180,1,False
272,13,189,1,False
272,13,180,2,False
272,13,189,2,False
272,13,180,3,True
272,13,189,3,False
272,13,180,4,False
272,13,189,4,False
272,14,8,1,True
272,14,28,1,False
272,14,36,1,False
272,14,65,1,True
272,14,70,1,True
272,14,115,1,True
272,14,128,1,True
272,14,175,1,False
272,14,226,1,False
272,14,8,2,False
272,14,28,2,True
272,14,36,2,True
272,14,65,2,True
272,14,70,2,True
272,14,115,2,False
272,14,128,2,True
272,14,175,2,False
272,14,226,2,True
272,14,8,3,True
272,14,28,3,True
272,14,36,3,True
272,14,65,3,True
272,14,70,3,True
272,14,115,3,True
272,14,128,3,True
272,14,175,3,True
272,14,226,3,True
272,14,8,4,False
272,14,28,4,False
272,14,36,4,True
272,14,65,4,True
272,14,70,4,True
272,14,115,4,True
272,14,128,4,True
272,14,175,4,False
272,14,226,4,True
272,14,8,5,True
272,14,28,5,False
272,14,36,5,True
272,14,65,5,True
272,14,70,5,True
272,14,115,5,False
272,14,128,5,False
272,14,175,5,False
272,14,226,5,True
273,12,121,1,False
273,12,136,1,False
273,12,243,1,False
273,12,121,3,False
273,12,136,3,False
273,12,243,3,False
273,12,121,4,False
273,12,136,4,False
273,12,243,4,False
273,14,8,1,True
273,14,28,1,False
273,14,36,1,True
273,14,65,1,True
273,14,70,1,True
273,14,115,1,True
273,14,128,1,True
273,14,175,1,False
273,14,226,1,False
273,14,8,2,False
273,14,28,2,True
273,14,36,2,True
273,14,65,2,False
273,14,70,2,False
273,14,115,2,False
273,14,128,2,False
273,14,175,2,False
273,14,226,2,True
273,14,8,3,True
273,14,28,3,False
273,14,36,3,False
273,14,65,3,True
273,14,70,3,True
273,14,115,3,False
273,14,128,3,True
273,14,175,3,False
273,14,226,3,False
273,14,8,4,False
273,14,28,4,True
273,14,36,4,False
273,14,65,4,False
273,14,70,4,False
273,14,115,4,False
273,14,128,4,False
273,14,175,4,False
273,14,226,4,False
273,14,8,5,True
273,14,28,5,True
273,14,36,5,True
273,14,65,5,False
273,14,70,5,False
273,14,115,5,True
273,14,128,5,False
273,14,175,5,False
273,14,226,5,False
274,12,121,1,False
274,12,136,1,False
274,12,243,1,False
274,12,121,2,True
274,12,136,2,False
274,12,243,2,True
274,12,121,3,False
274,12,136,3,False
274,12,243,3,False
274,12,121,4,False
274,12,136,4,False
274,12,243,4,False
274,13,180,1,False
274,13,189,1,True
274,13,180,2,False
274,13,189,2,True
274,13,180,3,False
274,13,189,3,False
274,13,180,4,False
274,13,189,4,False
274,14,8,1,False
274,14,28,1,False
274,14,36,1,False
274,14,65,1,True
274,14,70,1,False
274,14,115,1,False
274,14,128,1,False
274,14,175,1,False
274,14,226,1,False
274,14,8,2,False
274,14,28,2,True
274,14,36,2,True
274,14,65,2,False
274,14,70,2,False
274,14,115,2,False
274,14,128,2,False
274,14,175,2,False
274,14,226,2,False
274,14,8,3,False
274,14,28,3,False
274,14,36,3,False
274,14,65,3,True
274,14,70,3,True
274,14,115,3,False
274,14,128,3,False
274,14,175,3,False
274,14,226,3,False
274,14,8,4,False
274,14,28,4,False
274,14,36,4,True
274,14,65,4,False
274,14,70,4,False
274,14,115,4,False
274,14,128,4,False
274,14,175,4,False
274,14,226,4,False
274,14,8,5,False
274,14,28,5,True
274,14,36,5,True
274,14,65,5,False
274,14,70,5,False
274,14,115,5,False
274,14,128,5,False
274,14,175,5,False
274,14,226,5,False
274,16,7,1,False
274,16,93,1,False
274,16,244,1,False
274,16,7,3,False
274,16,93,3,False
274,16,244,3,False
274,16,7,5,False
274,16,93,5,False
274,16,244,5,False
275,12,121,1,True
275,12,136,1,True
275,12,243,1,True
275,12,121,2,True
275,12,136,2,False
275,12,243,2,False
275,12,121,3,True
275,12,136,3,True
275,12,243,3,True
275,12,121,4,False
275,12,136,4,True
275,12,243,4,True
275,14,8,1,False
275,14,28,1,False
275,14,36,1,False
275,14,65,1,True
275,14,70,1,True
275,14,115,1,False
275,14,128,1,True
275,14,175,1,False
275,14,226,1,False
275,14,8,2,False
275,14,28,2,True
275,14,36,2,True
275,14,65,2,True
275,14,70,2,True
275,14,115,2,False
275,14,128,2,False
275,14,175,2,False
275,14,226,2,True
275,14,8,3,False
275,14,28,3,False
275,14,36,3,True
275,14,65,3,True
275,14,70,3,True
275,14,115,3,False
275,14,128,3,False
275,14,175,3,False
275,14,226,3,True
275,14,8,4,False
275,14,28,4,False
275,14,36,4,False
275,14,65,4,False
275,14,70,4,True
275,14,115,4,False
275,14,128,4,False
275,14,175,4,False
275,14,226,4,False
275,14,8,5,False
275,14,28,5,False
275,14,36,5,False
275,14,65,5,False
275,14,70,5,True
275,14,115,5,False
275,14,128,5,False
275,14,175,5,False
275,14,226,5,False
276,12,121,1,False
276,12,136,1,False
276,12,243,1,False
276,12,121,2,False
276,12,136,2,False
276,12,243,2,False
276,12,121,3,False
276,12,136,3,False
276,12,243,3,False
276,12,121,4,False
276,12,136,4,False
276,12,243,4,False
276,14,8,1,True
276,14,28,1,False
276,14,36,1,False
276,14,65,1,False
276,14,70,1,False
276,14,115,1,True
276,14,128,1,True
276,14,175,1,False
276,14,226,1,False
276,14,8,2,False
276,14,28,2,True
276,14,36,2,True
276,14,65,2,False
276,14,70,2,False
276,14,115,2,False
276,14,128,2,False
276,14,175,2,False
276,14,226,2,False
276,14,8,3,False
276,14,28,3,False
276,14,36,3,False
276,14,65,3,True
276,14,70,3,True
276,14,115,3,False
276,14,128,3,True
276,14,175,3,False
276,14,226,3,False
276,14,8,4,False
276,14,28,4,False
276,14,36,4,False
276,14,65,4,False
276,14,70,4,True
276,14,115,4,False
276,14,128,4,True
276,14,175,4,False
276,14,226,4,False
276,14,8,5,False
276,14,28,5,True
276,14,36,5,False
276,14,65,5,False
276,14,70,5,True
276,14,115,5,False
276,14,128,5,False
276,14,175,5,True
276,14,226,5,False
276,15,179,1,False
276,15,249,1,False
276,15,179,5,False
276,15,249,5,False
277,12,121,1,False
277,12,136,1,False
277,12,243,1,False
277,12,121,2,False
277,12,136,2,False
277,12,243,2,False
277,12,121,3,False
277,12,136,3,False
277,12,243,3,False
277,12,121,4,False
277,12,136,4,False
277,12,243,4,False
277,13,180,1,False
277,13,189,1,False
277,13,180,2,False
277,13,189,2,True
277,13,180,3,False
277,13,189,3,False
277,13,180,4,False
277,13,189,4,False
277,14,8,1,False
277,14,28,1,False
277,14,36,1,False
277,14,65,1,True
277,14,70,1,False
277,14,115,1,False
277,14,128,1,True
277,14,175,1,False
277,14,226,1,False
277,14,8,2,False
277,14,28,2,True
277,14,36,2,True
277,14,65,2,False
277,14,70,2,False
277,14,115,2,False
277,14,128,2,True
277,14,175,2,False
277,14,226,2,False
277,14,8,3,False
277,14,28,3,False
277,14,36,3,False
277,14,65,3,True
277,14,70,3,True
277,14,115,3,True
277,14,128,3,True
277,14,175,3,True
277,14,226,3,False
277,14,8,4,False
277,14,28,4,False
277,14,36,4,True
277,14,65,4,True
277,14,70,4,False
277,14,115,4,False
277,14,128,4,True
277,14,175,4,True
277,14,226,4,True
277,14,8,5,False
277,14,28,5,True
277,14,36,5,True
277,14,65,5,False
277,14,70,5,False
277,14,115,5,False
277,14,128,5,True
277,14,175,5,False
277,14,226,5,True
278,12,121,1,False
278,12,136,1,False
278,12,243,1,False
278,12,121,2,False
278,12,136,2,False
278,12,243,2,False
278,12,121,3,False
278,12,136,3,False
278,12,243,3,False
278,12,121,4,False
278,12,136,4,False
278,12,243,4,False
279,12,121,1,False
279,12,136,1,False
279,12,243,1,False
279,12,121,2,False
279,12,136,2,False
279,12,243,2,False
279,12,121,3,False
279,12,136,3,False
279,12,243,3,False
279,12,121,4,False
279,12,136,4,False
279,12,243,4,False
279,13,180,1,False
279,13,189,1,False
279,13,180,2,False
279,13,189,2,True
279,13,180,3,False
279,13,189,3,False
279,13,180,4,False
279,13,189,4,False
279,14,8,1,True
279,14,28,1,False
279,14,36,1,False
279,14,65,1,True
279,14,70,1,False
279,14,115,1,True
279,14,128,1,True
279,14,175,1,False
279,14,226,1,False
279,14,8,2,False
279,14,28,2,True
279,14,36,2,True
279,14,65,2,False
279,14,70,2,False
279,14,115,2,False
279,14,128,2,False
279,14,175,2,False
279,14,226,2,True
279,14,8,3,False
279,14,28,3,True
279,14,36,3,True
279,14,65,3,True
279,14,70,3,False
279,14,115,3,True
279,14,128,3,True
279,14,175,3,True
279,14,226,3,True
279,14,8,4,True
279,14,28,4,False
279,14,36,4,True
279,14,65,4,True
279,14,70,4,False
279,14,115,4,False
279,14,128,4,True
279,14,175,4,True
279,14,226,4,True
279,14,8,5,False
279,14,28,5,False
279,14,36,5,False
279,14,65,5,True
279,14,70,5,False
279,14,115,5,True
279,14,128,5,False
279,14,175,5,True
279,14,226,5,False
280,12,121,1,False
280,12,136,1,False
280,12,243,1,False
280,12,121,2,False
280,12,136,2,False
280,12,243,2,False
280,12,121,3,False
280,12,136,3,False
280,12,243,3,False
280,12,121,4,False
280,12,136,4,False
280,12,243,4,False
280,13,180,1,False
280,13,189,1,False
280,13,180,2,False
280,13,189,2,False
280,13,180,3,False
280,13,189,3,False
280,13,180,4,False
280,13,189,4,False
280,14,8,1,True
280,14,28,1,False
280,14,36,1,False
280,14,65,1,False
280,14,70,1,True
280,14,115,1,False
280,14,128,1,True
280,14,175,1,False
280,14,226,1,False
280,14,8,2,False
280,14,28,2,True
280,14,36,2,True
280,14,65,2,False
280,14,70,2,False
280,14,115,2,False
280,14,128,2,False
280,14,175,2,False
280,14,226,2,False
280,14,8,3,True
280,14,28,3,False
280,14,36,3,False
280,14,65,3,True
280,14,70,3,True
280,14,115,3,False
280,14,128,3,True
280,14,175,3,True
280,14,226,3,False
280,14,8,4,False
280,14,28,4,True
280,14,36,4,False
280,14,65,4,False
280,14,70,4,False
280,14,115,4,False
280,14,128,4,False
280,14,175,4,False
280,14,226,4,True
280,14,8,5,True
280,14,28,5,False
280,14,36,5,True
280,14,65,5,False
280,14,70,5,False
280,14,115,5,False
280,14,128,5,False
280,14,175,5,False
280,14,226,5,False
281,12,121,1,True
281,12,136,1,False
281,12,243,1,False
281,12,121,2,False
281,12,136,2,False
281,12,243,2,False
281,12,121,3,True
281,12,136,3,True
281,12,243,3,False
281,12,121,4,False
281,12,136,4,True
281,12,243,4,True
281,14,8,1,True
281,14,28,1,False
281,14,36,1,False
281,14,65,1,True
281,14,70,1,False
281,14,115,1,False
281,14,128,1,False
281,14,175,1,False
281,14,226,1,False
281,14,8,2,False
281,14,28,2,True
281,14,36,2,False
281,14,65,2,False
281,14,70,2,False
281,14,115,2,False
281,14,128,2,False
281,14,175,2,False
281,14,226,2,False
281,14,8,3,True
281,14,28,3,False
281,14,36,3,False
281,14,65,3,False
281,14,70,3,True
281,14,115,3,False
281,14,128,3,False
281,14,175,3,False
281,14,226,3,False
281,14,8,5,True
281,14,28,5,True
281,14,36,5,False
281,14,65,5,False
281,14,70,5,False
281,14,115,5,False
281,14,128,5,False
281,14,175,5,False
281,14,226,5,False
282,12,121,1,False
282,12,136,1,False
282,12,243,1,False
282,12,121,2,False
282,12,136,2,False
282,12,243,2,False
282,12,121,3,False
282,12,136,3,False
282,12,243,3,False
282,12,121,4,False
282,12,136,4,False
282,12,243,4,False
282,14,8,1,True
282,14,28,1,False
282,14,36,1,False
282,14,65,1,True
282,14,70,1,True
282,14,115,1,True
282,14,128,1,True
282,14,175,1,False
282,14,226,1,False
282,14,8,2,False
282,14,28,2,True
282,14,36,2,False
282,14,65,2,False
282,14,70,2,True
282,14,115,2,False
282,14,128,2,False
282,14,175,2,False
282,14,226,2,True
282,14,8,3,True
282,14,28,3,True
282,14,36,3,True
282,14,65,3,True
282,14,70,3,True
282,14,115,3,True
282,14,128,3,False
282,14,175,3,True
282,14,226,3,True
282,14,8,4,True
282,14,28,4,False
282,14,36,4,False
282,14,65,4,True
282,14,70,4,True
282,14,115,4,True
282,14,128,4,False
282,14,175,4,False
282,14,226,4,True
282,14,8,5,True
282,14,28,5,False
282,14,36,5,False
282,14,65,5,True
282,14,70,5,False
282,14,115,5,False
282,14,128,5,False
282,14,175,5,False
282,14,226,5,False
283,12,121,1,False
283,12,136,1,False
283,12,243,1,False
283,12,121,2,False
283,12,136,2,False
283,12,243,2,False
283,12,121,3,False
283,12,136,3,False
283,12,243,3,False
283,12,121,4,False
283,12,136,4,False
283,12,243,4,False
283,13,180,1,False
283,13,189,1,False
283,13,180,2,False
283,13,189,2,False
283,14,8,1,True
283,14,28,1,False
283,14,36,1,False
283,14,65,1,True
283,14,70,1,True
283,14,115,1,True
283,14,128,1,True
283,14,175,1,False
283,14,226,1,False
283,14,8,2,False
283,14,28,2,True
283,14,36,2,True
283,14,65,2,True
283,14,70,2,True
283,14,115,2,False
283,14,128,2,False
283,14,175,2,False
283,14,226,2,True
283,14,8,3,True
283,14,28,3,False
283,14,36,3,True
283,14,65,3,True
283,14,70,3,True
283,14,115,3,True
283,14,128,3,True
283,14,175,3,False
283,14,226,3,True
283,14,8,4,False
283,14,28,4,False
283,14,36,4,True
283,14,65,4,True
283,14,70,4,True
283,14,115,4,False
283,14,128,4,False
283,14,175,4,True
283,14,226,4,False
283,14,8,5,False
283,14,28,5,True
283,14,36,5,True
283,14,65,5,True
283,14,70,5,True
283,14,115,5,False
283,14,128,5,True
283,14,175,5,False
283,14,226,5,False
284,12,121,1,True
284,12,136,1,True
284,12,243,1,False
284,12,121,2,True
284,12,136,2,True
284,12,243,2,False
284,12,121,3,True
284,12,136,3,True
284,12,243,3,False
284,12,121,4,False
284,12,136,4,True
284,12,243,4,False
284,13,180,1,False
284,13,189,1,False
284,13,180,2,False
284,13,189,2,True
284,13,180,3,False
284,13,189,3,False
284,13,180,4,False
284,13,189,4,False
284,14,8,1,False
284,14,28,1,True
284,14,36,1,False
284,14,65,1,True
284,14,70,1,False
284,14,115,1,True
284,14,128,1,False
284,14,175,1,True
284,14,226,1,True
284,14,8,5,True
284,14,28,5,False
284,14,36,5,False
284,14,65,5,False
284,14,70,5,False
284,14,115,5,False
284,14,128,5,True
284,14,175,5,False
284,14,226,5,False
285,12,121,1,True
285,12,136,1,False
285,12,243,1,True
285,12,121,2,True
285,12,136,2,False
285,12,243,2,False
285,12,121,3,False
285,12,136,3,False
285,12,243,3,True
285,12,121,4,False
285,12,136,4,False
285,12,243,4,False
285,14,8,1,True
285,14,28,1,False
285,14,36,1,False
285,14,65,1,True
285,14,70,1,True
285,14,115,1,True
285,14,128,1,True
285,14,175,1,False
285,14,226,1,False
285,14,8,2,False
285,14,28,2,True
285,14,36,2,True
285,14,65,2,False
285,14,70,2,True
285,14,115,2,False
285,14,128,2,False
285,14,175,2,False
285,14,226,2,True
285,14,8,3,False
285,14,28,3,True
285,14,36,3,True
285,14,65,3,True
285,14,70,3,True
285,14,115,3,True
285,14,128,3,True
285,14,175,3,True
285,14,226,3,True
285,14,8,4,False
285,14,28,4,False
285,14,36,4,True
285,14,65,4,False
285,14,70,4,True
285,14,115,4,False
285,14,128,4,False
285,14,175,4,False
285,14,226,4,False
285,14,8,5,False
285,14,28,5,True
285,14,36,5,True
285,14,65,5,False
285,14,70,5,True
285,14,115,5,False
285,14,128,5,True
285,14,175,5,False
285,14,226,5,False
286,12,121,1,True
286,12,136,1,False
286,12,243,1,False
286,12,121,2,True
286,12,136,2,False
286,12,243,2,False
286,12,121,3,True
286,12,136,3,False
286,12,243,3,False
286,12,121,4,False
286,12,136,4,False
286,12,243,4,True
286,14,8,1,False
286,14,28,1,False
286,14,36,1,False
286,14,65,1,True
286,14,70,1,False
286,14,115,1,False
286,14,128,1,True
286,14,175,1,False
286,14,226,1,False
286,14,8,2,False
286,14,28,2,True
286,14,36,2,False
286,14,65,2,True
286,14,70,2,False
286,14,115,2,False
286,14,128,2,True
286,14,175,2,False
286,14,226,2,True
286,14,8,3,True
286,14,28,3,True
286,14,36,3,True
286,14,65,3,True
286,14,70,3,True
286,14,115,3,False
286,14,128,3,True
286,14,175,3,True
286,14,226,3,True
286,14,8,4,False
286,14,28,4,False
286,14,36,4,True
286,14,65,4,True
286,14,70,4,True
286,14,115,4,False
286,14,128,4,True
286,14,175,4,True
286,14,226,4,False
286,14,8,5,True
286,14,28,5,False
286,14,36,5,False
286,14,65,5,True
286,14,70,5,False
286,14,115,5,False
286,14,128,5,False
286,14,175,5,False
286,14,226,5,False
287,13,180,1,False
287,13,189,1,False
287,13,180,2,False
287,13,189,2,False
287,13,180,3,False
287,13,189,3,False
287,13,180,4,False
287,13,189,4,False
287,14,8,1,True
287,14,28,1,False
287,14,36,1,False
287,14,65,1,True
287,14,70,1,True
287,14,115,1,True
287,14,128,1,True
287,14,175,1,False
287,14,226,1,False
287,14,8,2,False
287,14,28,2,True
287,14,36,2,True
287,14,65,2,True
287,14,70,2,True
287,14,115,2,False
287,14,128,2,False
287,14,175,2,False
287,14,226,2,True
287,14,8,3,True
287,14,28,3,True
287,14,36,3,True
287,14,65,3,True
287,14,70,3,True
287,14,115,3,True
287,14,128,3,False
287,14,175,3,True
287,14,226,3,True
287,14,8,4,False
287,14,28,4,True
287,14,36,4,True
287,14,65,4,True
287,14,70,4,True
287,14,115,4,False
287,14,128,4,False
287,14,175,4,True
287,14,226,4,False
287,14,8,5,True
287,14,28,5,False
287,14,36,5,False
287,14,65,5,False
287,14,70,5,False
287,14,115,5,True
287,14,128,5,False
287,14,175,5,True
287,14,226,5,False
287,15,179,2,False
287,15,249,2,False
287,15,179,3,False
287,15,249,3,False
287,15,179,4,False
287,15,249,4,False
287,15,179,5,False
287,15,249,5,False
288,12,121,1,True
288,12,136,1,True
288,12,243,1,False
288,12,121,2,True
288,12,136,2,False
288,12,243,2,False
288,12,121,3,True
288,12,136,3,True
288,12,243,3,False
288,12,121,4,True
288,12,136,4,True
288,12,243,4,False
288,13,180,1,False
288,13,189,1,False
288,13,180,2,False
288,13,189,2,False
288,13,180,3,False
288,13,189,3,False
288,13,180,4,False
288,13,189,4,True
288,14,8,1,False
288,14,28,1,False
288,14,36,1,False
288,14,65,1,False
288,14,70,1,False
288,14,115,1,False
288,14,128,1,True
288,14,175,1,True
288,14,226,1,False
288,14,8,2,False
288,14,28,2,True
288,14,36,2,True
288,14,65,2,False
288,14,70,2,True
288,14,115,2,False
288,14,128,2,True
288,14,175,2,False
288,14,226,2,False
288,14,8,3,False
288,14,28,3,True
288,14,36,3,False
288,14,65,3,False
288,14,70,3,True
288,14,115,3,False
288,14,128,3,True
288,14,175,3,True
288,14,226,3,False
288,14,8,4,False
288,14,28,4,False
288,14,36,4,True
288,14,65,4,False
288,14,70,4,True
288,14,115,4,False
288,14,128,4,False
288,14,175,4,True
288,14,226,4,False
288,14,8,5,False
288,14,28,5,False
288,14,36,5,False
288,14,65,5,False
288,14,70,5,False
288,14,115,5,False
288,14,128,5,False
288,14,175,5,False
288,14,226,5,False
288,15,179,1,False
288,15,249,1,False
288,15,179,2,False
288,15,249,2,False
288,15,179,3,False
288,15,249,3,False
288,15,179,4,False
288,15,249,4,True
288,15,179,5,False
288,15,249,5,False
289,12,121,1,False
289,12,136,1,False
289,12,243,1,False
289,12,121,2,True
289,12,136,2,False
289,12,243,2,False
289,12,121,3,False
289,12,136,3,False
289,12,243,3,False
289,12,121,4,False
289,12,136,4,False
289,12,243,4,False
289,14,8,5,False
289,14,28,5,False
289,14,36,5,True
289,14,65,5,False
289,14,70,5,True
289,14,115,5,True
289,14,128,5,False
289,14,175,5,True
289,14,226,5,False
290,12,121,1,False
290,12,136,1,False
290,12,243,1,False
290,12,121,2,False
290,12,136,2,False
290,12,243,2,False
290,12,121,3,False
290,12,136,3,False
290,12,243,3,False
290,12,121,4,False
290,12,136,4,False
290,12,243,4,False
290,13,180,1,False
290,13,189,1,False
290,13,180,2,False
290,13,189,2,True
290,13,180,3,False
290,13,189,3,False
290,14,8,1,True
290,14,28,1,False
290,14,36,1,False
290,14,65,1,True
290,14,70,1,False
290,14,115,1,False
290,14,128,1,True
290,14,175,1,False
290,14,226,1,False
290,14,8,2,False
290,14,28,2,True
290,14,36,2,True
290,14,65,2,True
290,14,70,2,True
290,14,115,2,False
290,14,128,2,False
290,14,175,2,False
290,14,226,2,True
290,14,8,3,False
290,14,28,3,False
290,14,36,3,False
290,14,65,3,True
290,14,70,3,True
290,14,115,3,True
290,14,128,3,False
290,14,175,3,True
290,14,226,3,False
290,14,8,4,False
290,14,28,4,False
290,14,36,4,False
290,14,65,4,False
290,14,70,4,False
290,14,115,4,True
290,14,128,4,False
290,14,175,4,False
290,14,226,4,True
290,14,8,5,False
290,14,28,5,False
290,14,36,5,True
290,14,65,5,True
290,14,70,5,True
290,14,115,5,False
290,14,128,5,False
290,14,175,5,False
290,14,226,5,True
291,12,121,1,False
291,12,136,1,False
291,12,243,1,False
291,12,121,2,False
291,12,136,2,False
291,12,243,2,False
291,12,121,3,False
291,12,136,3,False
291,12,243,3,False
291,12,121,4,False
291,12,136,4,False
291,12,243,4,False
291,14,8,1,True
291,14,28,1,False
291,14,36,1,False
291,14,65,1,True
291,14,70,1,True
291,14,115,1,True
291,14,128,1,True
291,14,175,1,False
291,14,226,1,False
291,14,8,2,False
291,14,28,2,True
291,14,36,2,True
291,14,65,2,False
291,14,70,2,True
291,14,115,2,False
291,14,128,2,False
291,14,175,2,False
291,14,226,2,True
291,14,8,3,False
291,14,28,3,False
291,14,36,3,False
291,14,65,3,True
291,14,70,3,True
291,14,115,3,True
291,14,128,3,True
291,14,175,3,False
291,14,226,3,True
291,14,8,4,False
291,14,28,4,True
291,14,36,4,True
291,14,65,4,False
291,14,70,4,True
291,14,115,4,True
291,14,128,4,True
291,14,175,4,False
291,14,226,4,True
291,14,8,5,True
291,14,28,5,False
291,14,36,5,False
291,14,65,5,True
291,14,70,5,True
291,14,115,5,True
291,14,128,5,True
291,14,175,5,False
291,14,226,5,True
291,16,7,1,True
291,16,93,1,False
291,16,244,1,False
291,16,7,2,True
291,16,93,2,False
291,16,244,2,False
291,16,7,3,False
291,16,93,3,True
291,16,244,3,False
291,16,7,4,False
291,16,93,4,False
291,16,244,4,False
291,16,7,5,False
291,16,93,5,False
291,16,244,5,False
292,12,121,1,True
292,12,136,1,False
292,12,243,1,False
292,12,121,2,True
292,12,136,2,False
292,12,243,2,False
292,12,121,3,True
292,12,136,3,False
292,12,243,3,False
292,12,121,4,False
292,12,136,4,False
292,12,243,4,True
292,14,8,1,False
292,14,28,1,False
292,14,36,1,False
292,14,65,1,False
292,14,70,1,False
292,14,115,1,False
292,14,128,1,True
292,14,175,1,False
292,14,226,1,False
292,14,8,2,False
292,14,28,2,False
292,14,36,2,True
292,14,65,2,False
292,14,70,2,False
292,14,115,2,False
292,14,128,2,False
292,14,175,2,False
292,14,226,2,False
292,14,8,3,False
292,14,28,3,False
292,14,36,3,False
292,14,65,3,False
292,14,70,3,False
292,14,115,3,False
292,14,128,3,True
292,14,175,3,True
292,14,226,3,False
292,14,8,4,False
292,14,28,4,False
292,14,36,4,False
292,14,65,4,False
292,14,70,4,False
292,14,115,4,False
292,14,128,4,False
292,14,175,4,True
292,14,226,4,False
292,14,8,5,False
292,14,28,5,False
292,14,36,5,False
292,14,65,5,False
292,14,70,5,False
292,14,115,5,False
292,14,128,5,False
292,14,175,5,True
292,14,226,5,False
292,16,7,1,False
292,16,93,1,False
292,16,244,1,False
292,16,7,2,False
292,16,93,2,False
292,16,244,2,False
292,16,7,3,False
292,16,93,3,False
292,16,244,3,False
292,16,7,5,False
292,16,93,5,False
292,16,244,5,False
293,12,121,1,True
293,12,136,1,True
293,12,243,1,False
293,12,121,2,True
293,12,136,2,False
293,12,243,2,False
293,12,121,3,True
293,12,136,3,True
293,12,243,3,False
293,12,121,4,False
293,12,136,4,True
293,12,243,4,True
293,13,180,1,False
293,13,189,1,False
293,13,180,2,False
293,13,189,2,False
293,13,180,3,False
293,13,189,3,False
293,13,180,4,False
293,13,189,4,False
293,14,8,1,False
293,14,28,1,False
293,14,36,1,True
293,14,65,1,False
293,14,70,1,False
293,14,115,1,False
293,14,128,1,False
293,14,175,1,True
293,14,226,1,False
293,14,8,2,False
293,14,28,2,False
293,14,36,2,False
293,14,65,2,False
293,14,70,2,False
293,14,115,2,False
293,14,128,2,False
293,14,175,2,False
293,14,226,2,True
293,14,8,3,False
293,14,28,3,False
293,14,36,3,False
293,14,65,3,False
293,14,70,3,False
293,14,115,3,False
293,14,128,3,False
293,14,175,3,True
293,14,226,3,True
293,14,8,5,False
293,14,28,5,False
293,14,36,5,True
293,14,65,5,False
293,14,70,5,False
293,14,115,5,False
293,14,128,5,False
293,14,175,5,True
293,14,226,5,False
293,16,7,1,False
293,16,93,1,False
293,16,244,1,False
293,16,7,3,False
293,16,93,3,False
293,16,244,3,False
293,16,7,5,True
293,16,93,5,False
293,16,244,5,False
294,12,121,1,False
294,12,136,1,False
294,12,243,1,False
294,12,121,2,False
294,12,136,2,False
294,12,243,2,False
294,12,121,3,False
294,12,136,3,False
294,12,243,3,False
294,12,121,4,False
294,12,136,4,False
294,12,243,4,False
294,13,180,1,False
294,13,189,1,False
294,13,180,2,False
294,13,189,2,False
294,13,180,3,False
294,13,189,3,False
294,13,180,4,False
294,13,189,4,True
294,14,8,1,True
294,14,28,1,False
294,14,36,1,True
294,14,65,1,True
294,14,70,1,True
294,14,115,1,False
294,14,128,1,True
294,14,175,1,False
294,14,226,1,False
294,14,8,2,False
294,14,28,2,True
294,14,36,2,True
294,14,65,2,False
294,14,70,2,True
294,14,115,2,False
294,14,128,2,False
294,14,175,2,False
294,14,226,2,True
294,14,8,3,False
294,14,28,3,False
294,14,36,3,True
294,14,65,3,True
294,14,70,3,True
294,14,115,3,False
294,14,128,3,True
294,14,175,3,False
294,14,226,3,False
294,14,8,4,False
294,14,28,4,False
294,14,36,4,True
294,14,65,4,False
294,14,70,4,True
294,14,115,4,False
294,14,128,4,False
294,14,175,4,True
294,14,226,4,True
294,14,8,5,False
294,14,28,5,False
294,14,36,5,True
294,14,65,5,True
294,14,70,5,True
294,14,115,5,False
294,14,128,5,True
294,14,175,5,False
294,14,226,5,False
294,15,179,1,False
294,15,249,1,False
294,15,179,2,False
294,15,249,2,False
294,15,179,3,False
294,15,249,3,False
294,15,179,4,False
294,15,249,4,True
294,15,179,5,False
294,15,249,5,False
295,12,121,1,False
295,12,136,1,False
295,12,243,1,False
295,12,121,2,True
295,12,136,2,False
295,12,243,2,False
295,12,121,3,False
295,12,136,3,True
295,12,243,3,False
295,12,121,4,False
295,12,136,4,True
295,12,243,4,True
295,14,8,1,True
295,14,28,1,False
295,14,36,1,False
295,14,65,1,True
295,14,70,1,True
295,14,115,1,True
295,14,128,1,True
295,14,175,1,True
295,14,226,1,True
295,14,8,2,False
295,14,28,2,True
295,14,36,2,True
295,14,65,2,False
295,14,70,2,True
295,14,115,2,False
295,14,128,2,False
295,14,175,2,False
295,14,226,2,True
295,14,8,3,False
295,14,28,3,False
295,14,36,3,True
295,14,65,3,False
295,14,70,3,True
295,14,115,3,True
295,14,128,3,True
295,14,175,3,True
295,14,226,3,True
295,14,8,4,True
295,14,28,4,True
295,14,36,4,True
295,14,65,4,False
295,14,70,4,True
295,14,115,4,False
295,14,128,4,False
295,14,175,4,False
295,14,226,4,False
295,14,8,5,True
295,14,28,5,False
295,14,36,5,False
295,14,65,5,False
295,14,70,5,True
295,14,115,5,False
295,14,128,5,True
295,14,175,5,True
295,14,226,5,False
296,12,121,1,True
296,12,136,1,True
296,12,243,1,False
296,12,121,2,True
296,12,136,2,False
296,12,243,2,False
296,12,121,3,False
296,12,136,3,True
296,12,243,3,False
296,12,121,4,False
296,12,136,4,False
296,12,243,4,False
296,14,8,1,False
296,14,28,1,False
296,14,36,1,False
296,14,65,1,True
296,14,70,1,True
296,14,115,1,False
296,14,128,1,True
296,14,175,1,False
296,14,226,1,False
296,14,8,2,False
296,14,28,2,True
296,14,36,2,True
296,14,65,2,False
296,14,70,2,True
296,14,115,2,False
296,14,128,2,False
296,14,175,2,False
296,14,226,2,False
296,14,8,3,False
296,14,28,3,False
296,14,36,3,False
296,14,65,3,True
296,14,70,3,True
296,14,115,3,False
296,14,128,3,False
296,14,175,3,False
296,14,226,3,False
296,14,8,4,False
296,14,28,4,False
296,14,36,4,False
296,14,65,4,False
296,14,70,4,False
296,14,115,4,True
296,14,128,4,False
296,14,175,4,True
296,14,226,4,False
296,14,8,5,False
296,14,28,5,False
296,14,36,5,False
296,14,65,5,False
296,14,70,5,True
296,14,115,5,False
296,14,128,5,True
296,14,175,5,False
296,14,226,5,False
297,13,180,1,False
297,13,189,1,True
297,13,180,2,False
297,13,189,2,True
297,13,180,3,False
297,13,189,3,False
297,13,180,4,False
297,13,189,4,False
297,14,8,1,False
297,14,28,1,False
297,14,36,1,False
297,14,65,1,True
297,14,70,1,True
297,14,115,1,True
297,14,128,1,True
297,14,175,1,False
297,14,226,1,False
297,14,8,2,False
297,14,28,2,True
297,14,36,2,True
297,14,65,2,False
297,14,70,2,True
297,14,115,2,False
297,14,128,2,False
297,14,175,2,False
297,14,226,2,True
297,14,8,3,True
297,14,28,3,False
297,14,36,3,False
297,14,65,3,True
297,14,70,3,True
297,14,115,3,True
297,14,128,3,True
297,14,175,3,True
297,14,226,3,True
297,14,8,4,False
297,14,28,4,True
297,14,36,4,True
297,14,65,4,True
297,14,70,4,False
297,14,115,4,True
297,14,128,4,False
297,14,175,4,False
297,14,226,4,True
297,14,8,5,False
297,14,28,5,True
297,14,36,5,False
297,14,65,5,True
297,14,70,5,False
297,14,115,5,False
297,14,128,5,True
297,14,175,5,False
297,14,226,5,False
298,12,121,1,False
298,12,136,1,False
298,12,243,1,False
298,12,121,2,False
298,12,136,2,False
298,12,243,2,False
298,12,121,3,False
298,12,136,3,False
298,12,243,3,False
298,12,121,4,False
298,12,136,4,False
298,12,243,4,True
298,14,8,1,True
298,14,28,1,False
298,14,36,1,False
298,14,65,1,True
298,14,70,1,True
298,14,115,1,True
298,14,128,1,True
298,14,175,1,False
298,14,226,1,False
298,14,8,2,False
298,14,28,2,True
298,14,36,2,True
298,14,65,2,True
298,14,70,2,True
298,14,115,2,False
298,14,128,2,False
298,14,175,2,False
298,14,226,2,False
298,14,8,3,True
298,14,28,3,False
298,14,36,3,False
298,14,65,3,True
298,14,70,3,True
298,14,115,3,False
298,14,128,3,True
298,14,175,3,False
298,14,226,3,False
298,14,8,4,False
298,14,28,4,False
298,14,36,4,False
298,14,65,4,True
298,14,70,4,True
298,14,115,4,False
298,14,128,4,True
298,14,175,4,False
298,14,226,4,True
298,14,8,5,False
298,14,28,5,True
298,14,36,5,False
298,14,65,5,True
298,14,70,5,True
298,14,115,5,False
298,14,128,5,True
298,14,175,5,False
298,14,226,5,False
299,12,121,1,False
299,12,136,1,True
299,12,243,1,False
299,12,121,2,True
299,12,136,2,False
299,12,243,2,False
299,12,121,3,True
299,12,136,3,True
299,12,243,3,False
299,12,121,4,False
299,12,136,4,False
299,12,243,4,False
299,14,8,1,True
299,14,28,1,False
299,14,36,1,False
299,14,65,1,True
299,14,70,1,False
299,14,115,1,False
299,14,128,1,True
299,14,175,1,False
299,14,226,1,False
299,14,8,2,False
299,14,28,2,True
299,14,36,2,False
299,14,65,2,False
299,14,70,2,True
299,14,115,2,False
299,14,128,2,False
299,14,175,2,True
299,14,226,2,True
299,14,8,3,True
299,14,28,3,False
299,14,36,3,True
299,14,65,3,True
299,14,70,3,True
299,14,115,3,True
299,14,128,3,True
299,14,175,3,False
299,14,226,3,False
299,14,8,4,False
299,14,28,4,False
299,14,36,4,False
299,14,65,4,True
299,14,70,4,True
299,14,115,4,False
299,14,128,4,False
299,14,175,4,False
299,14,226,4,False
299,14,8,5,True
299,14,28,5,False
299,14,36,5,False
299,14,65,5,False
299,14,70,5,False
299,14,115,5,True
299,14,128,5,False
299,14,175,5,True
299,14,226,5,True
300,12,121,1,False
300,12,136,1,False
300,12,243,1,False
300,12,121,2,False
300,12,136,2,False
300,12,243,2,False
300,12,121,3,False
300,12,136,3,False
300,12,243,3,False
300,12,121,4,False
300,12,136,4,False
300,12,243,4,False
300,14,8,1,True
300,14,28,1,False
300,14,36,1,False
300,14,65,1,True
300,14,70,1,True
300,14,115,1,True
300,14,128,1,True
300,14,175,1,False
300,14,226,1,False
300,14,8,2,False
300,14,28,2,True
300,14,36,2,True
300,14,65,2,True
300,14,70,2,True
300,14,115,2,False
300,14,128,2,False
300,14,175,2,False
300,14,226,2,True
300,14,8,3,False
300,14,28,3,False
300,14,36,3,True
300,14,65,3,True
300,14,70,3,True
300,14,115,3,True
300,14,128,3,True
300,14,175,3,False
300,14,226,3,False
300,14,8,4,False
300,14,28,4,True
300,14,36,4,True
300,14,65,4,False
300,14,70,4,True
300,14,115,4,False
300,14,128,4,False
300,14,175,4,False
300,14,226,4,False
300,14,8,5,False
300,14,28,5,True
300,14,36,5,True
300,14,65,5,True
300,14,70,5,True
300,14,115,5,False
300,14,128,5,False
300,14,175,5,False
300,14,226,5,True
301,14,8,1,True
301,14,28,1,False
301,14,36,1,False
301,14,65,1,True
301,14,70,1,True
301,14,115,1,True
301,14,128,1,True
301,14,175,1,False
301,14,226,1,False
301,14,8,2,False
301,14,28,2,True
301,14,36,2,True
301,14,65,2,False
301,14,70,2,True
301,14,115,2,False
301,14,128,2,False
301,14,175,2,False
301,14,226,2,True
301,14,8,3,False
301,14,28,3,False
301,14,36,3,False
301,14,65,3,True
301,14,70,3,True
301,14,115,3,False
301,14,128,3,True
301,14,175,3,False
301,14,226,3,False
301,14,8,4,True
301,14,28,4,False
301,14,36,4,False
301,14,65,4,False
301,14,70,4,True
301,14,115,4,False
301,14,128,4,False
301,14,175,4,False
301,14,226,4,False
301,14,8,5,False
301,14,28,5,False
301,14,36,5,False
301,14,65,5,False
301,14,70,5,True
301,14,115,5,False
301,14,128,5,False
301,14,175,5,True
301,14,226,5,False
301,16,7,1,False
301,16,93,1,False
301,16,244,1,False
301,16,7,3,True
301,16,93,3,False
301,16,244,3,False
301,16,7,5,False
301,16,93,5,False
301,16,244,5,False
302,12,121,1,True
302,12,136,1,True
302,12,243,1,False
302,12,121,2,True
302,12,136,2,False
302,12,243,2,False
302,12,121,3,True
302,12,136,3,True
302,12,243,3,False
302,12,121,4,False
302,12,136,4,True
302,12,243,4,True
302,13,180,1,False
302,13,189,1,False
302,13,180,2,False
302,13,189,2,False
302,13,180,3,False
302,13,189,3,False
302,13,180,4,True
302,13,189,4,False
302,14,8,1,True
302,14,28,1,False
302,14,36,1,False
302,14,65,1,False
302,14,70,1,False
302,14,115,1,True
302,14,128,1,True
302,14,175,1,False
302,14,226,1,False
302,14,8,2,False
302,14,28,2,True
302,14,36,2,True
302,14,65,2,False
302,14,70,2,False
302,14,115,2,False
302,14,128,2,False
302,14,175,2,False
302,14,226,2,False
302,14,8,3,False
302,14,28,3,False
302,14,36,3,False
302,14,65,3,False
302,14,70,3,True
302,14,115,3,False
302,14,128,3,False
302,14,175,3,False
302,14,226,3,False
302,14,8,4,False
302,14,28,4,False
302,14,36,4,False
302,14,65,4,False
302,14,70,4,False
302,14,115,4,True
302,14,128,4,False
302,14,175,4,False
302,14,226,4,False
302,14,8,5,False
302,14,28,5,True
302,14,36,5,True
302,14,65,5,True
302,14,70,5,True
302,14,115,5,False
302,14,128,5,False
302,14,175,5,False
302,14,226,5,True
302,15,179,5,False
302,15,249,5,False
303,12,121,1,False
303,12,136,1,False
303,12,243,1,False
303,12,121,2,True
303,12,136,2,False
303,12,243,2,False
303,12,121,3,False
303,12,136,3,False
303,12,243,3,False
303,12,121,4,False
303,12,136,4,False
303,12,243,4,False
303,14,8,1,True
303,14,28,1,False
303,14,36,1,True
303,14,65,1,True
303,14,70,1,True
303,14,115,1,True
303,14,128,1,True
303,14,175,1,False
303,14,226,1,False
303,14,8,2,False
303,14,28,2,False
303,14,36,2,True
303,14,65,2,False
303,14,70,2,True
303,14,115,2,False
303,14,128,2,False
303,14,175,2,False
303,14,226,2,True
303,14,8,3,True
303,14,28,3,False
303,14,36,3,True
303,14,65,3,True
303,14,70,3,True
303,14,115,3,True
303,14,128,3,True
303,14,175,3,True
303,14,226,3,True
303,14,8,4,False
303,14,28,4,False
303,14,36,4,True
303,14,65,4,False
303,14,70,4,True
303,14,115,4,False
303,14,128,4,True
303,14,175,4,False
303,14,226,4,False
303,14,8,5,False
303,14,28,5,True
303,14,36,5,False
303,14,65,5,True
303,14,70,5,True
303,14,115,5,True
303,14,128,5,False
303,14,175,5,True
303,14,226,5,True
304,12,121,1,False
304,12,136,1,False
304,12,243,1,False
304,12,121,2,False
304,12,136,2,False
304,12,243,2,False
304,12,121,3,False
304,12,136,3,False
304,12,243,3,False
304,12,121,4,False
304,12,136,4,False
304,12,243,4,False
304,14,8,1,True
304,14,28,1,False
304,14,36,1,False
304,14,65,1,True
304,14,70,1,True
304,14,115,1,False
304,14,128,1,True
304,14,175,1,False
304,14,226,1,False
304,14,8,2,False
304,14,28,2,True
304,14,36,2,True
304,14,65,2,False
304,14,70,2,True
304,14,115,2,False
304,14,128,2,False
304,14,175,2,False
304,14,226,2,False
304,14,8,3,False
304,14,28,3,False
304,14,36,3,False
304,14,65,3,True
304,14,70,3,True
304,14,115,3,False
304,14,128,3,False
304,14,175,3,True
304,14,226,3,False
304,14,8,4,False
304,14,28,4,False
304,14,36,4,False
304,14,65,4,False
304,14,70,4,True
304,14,115,4,False
304,14,128,4,False
304,14,175,4,False
304,14,226,4,True
304,14,8,5,False
304,14,28,5,False
304,14,36,5,False
304,14,65,5,False
304,14,70,5,False
304,14,115,5,False
304,14,128,5,False
304,14,175,5,True
304,14,226,5,False
304,16,7,1,False
304,16,93,1,False
304,16,244,1,False
304,16,7,2,True
304,16,93,2,False
304,16,244,2,False
304,16,7,3,False
304,16,93,3,True
304,16,244,3,False
304,16,7,4,False
304,16,93,4,False
304,16,244,4,False
304,16,7,5,False
304,16,93,5,False
304,16,244,5,False
305,12,121,1,False
305,12,136,1,False
305,12,243,1,False
305,12,121,2,False
305,12,136,2,False
305,12,243,2,False
305,12,121,3,False
305,12,136,3,False
305,12,243,3,False
305,14,8,1,True
305,14,28,1,False
305,14,36,1,False
305,14,65,1,True
305,14,70,1,False
305,14,115,1,True
305,14,128,1,True
305,14,175,1,False
305,14,226,1,False
305,14,8,2,False
305,14,28,2,True
305,14,36,2,True
305,14,65,2,False
305,14,70,2,True
305,14,115,2,False
305,14,128,2,False
305,14,175,2,False
305,14,226,2,True
305,14,8,3,False
305,14,28,3,False
305,14,36,3,False
305,14,65,3,False
305,14,70,3,False
305,14,115,3,False
305,14,128,3,False
305,14,175,3,False
305,14,226,3,False
305,14,8,4,False
305,14,28,4,False
305,14,36,4,False
305,14,65,4,True
305,14,70,4,True
305,14,115,4,False
305,14,128,4,False
305,14,175,4,False
305,14,226,4,False
305,14,8,5,False
305,14,28,5,False
305,14,36,5,True
305,14,65,5,False
305,14,70,5,False
305,14,115,5,True
305,14,128,5,False
305,14,175,5,False
305,14,226,5,False
306,12,121,1,True
306,12,136,1,True
306,12,243,1,False
306,12,121,2,False
306,12,136,2,True
306,12,243,2,False
306,12,121,3,True
306,12,136,3,False
306,12,243,3,False
306,12,121,4,False
306,12,136,4,False
306,12,243,4,False
306,14,8,1,True
306,14,28,1,False
306,14,36,1,False
306,14,65,1,True
306,14,70,1,True
306,14,115,1,True
306,14,128,1,True
306,14,175,1,False
306,14,226,1,False
306,14,8,2,False
306,14,28,2,True
306,14,36,2,True
306,14,65,2,True
306,14,70,2,True
306,14,115,2,False
306,14,128,2,False
306,14,175,2,False
306,14,226,2,True
306,14,8,3,False
306,14,28,3,False
306,14,36,3,False
306,14,65,3,True
306,14,70,3,True
306,14,115,3,True
306,14,128,3,False
306,14,175,3,False
306,14,226,3,False
306,14,8,4,False
306,14,28,4,False
306,14,36,4,True
306,14,65,4,True
306,14,70,4,True
306,14,115,4,False
306,14,128,4,False
306,14,175,4,False
306,14,226,4,False
306,14,8,5,False
306,14,28,5,False
306,14,36,5,False
306,14,65,5,True
306,14,70,5,True
306,14,115,5,False
306,14,128,5,False
306,14,175,5,True
306,14,226,5,False
306,16,7,1,False
306,16,93,1,False
306,16,244,1,False
306,16,7,2,False
306,16,93,2,False
306,16,244,2,False
306,16,7,3,True
306,16,93,3,False
306,16,244,3,False
306,16,7,4,True
306,16,93,4,False
306,16,244,4,False
306,16,7,5,False
306,16,93,5,False
306,16,244,5,False
307,12,121,1,True
307,12,136,1,True
307,12,243,1,False
307,12,121,2,True
307,12,136,2,True
307,12,243,2,False
307,12,121,3,True
307,12,136,3,True
307,12,243,3,False
307,12,121,4,False
307,12,136,4,True
307,12,243,4,True
307,13,180,1,False
307,13,189,1,False
307,13,180,2,False
307,13,189,2,False
307,13,180,3,False
307,13,189,3,True
307,13,180,4,False
307,13,189,4,False
307,14,8,1,True
307,14,28,1,False
307,14,36,1,False
307,14,65,1,True
307,14,70,1,True
307,14,115,1,True
307,14,128,1,True
307,14,175,1,False
307,14,226,1,False
307,14,8,2,False
307,14,28,2,True
307,14,36,2,False
307,14,65,2,True
307,14,70,2,True
307,14,115,2,False
307,14,128,2,False
307,14,175,2,True
307,14,226,2,False
307,14,8,3,False
307,14,28,3,True
307,14,36,3,False
307,14,65,3,False
307,14,70,3,True
307,14,115,3,True
307,14,128,3,True
307,14,175,3,True
307,14,226,3,False
307,14,8,4,True
307,14,28,4,False
307,14,36,4,True
307,14,65,4,False
307,14,70,4,True
307,14,115,4,True
307,14,128,4,False
307,14,175,4,False
307,14,226,4,False
307,14,8,5,False
307,14,28,5,False
307,14,36,5,False
307,14,65,5,True
307,14,70,5,False
307,14,115,5,False
307,14,128,5,False
307,14,175,5,False
307,14,226,5,False
308,12,121,1,True
308,12,136,1,False
308,12,243,1,False
308,12,121,2,True
308,12,136,2,False
308,12,243,2,False
308,12,121,3,True
308,12,136,3,True
308,12,243,3,False
308,12,121,4,False
308,12,136,4,True
308,12,243,4,False
308,13,180,1,False
308,13,189,1,False
308,13,180,2,True
308,13,189,2,True
308,13,180,3,False
308,13,189,3,False
308,13,180,4,False
308,13,189,4,False
308,14,8,1,True
308,14,28,1,False
308,14,36,1,False
308,14,65,1,False
308,14,70,1,False
308,14,115,1,False
308,14,128,1,True
308,14,175,1,False
308,14,226,1,False
308,14,8,2,False
308,14,28,2,True
308,14,36,2,True
308,14,65,2,False
308,14,70,2,False
308,14,115,2,False
308,14,128,2,False
308,14,175,2,False
308,14,226,2,False
308,14,8,3,False
308,14,28,3,False
308,14,36,3,False
308,14,65,3,True
308,14,70,3,True
308,14,115,3,False
308,14,128,3,True
308,14,175,3,False
308,14,226,3,False
308,14,8,4,False
308,14,28,4,False
308,14,36,4,False
308,14,65,4,False
308,14,70,4,False
308,14,115,4,False
308,14,128,4,True
308,14,175,4,True
308,14,226,4,False
308,14,8,5,False
308,14,28,5,False
308,14,36,5,False
308,14,65,5,False
308,14,70,5,False
308,14,115,5,False
308,14,128,5,True
308,14,175,5,True
308,14,226,5,False
309,12,121,1,True
309,12,136,1,True
309,12,243,1,False
309,12,121,2,True
309,12,136,2,False
309,12,243,2,False
309,12,121,3,False
309,12,136,3,True
309,12,243,3,False
309,12,121,4,False
309,12,136,4,False
309,12,243,4,False
309,14,8,1,False
309,14,28,1,False
309,14,36,1,False
309,14,65,1,False
309,14,70,1,False
309,14,115,1,True
309,14,128,1,False
309,14,175,1,False
309,14,226,1,False
309,14,8,2,False
309,14,28,2,True
309,14,36,2,True
309,14,65,2,False
309,14,70,2,False
309,14,115,2,False
309,14,128,2,False
309,14,175,2,True
309,14,226,2,False
309,14,8,3,False
309,14,28,3,False
309,14,36,3,False
309,14,65,3,False
309,14,70,3,False
309,14,115,3,True
309,14,128,3,False
309,14,175,3,True
309,14,226,3,False
309,14,8,4,False
309,14,28,4,False
309,14,36,4,False
309,14,65,4,False
309,14,70,4,False
309,14,115,4,True
309,14,128,4,False
309,14,175,4,False
309,14,226,4,False
309,14,8,5,False
309,14,28,5,False
309,14,36,5,False
309,14,65,5,True
309,14,70,5,False
309,14,115,5,False
309,14,128,5,False
309,14,175,5,True
309,14,226,5,False
310,12,121,1,False
310,12,136,1,False
310,12,243,1,True
310,12,121,2,False
310,12,136,2,False
310,12,243,2,False
310,12,121,3,False
310,12,136,3,False
310,12,243,3,True
310,12,121,4,False
310,12,136,4,False
310,12,243,4,True
310,13,180,1,False
310,13,189,1,False
310,13,180,2,False
310,13,189,2,True
310,13,180,3,False
310,13,189,3,False
310,13,180,4,False
310,13,189,4,False
310,14,8,1,True
310,14,28,1,False
310,14,36,1,False
310,14,65,1,False
310,14,70,1,False
310,14,115,1,False
310,14,128,1,False
310,14,175,1,False
310,14,226,1,False
310,14,8,2,False
310,14,28,2,True
310,14,36,2,True
310,14,65,2,False
310,14,70,2,False
310,14,115,2,False
310,14,128,2,False
310,14,175,2,False
310,14,226,2,False
310,14,8,3,True
310,14,28,3,False
310,14,36,3,False
310,14,65,3,False
310,14,70,3,False
310,14,115,3,False
310,14,128,3,False
310,14,175,3,False
310,14,226,3,False
310,14,8,4,False
310,14,28,4,False
310,14,36,4,False
310,14,65,4,False
310,14,70,4,False
310,14,115,4,False
310,14,128,4,False
310,14,175,4,True
310,14,226,4,True
310,14,8,5,True
310,14,28,5,False
310,14,36,5,False
310,14,65,5,False
310,14,70,5,False
310,14,115,5,True
310,14,128,5,False
310,14,175,5,False
310,14,226,5,False
310,15,179,1,False
310,15,249,1,False
310,15,179,2,False
310,15,249,2,False
310,15,179,3,False
310,15,249,3,False
310,15,179,4,False
310,15,249,4,False
310,15,179,5,True
310,15,249,5,False
311,12,121,1,True
311,12,136,1,True
311,12,243,1,False
311,12,121,2,True
311,12,136,2,True
311,12,243,2,False
311,12,121,3,True
311,12,136,3,True
311,12,243,3,False
311,12,121,4,False
311,12,136,4,True
311,12,243,4,True
311,14,8,1,True
311,14,28,1,False
311,14,36,1,False
311,14,65,1,True
311,14,70,1,True
311,14,115,1,True
311,14,128,1,True
311,14,175,1,False
311,14,226,1,False
311,14,8,2,False
311,14,28,2,True
311,14,36,2,False
311,14,65,2,False
311,14,70,2,False
311,14,115,2,False
311,14,128,2,False
311,14,175,2,False
311,14,226,2,False
311,14,8,3,False
311,14,28,3,True
311,14,36,3,False
311,14,65,3,False
311,14,70,3,True
311,14,115,3,True
311,14,128,3,True
311,14,175,3,True
311,14,226,3,True
311,14,8,4,False
311,14,28,4,False
311,14,36,4,False
311,14,65,4,False
311,14,70,4,False
311,14,115,4,False
311,14,128,4,False
311,14,175,4,False
311,14,226,4,False
311,14,8,5,False
311,14,28,5,False
311,14,36,5,False
311,14,65,5,True
311,14,70,5,True
311,14,115,5,False
311,14,128,5,False
311,14,175,5,True
311,14,226,5,False
312,12,121,1,False
312,12,136,1,False
312,12,243,1,False
312,12,121,2,False
312,12,136,2,False
312,12,243,2,False
312,12,121,3,False
312,12,136,3,False
312,12,243,3,False
312,12,121,4,False
312,12,136,4,True
312,12,243,4,False
312,14,8,1,False
312,14,28,1,False
312,14,36,1,False
312,14,65,1,False
312,14,70,1,False
312,14,115,1,False
312,14,128,1,False
312,14,175,1,False
312,14,226,1,False
312,14,8,2,False
312,14,28,2,True
312,14,36,2,True
312,14,65,2,False
312,14,70,2,False
312,14,115,2,False
312,14,128,2,False
312,14,175,2,False
312,14,226,2,True
312,14,8,3,False
312,14,28,3,False
312,14,36,3,False
312,14,65,3,True
312,14,70,3,False
312,14,115,3,True
312,14,128,3,True
312,14,175,3,True
312,14,226,3,False
312,14,8,4,False
312,14,28,4,False
312,14,36,4,False
312,14,65,4,False
312,14,70,4,False
312,14,115,4,False
312,14,128,4,True
312,14,175,4,False
312,14,226,4,False
312,14,8,5,True
312,14,28,5,False
312,14,36,5,False
312,14,65,5,True
312,14,70,5,False
312,14,115,5,False
312,14,128,5,True
312,14,175,5,False
312,14,226,5,False
313,12,121,1,True
313,12,136,1,False
313,12,243,1,False
313,12,121,2,False
313,12,136,2,False
313,12,243,2,False
313,12,121,3,False
313,12,136,3,False
313,12,243,3,False
313,12,121,4,False
313,12,136,4,False
313,12,243,4,False
313,13,180,1,False
313,13,189,1,False
313,13,180,2,False
313,13,189,2,False
313,13,180,3,False
313,13,189,3,False
313,13,180,4,False
313,13,189,4,False
313,14,8,1,True
313,14,28,1,False
313,14,36,1,False
313,14,65,1,False
313,14,70,1,False
313,14,115,1,False
313,14,128,1,False
313,14,175,1,False
313,14,226,1,False
313,14,8,2,False
313,14,28,2,True
313,14,36,2,True
313,14,65,2,False
313,14,70,2,True
313,14,115,2,False
313,14,128,2,False
313,14,175,2,False
313,14,226,2,False
313,14,8,3,False
313,14,28,3,False
313,14,36,3,False
313,14,65,3,True
313,14,70,3,False
313,14,115,3,False
313,14,128,3,True
313,14,175,3,False
313,14,226,3,False
313,14,8,4,False
313,14,28,4,False
313,14,36,4,False
313,14,65,4,False
313,14,70,4,False
313,14,115,4,False
313,14,128,4,False
313,14,175,4,False
313,14,226,4,True
313,14,8,5,False
313,14,28,5,False
313,14,36,5,False
313,14,65,5,False
313,14,70,5,False
313,14,115,5,False
313,14,128,5,False
313,14,175,5,True
313,14,226,5,False
314,14,8,1,True
314,14,28,1,False
314,14,36,1,False
314,14,65,1,False
314,14,70,1,True
314,14,115,1,False
314,14,128,1,True
314,14,175,1,False
314,14,226,1,False
314,14,8,2,False
314,14,28,2,True
314,14,36,2,True
314,14,65,2,False
314,14,70,2,True
314,14,115,2,False
314,14,128,2,False
314,14,175,2,False
314,14,226,2,True
314,14,8,3,False
314,14,28,3,True
314,14,36,3,True
314,14,65,3,False
314,14,70,3,True
314,14,115,3,False
314,14,128,3,True
314,14,175,3,True
314,14,226,3,True
314,14,8,4,False
314,14,28,4,False
314,14,36,4,False
314,14,65,4,False
314,14,70,4,True
314,14,115,4,False
314,14,128,4,False
314,14,175,4,False
314,14,226,4,False
314,14,8,5,False
314,14,28,5,False
314,14,36,5,False
314,14,65,5,False
314,14,70,5,False
314,14,115,5,False
314,14,128,5,True
314,14,175,5,True
314,14,226,5,False
314,15,179,1,False
314,15,249,1,False
314,15,179,2,False
314,15,249,2,False
314,15,179,3,False
314,15,249,3,False
314,15,179,5,False
314,15,249,5,False
315,12,121,1,True
315,12,136,1,True
315,12,243,1,False
315,12,121,2,True
315,12,136,2,False
315,12,243,2,False
315,12,121,3,True
315,12,136,3,False
315,12,243,3,False
315,12,121,4,False
315,12,136,4,True
315,12,243,4,True
315,13,180,1,False
315,13,189,1,False
315,13,180,2,False
315,13,189,2,False
315,14,8,1,True
315,14,28,1,False
315,14,36,1,False
315,14,65,1,True
315,14,70,1,False
315,14,115,1,True
315,14,128,1,True
315,14,175,1,False
315,14,226,1,False
315,14,8,2,False
315,14,28,2,True
315,14,36,2,True
315,14,65,2,False
315,14,70,2,True
315,14,115,2,False
315,14,128,2,False
315,14,175,2,False
315,14,226,2,True
315,14,8,3,False
315,14,28,3,False
315,14,36,3,False
315,14,65,3,True
315,14,70,3,True
315,14,115,3,False
315,14,128,3,False
315,14,175,3,False
315,14,226,3,False
315,14,8,4,False
315,14,28,4,False
315,14,36,4,False
315,14,65,4,False
315,14,70,4,True
315,14,115,4,False
315,14,128,4,False
315,14,175,4,True
315,14,226,4,True
315,14,8,5,False
315,14,28,5,False
315,14,36,5,False
315,14,65,5,False
315,14,70,5,True
315,14,115,5,False
315,14,128,5,False
315,14,175,5,False
315,14,226,5,False
316,12,121,1,True
316,12,136,1,False
316,12,243,1,False
316,12,121,2,False
316,12,136,2,False
316,12,243,2,False
316,12,121,3,True
316,12,136,3,False
316,12,243,3,False
316,12,121,4,False
316,12,136,4,False
316,12,243,4,False
316,13,180,1,False
316,13,189,1,False
316,13,180,2,False
316,13,189,2,False
316,13,180,3,False
316,13,189,3,True
316,13,180,4,False
316,13,189,4,False
316,14,8,1,False
316,14,28,1,False
316,14,36,1,False
316,14,65,1,False
316,14,70,1,True
316,14,115,1,True
316,14,128,1,True
316,14,175,1,False
316,14,226,1,False
316,14,8,2,False
316,14,28,2,True
316,14,36,2,True
316,14,65,2,False
316,14,70,2,True
316,14,115,2,False
316,14,128,2,False
316,14,175,2,False
316,14,226,2,True
316,14,8,3,False
316,14,28,3,False
316,14,36,3,True
316,14,65,3,True
316,14,70,3,True
316,14,115,3,False
316,14,128,3,True
316,14,175,3,False
316,14,226,3,False
316,14,8,4,False
316,14,28,4,False
316,14,36,4,False
316,14,65,4,False
316,14,70,4,True
316,14,115,4,False
316,14,128,4,True
316,14,175,4,False
316,14,226,4,False
316,14,8,5,False
316,14,28,5,False
316,14,36,5,False
316,14,65,5,False
316,14,70,5,True
316,14,115,5,False
316,14,128,5,True
316,14,175,5,True
316,14,226,5,False
316,16,7,1,False
316,16,93,1,False
316,16,244,1,False
316,16,7,2,False
316,16,93,2,False
316,16,244,2,False
316,16,7,4,False
316,16,93,4,False
316,16,244,4,False
316,16,7,5,False
316,16,93,5,False
316,16,244,5,False
317,12,121,1,False
317,12,136,1,False
317,12,243,1,False
317,12,121,2,False
317,12,136,2,False
317,12,243,2,False
317,12,121,3,False
317,12,136,3,False
317,12,243,3,False
317,12,121,4,False
317,12,136,4,False
317,12,243,4,False
317,13,180,1,False
317,13,189,1,False
317,13,180,2,False
317,13,189,2,False
317,13,180,4,False
317,13,189,4,False
317,14,8,1,True
317,14,28,1,False
317,14,36,1,False
317,14,65,1,True
317,14,70,1,True
317,14,115,1,True
317,14,128,1,True
317,14,175,1,False
317,14,226,1,False
317,14,8,2,False
317,14,28,2,True
317,14,36,2,False
317,14,65,2,True
317,14,70,2,True
317,14,115,2,False
317,14,128,2,True
317,14,175,2,True
317,14,226,2,True
317,14,8,3,False
317,14,28,3,True
317,14,36,3,False
317,14,65,3,True
317,14,70,3,True
317,14,115,3,True
317,14,128,3,True
317,14,175,3,False
317,14,226,3,True
317,14,8,4,False
317,14,28,4,False
317,14,36,4,False
317,14,65,4,False
317,14,70,4,True
317,14,115,4,False
317,14,128,4,True
317,14,175,4,False
317,14,226,4,False
317,14,8,5,False
317,14,28,5,False
317,14,36,5,False
317,14,65,5,False
317,14,70,5,True
317,14,115,5,False
317,14,128,5,True
317,14,175,5,False
317,14,226,5,False
317,15,179,1,False
317,15,249,1,False
317,15,179,2,False
317,15,249,2,False
317,15,179,5,False
317,15,249,5,False
318,12,121,1,False
318,12,136,1,False
318,12,243,1,False
318,12,121,2,False
318,12,136,2,False
318,12,243,2,False
318,12,121,4,False
318,12,136,4,False
318,12,243,4,False
318,13,180,1,False
318,13,189,1,False
318,13,180,2,False
318,13,189,2,False
318,13,180,3,False
318,13,189,3,False
318,13,180,4,False
318,13,189,4,False
318,14,8,1,True
318,14,28,1,False
318,14,36,1,True
318,14,65,1,True
318,14,70,1,True
318,14,115,1,False
318,14,128,1,True
318,14,175,1,False
318,14,226,1,False
318,14,8,2,False
318,14,28,2,True
318,14,36,2,True
318,14,65,2,False
318,14,70,2,True
318,14,115,2,False
318,14,128,2,False
318,14,175,2,False
318,14,226,2,False
318,14,8,3,False
318,14,28,3,True
318,14,36,3,True
318,14,65,3,True
318,14,70,3,True
318,14,115,3,True
318,14,128,3,True
318,14,175,3,False
318,14,226,3,False
318,14,8,4,False
318,14,28,4,False
318,14,36,4,False
318,14,65,4,False
318,14,70,4,False
318,14,115,4,False
318,14,128,4,False
318,14,175,4,True
318,14,226,4,True
318,14,8,5,False
318,14,28,5,False
318,14,36,5,True
318,14,65,5,False
318,14,70,5,False
318,14,115,5,True
318,14,128,5,True
318,14,175,5,True
318,14,226,5,False
319,12,121,1,False
319,12,136,1,False
319,12,243,1,False
319,12,121,2,False
319,12,136,2,False
319,12,243,2,False
319,12,121,3,False
319,12,136,3,False
319,12,243,3,False
319,12,121,4,False
319,12,136,4,False
319,12,243,4,False
319,13,180,1,False
319,13,189,1,False
319,13,180,2,False
319,13,189,2,False
319,13,180,3,False
319,13,189,3,False
319,13,180,4,False
319,13,189,4,True
319,14,8,1,True
319,14,28,1,False
319,14,36,1,True
319,14,65,1,False
319,14,70,1,False
319,14,115,1,True
319,14,128,1,False
319,14,175,1,True
319,14,226,1,False
319,14,8,2,False
319,14,28,2,True
319,14,36,2,False
319,14,65,2,False
319,14,70,2,False
319,14,115,2,False
319,14,128,2,False
319,14,175,2,True
319,14,226,2,False
319,14,8,3,False
319,14,28,3,False
319,14,36,3,True
319,14,65,3,False
319,14,70,3,True
319,14,115,3,True
319,14,128,3,False
319,14,175,3,True
319,14,226,3,False
319,14,8,4,False
319,14,28,4,False
319,14,36,4,False
319,14,65,4,False
319,14,70,4,True
319,14,115,4,False
319,14,128,4,False
319,14,175,4,False
319,14,226,4,True
319,14,8,5,False
319,14,28,5,False
319,14,36,5,True
319,14,65,5,False
319,14,70,5,True
319,14,115,5,True
319,14,128,5,False
319,14,175,5,False
319,14,226,5,True
320,12,121,1,True
320,12,136,1,True
320,12,243,1,False
320,12,121,2,True
320,12,136,2,False
320,12,243,2,False
320,12,121,3,False
320,12,136,3,False
320,12,243,3,False
320,12,121,4,False
320,12,136,4,False
320,12,243,4,True
320,14,8,1,False
320,14,28,1,False
320,14,36,1,False
320,14,65,1,True
320,14,70,1,True
320,14,115,1,True
320,14,128,1,True
320,14,175,1,False
320,14,226,1,False
320,14,8,2,False
320,14,28,2,True
320,14,36,2,True
320,14,65,2,True
320,14,70,2,True
320,14,115,2,False
320,14,128,2,True
320,14,175,2,False
320,14,226,2,True
320,14,8,3,True
320,14,28,3,True
320,14,36,3,True
320,14,65,3,True
320,14,70,3,True
320,14,115,3,False
320,14,128,3,True
320,14,175,3,False
320,14,226,3,True
320,14,8,4,False
320,14,28,4,True
320,14,36,4,False
320,14,65,4,True
320,14,70,4,True
320,14,115,4,False
320,14,128,4,True
320,14,175,4,False
320,14,226,4,True
320,14,8,5,False
320,14,28,5,False
320,14,36,5,False
320,14,65,5,True
320,14,70,5,True
320,14,115,5,False
320,14,128,5,True
320,14,175,5,True
320,14,226,5,True
321,12,121,1,True
321,12,136,1,False
321,12,243,1,False
321,12,121,2,True
321,12,136,2,False
321,12,243,2,False
321,12,121,3,False
321,12,136,3,False
321,12,243,3,False
321,12,121,4,False
321,12,136,4,False
321,12,243,4,False
321,14,8,1,False
321,14,28,1,False
321,14,36,1,False
321,14,65,1,True
321,14,70,1,True
321,14,115,1,False
321,14,128,1,True
321,14,175,1,False
321,14,226,1,False
321,14,8,2,False
321,14,28,2,True
321,14,36,2,True
321,14,65,2,False
321,14,70,2,True
321,14,115,2,False
321,14,128,2,True
321,14,175,2,False
321,14,226,2,False
321,14,8,3,False
321,14,28,3,False
321,14,36,3,False
321,14,65,3,False
321,14,70,3,True
321,14,115,3,False
321,14,128,3,True
321,14,175,3,False
321,14,226,3,False
321,14,8,4,False
321,14,28,4,False
321,14,36,4,False
321,14,65,4,False
321,14,70,4,True
321,14,115,4,False
321,14,128,4,True
321,14,175,4,False
321,14,226,4,False
321,14,8,5,False
321,14,28,5,False
321,14,36,5,False
321,14,65,5,False
321,14,70,5,True
321,14,115,5,True
321,14,128,5,True
321,14,175,5,True
321,14,226,5,False
322,12,121,1,False
322,12,136,1,False
322,12,243,1,False
322,12,121,2,False
322,12,136,2,False
322,12,243,2,False
322,12,121,3,False
322,12,136,3,False
322,12,243,3,False
322,12,121,4,False
322,12,136,4,False
322,12,243,4,False
322,14,8,1,True
322,14,28,1,False
322,14,36,1,False
322,14,65,1,True
322,14,70,1,True
322,14,115,1,True
322,14,128,1,True
322,14,175,1,True
322,14,226,1,False
322,14,8,2,False
322,14,28,2,True
322,14,36,2,True
322,14,65,2,True
322,14,70,2,True
322,14,115,2,False
322,14,128,2,True
322,14,175,2,False
322,14,226,2,True
322,14,8,3,False
322,14,28,3,True
322,14,36,3,True
322,14,65,3,True
322,14,70,3,True
322,14,115,3,False
322,14,128,3,True
322,14,175,3,False
322,14,226,3,True
322,14,8,4,False
322,14,28,4,True
322,14,36,4,True
322,14,65,4,True
322,14,70,4,True
322,14,115,4,False
322,14,128,4,True
322,14,175,4,False
322,14,226,4,True
322,14,8,5,False
322,14,28,5,False
322,14,36,5,True
322,14,65,5,True
322,14,70,5,True
322,14,115,5,False
322,14,128,5,True
322,14,175,5,False
322,14,226,5,True
323,12,121,1,False
323,12,136,1,False
323,12,243,1,False
323,12,121,2,False
323,12,136,2,False
323,12,243,2,False
323,12,121,4,False
323,12,136,4,False
323,12,243,4,False
323,13,180,1,False
323,13,189,1,False
323,13,180,2,False
323,13,189,2,False
323,13,180,4,False
323,13,189,4,False
323,14,8,1,True
323,14,28,1,False
323,14,36,1,False
323,14,65,1,True
323,14,70,1,True
323,14,115,1,True
323,14,128,1,True
323,14,175,1,False
323,14,226,1,False
323,14,8,2,False
323,14,28,2,True
323,14,36,2,True
323,14,65,2,False
323,14,70,2,True
323,14,115,2,False
323,14,128,2,False
323,14,175,2,False
323,14,226,2,True
323,14,8,3,False
323,14,28,3,False
323,14,36,3,True
323,14,65,3,True
323,14,70,3,True
323,14,115,3,True
323,14,128,3,True
323,14,175,3,True
323,14,226,3,True
323,14,8,4,False
323,14,28,4,False
323,14,36,4,False
323,14,65,4,True
323,14,70,4,True
323,14,115,4,False
323,14,128,4,False
323,14,175,4,True
323,14,226,4,True
323,14,8,5,False
323,14,28,5,False
323,14,36,5,True
323,14,65,5,True
323,14,70,5,True
323,14,115,5,True
323,14,128,5,False
323,14,175,5,False
323,14,226,5,True
324,12,121,1,False
324,12,136,1,False
324,12,243,1,False
324,12,121,2,False
324,12,136,2,False
324,12,243,2,False
324,12,121,3,False
324,12,136,3,False
324,12,243,3,False
324,12,121,4,False
324,12,136,4,False
324,12,243,4,False
324,14,8,2,False
324,14,28,2,False
324,14,36,2,False
324,14,65,2,False
324,14,70,2,False
324,14,115,2,False
324,14,128,2,False
324,14,175,2,False
324,14,226,2,False
324,14,8,5,False
324,14,28,5,False
324,14,36,5,True
324,14,65,5,False
324,14,70,5,False
324,14,115,5,False
324,14,128,5,False
324,14,175,5,False
324,14,226,5,False
325,12,121,1,False
325,12,136,1,False
325,12,243,1,False
325,12,121,2,True
325,12,136,2,False
325,12,243,2,False
325,12,121,3,False
325,12,136,3,False
325,12,243,3,False
325,12,121,4,False
325,12,136,4,False
325,12,243,4,False
325,14,8,1,True
325,14,28,1,False
325,14,36,1,True
325,14,65,1,True
325,14,70,1,True
325,14,115,1,False
325,14,128,1,True
325,14,175,1,False
325,14,226,1,False
325,14,8,2,False
325,14,28,2,True
325,14,36,2,True
325,14,65,2,False
325,14,70,2,True
325,14,115,2,False
325,14,128,2,True
325,14,175,2,True
325,14,226,2,False
325,14,8,3,True
325,14,28,3,False
325,14,36,3,True
325,14,65,3,True
325,14,70,3,True
325,14,115,3,False
325,14,128,3,False
325,14,175,3,False
325,14,226,3,False
325,14,8,4,False
325,14,28,4,True
325,14,36,4,True
325,14,65,4,True
325,14,70,4,True
325,14,115,4,False
325,14,128,4,False
325,14,175,4,False
325,14,226,4,False
325,14,8,5,False
325,14,28,5,True
325,14,36,5,False
325,14,65,5,True
325,14,70,5,True
325,14,115,5,False
325,14,128,5,True
325,14,175,5,False
325,14,226,5,False
326,12,121,1,False
326,12,136,1,False
326,12,243,1,True
326,12,121,2,False
326,12,136,2,False
326,12,243,2,False
326,14,8,1,True
326,14,28,1,False
326,14,36,1,False
326,14,65,1,True
326,14,70,1,True
326,14,115,1,True
326,14,128,1,True
326,14,175,1,False
326,14,226,1,False
326,14,8,2,False
326,14,28,2,True
326,14,36,2,True
326,14,65,2,True
326,14,70,2,True
326,14,115,2,False
326,14,128,2,True
326,14,175,2,False
326,14,226,2,True
326,14,8,3,True
326,14,28,3,False
326,14,36,3,True
326,14,65,3,True
326,14,70,3,True
326,14,115,3,True
326,14,128,3,True
326,14,175,3,False
326,14,226,3,False
326,14,8,4,False
326,14,28,4,False
326,14,36,4,False
326,14,65,4,True
326,14,70,4,True
326,14,115,4,False
326,14,128,4,True
326,14,175,4,True
326,14,226,4,False
326,14,8,5,False
326,14,28,5,False
326,14,36,5,False
326,14,65,5,True
326,14,70,5,True
326,14,115,5,True
326,14,128,5,True
326,14,175,5,False
326,14,226,5,False
327,14,8,1,False
327,14,28,1,False
327,14,36,1,False
327,14,65,1,False
327,14,70,1,False
327,14,115,1,False
327,14,128,1,False
327,14,175,1,False
327,14,226,1,False
327,14,8,2,False
327,14,28,2,False
327,14,36,2,False
327,14,65,2,False
327,14,70,2,False
327,14,115,2,False
327,14,128,2,False
327,14,175,2,False
327,14,226,2,False
327,14,8,3,False
327,14,28,3,False
327,14,36,3,False
327,14,65,3,False
327,14,70,3,False
327,14,115,3,False
327,14,128,3,False
327,14,175,3,False
327,14,226,3,False
327,14,8,4,False
327,14,28,4,False
327,14,36,4,False
327,14,65,4,False
327,14,70,4,False
327,14,115,4,False
327,14,128,4,False
327,14,175,4,False
327,14,226,4,False
327,14,8,5,False
327,14,28,5,False
327,14,36,5,False
327,14,65,5,False
327,14,70,5,False
327,14,115,5,True
327,14,128,5,False
327,14,175,5,True
327,14,226,5,False
327,16,7,1,False
327,16,93,1,False
327,16,244,1,False
327,16,7,2,True
327,16,93,2,False
327,16,244,2,False
327,16,7,3,False
327,16,93,3,True
327,16,244,3,False
327,16,7,5,False
327,16,93,5,False
327,16,244,5,False
328,12,121,1,False
328,12,136,1,False
328,12,243,1,False
328,12,121,2,False
328,12,136,2,False
328,12,243,2,False
328,12,121,3,False
328,12,136,3,False
328,12,243,3,False
328,12,121,4,False
328,12,136,4,False
328,12,243,4,False
328,14,8,1,False
328,14,28,1,False
328,14,36,1,False
328,14,65,1,True
328,14,70,1,True
328,14,115,1,False
328,14,128,1,True
328,14,175,1,False
328,14,226,1,False
328,14,8,2,False
328,14,28,2,True
328,14,36,2,True
328,14,65,2,True
328,14,70,2,True
328,14,115,2,False
328,14,128,2,False
328,14,175,2,False
328,14,226,2,False
328,14,8,3,False
328,14,28,3,False
328,14,36,3,True
328,14,65,3,True
328,14,70,3,True
328,14,115,3,False
328,14,128,3,True
328,14,175,3,True
328,14,226,3,True
328,14,8,4,False
328,14,28,4,True
328,14,36,4,False
328,14,65,4,False
328,14,70,4,True
328,14,115,4,False
328,14,128,4,False
328,14,175,4,False
328,14,226,4,False
328,14,8,5,False
328,14,28,5,False
328,14,36,5,False
328,14,65,5,True
328,14,70,5,True
328,14,115,5,False
328,14,128,5,False
328,14,175,5,True
328,14,226,5,True
329,12,121,1,True
329,12,136,1,False
329,12,243,1,False
329,12,121,2,False
329,12,136,2,False
329,12,243,2,False
329,12,121,3,False
329,12,136,3,False
329,12,243,3,False
329,12,121,4,False
329,12,136,4,False
329,12,243,4,False
329,14,8,1,True
329,14,28,1,False
329,14,36,1,False
329,14,65,1,True
329,14,70,1,False
329,14,115,1,True
329,14,128,1,True
329,14,175,1,False
329,14,226,1,False
329,14,8,2,False
329,14,28,2,True
329,14,36,2,True
329,14,65,2,False
329,14,70,2,True
329,14,115,2,False
329,14,128,2,False
329,14,175,2,False
329,14,226,2,True
329,14,8,3,False
329,14,28,3,False
329,14,36,3,False
329,14,65,3,True
329,14,70,3,True
329,14,115,3,True
329,14,128,3,False
329,14,175,3,True
329,14,226,3,False
329,14,8,4,False
329,14,28,4,False
329,14,36,4,False
329,14,65,4,True
329,14,70,4,True
329,14,115,4,False
329,14,128,4,False
329,14,175,4,False
329,14,226,4,False
329,14,8,5,False
329,14,28,5,False
329,14,36,5,False
329,14,65,5,False
329,14,70,5,False
329,14,115,5,True
329,14,128,5,False
329,14,175,5,True
329,14,226,5,False
330,12,121,1,True
330,12,136,1,False
330,12,243,1,False
330,12,121,2,True
330,12,136,2,False
330,12,243,2,False
330,12,121,3,True
330,12,136,3,False
330,12,243,3,False
330,12,121,4,False
330,12,136,4,True
330,12,243,4,False
330,13,180,1,False
330,13,189,1,False
330,13,180,2,False
330,13,189,2,False
330,14,8,1,True
330,14,28,1,False
330,14,36,1,False
330,14,65,1,False
330,14,70,1,False
330,14,115,1,False
330,14,128,1,True
330,14,175,1,False
330,14,226,1,False
330,14,8,2,False
330,14,28,2,True
330,14,36,2,False
330,14,65,2,False
330,14,70,2,True
330,14,115,2,False
330,14,128,2,False
330,14,175,2,False
330,14,226,2,True
330,14,8,3,False
330,14,28,3,False
330,14,36,3,False
330,14,65,3,True
330,14,70,3,True
330,14,115,3,False
330,14,128,3,False
330,14,175,3,False
330,14,226,3,False
330,14,8,4,False
330,14,28,4,False
330,14,36,4,False
330,14,65,4,False
330,14,70,4,False
330,14,115,4,False
330,14,128,4,False
330,14,175,4,False
330,14,226,4,False
330,14,8,5,False
330,14,28,5,False
330,14,36,5,False
330,14,65,5,False
330,14,70,5,False
330,14,115,5,False
330,14,128,5,False
330,14,175,5,True
330,14,226,5,False
331,12,121,1,True
331,12,136,1,False
331,12,243,1,False
331,12,121,2,False
331,12,136,2,False
331,12,243,2,False
331,12,121,3,True
331,12,136,3,False
331,12,243,3,False
331,12,121,4,False
331,12,136,4,False
331,12,243,4,False
331,13,180,1,False
331,13,189,1,False
331,13,180,2,False
331,13,189,2,False
331,13,180,3,False
331,13,189,3,False
331,13,180,4,False
331,13,189,4,False
331,14,8,1,True
331,14,28,1,False
331,14,36,1,False
331,14,65,1,True
331,14,70,1,True
331,14,115,1,True
331,14,128,1,True
331,14,175,1,False
331,14,226,1,False
331,14,8,2,False
331,14,28,2,True
331,14,36,2,True
331,14,65,2,False
331,14,70,2,True
331,14,115,2,False
331,14,128,2,False
331,14,175,2,False
331,14,226,2,False
331,14,8,3,False
331,14,28,3,False
331,14,36,3,True
331,14,65,3,False
331,14,70,3,True
331,14,115,3,True
331,14,128,3,False
331,14,175,3,True
331,14,226,3,False
331,14,8,4,False
331,14,28,4,True
331,14,36,4,True
331,14,65,4,False
331,14,70,4,True
331,14,115,4,False
331,14,128,4,False
331,14,175,4,False
331,14,226,4,True
331,14,8,5,False
331,14,28,5,False
331,14,36,5,False
331,14,65,5,False
331,14,70,5,False
331,14,115,5,True
331,14,128,5,False
331,14,175,5,True
331,14,226,5,False
332,12,121,1,True
332,12,136,1,True
332,12,243,1,False
332,12,121,2,True
332,12,136,2,False
332,12,243,2,False
332,12,121,3,False
332,12,136,3,False
332,12,243,3,False
332,12,121,4,False
332,12,136,4,False
332,12,243,4,False
332,14,8,1,True
332,14,28,1,False
332,14,36,1,False
332,14,65,1,True
332,14,70,1,True
332,14,115,1,True
332,14,128,1,True
332,14,175,1,False
332,14,226,1,False
332,14,8,2,False
332,14,28,2,True
332,14,36,2,True
332,14,65,2,False
332,14,70,2,True
332,14,115,2,False
332,14,128,2,False
332,14,175,2,False
332,14,226,2,True
332,14,8,3,False
332,14,28,3,True
332,14,36,3,True
332,14,65,3,True
332,14,70,3,True
332,14,115,3,True
332,14,128,3,True
332,14,175,3,False
332,14,226,3,True
332,14,8,4,False
332,14,28,4,True
332,14,36,4,True
332,14,65,4,True
332,14,70,4,True
332,14,115,4,False
332,14,128,4,True
332,14,175,4,True
332,14,226,4,True
332,14,8,5,True
332,14,28,5,True
332,14,36,5,False
332,14,65,5,True
332,14,70,5,True
332,14,115,5,True
332,14,128,5,True
332,14,175,5,False
332,14,226,5,False
333,12,121,1,True
333,12,136,1,True
333,12,243,1,True
333,12,121,2,True
333,12,136,2,False
333,12,243,2,True
333,12,121,3,True
333,12,136,3,True
333,12,243,3,True
333,12,121,4,True
333,12,136,4,False
333,12,243,4,True
333,14,8,1,True
333,14,28,1,False
333,14,36,1,False
333,14,65,1,True
333,14,70,1,True
333,14,115,1,False
333,14,128,1,True
333,14,175,1,False
333,14,226,1,False
333,14,8,2,False
333,14,28,2,True
333,14,36,2,True
333,14,65,2,False
333,14,70,2,False
333,14,115,2,False
333,14,128,2,False
333,14,175,2,False
333,14,226,2,True
333,14,8,3,False
333,14,28,3,False
333,14,36,3,True
333,14,65,3,True
333,14,70,3,True
333,14,115,3,False
333,14,128,3,False
333,14,175,3,False
333,14,226,3,False
333,14,8,4,False
333,14,28,4,False
333,14,36,4,False
333,14,65,4,False
333,14,70,4,False
333,14,115,4,False
333,14,128,4,False
333,14,175,4,False
333,14,226,4,False
333,14,8,5,False
333,14,28,5,False
333,14,36,5,False
333,14,65,5,True
333,14,70,5,True
333,14,115,5,False
333,14,128,5,False
333,14,175,5,True
333,14,226,5,False
334,12,121,1,True
334,12,136,1,False
334,12,243,1,False
334,12,121,2,False
334,12,136,2,False
334,12,243,2,False
334,12,121,3,True
334,12,136,3,False
334,12,243,3,False
334,12,121,4,False
334,12,136,4,False
334,12,243,4,False
334,13,180,1,False
334,13,189,1,False
334,13,180,2,False
334,13,189,2,False
334,13,180,3,False
334,13,189,3,False
334,13,180,4,False
334,13,189,4,False
334,14,8,1,True
334,14,28,1,False
334,14,36,1,False
334,14,65,1,True
334,14,70,1,True
334,14,115,1,False
334,14,128,1,True
334,14,175,1,False
334,14,226,1,False
334,14,8,2,False
334,14,28,2,True
334,14,36,2,False
334,14,65,2,False
334,14,70,2,False
334,14,115,2,False
334,14,128,2,False
334,14,175,2,False
334,14,226,2,False
334,14,8,3,False
334,14,28,3,False
334,14,36,3,False
334,14,65,3,True
334,14,70,3,True
334,14,115,3,True
334,14,128,3,False
334,14,175,3,False
334,14,226,3,False
334,14,8,4,False
334,14,28,4,False
334,14,36,4,True
334,14,65,4,True
334,14,70,4,False
334,14,115,4,False
334,14,128,4,False
334,14,175,4,False
334,14,226,4,False
334,14,8,5,False
334,14,28,5,True
334,14,36,5,False
334,14,65,5,True
334,14,70,5,True
334,14,115,5,True
334,14,128,5,False
334,14,175,5,False
334,14,226,5,False
335,12,121,1,False
335,12,136,1,False
335,12,243,1,False
335,12,121,2,True
335,12,136,2,False
335,12,243,2,False
335,12,121,3,False
335,12,136,3,False
335,12,243,3,False
335,12,121,4,False
335,12,136,4,False
335,12,243,4,False
335,14,8,1,True
335,14,28,1,False
335,14,36,1,False
335,14,65,1,True
335,14,70,1,True
335,14,115,1,True
335,14,128,1,True
335,14,175,1,False
335,14,226,1,False
335,14,8,2,False
335,14,28,2,True
335,14,36,2,True
335,14,65,2,False
335,14,70,2,True
335,14,115,2,False
335,14,128,2,False
335,14,175,2,False
335,14,226,2,True
335,14,8,3,True
335,14,28,3,False
335,14,36,3,True
335,14,65,3,True
335,14,70,3,True
335,14,115,3,False
335,14,128,3,True
335,14,175,3,True
335,14,226,3,True
335,14,8,4,False
335,14,28,4,False
335,14,36,4,False
335,14,65,4,True
335,14,70,4,True
335,14,115,4,False
335,14,128,4,False
335,14,175,4,True
335,14,226,4,True
335,14,8,5,False
335,14,28,5,True
335,14,36,5,True
335,14,65,5,True
335,14,70,5,True
335,14,115,5,False
335,14,128,5,False
335,14,175,5,False
335,14,226,5,True
335,15,179,5,False
335,15,249,5,False
336,12,121,1,False
336,12,136,1,True
336,12,243,1,True
336,12,121,2,False
336,12,136,2,True
336,12,243,2,True
336,12,121,3,False
336,12,136,3,False
336,12,243,3,False
336,12,121,4,False
336,12,136,4,True
336,12,243,4,True
336,14,8,1,True
336,14,28,1,False
336,14,36,1,False
336,14,65,1,True
336,14,70,1,False
336,14,115,1,True
336,14,128,1,True
336,14,175,1,False
336,14,226,1,False
336,14,8,2,False
336,14,28,2,True
336,14,36,2,True
336,14,65,2,False
336,14,70,2,True
336,14,115,2,False
336,14,128,2,False
336,14,175,2,False
336,14,226,2,True
336,14,8,3,False
336,14,28,3,True
336,14,36,3,True
336,14,65,3,True
336,14,70,3,True
336,14,115,3,False
336,14,128,3,True
336,14,175,3,True
336,14,226,3,True
336,14,8,4,False
336,14,28,4,True
336,14,36,4,True
336,14,65,4,True
336,14,70,4,True
336,14,115,4,True
336,14,128,4,False
336,14,175,4,False
336,14,226,4,False
336,14,8,5,False
336,14,28,5,False
336,14,36,5,True
336,14,65,5,True
336,14,70,5,True
336,14,115,5,False
336,14,128,5,True
336,14,175,5,False
336,14,226,5,True
337,13,180,1,False
337,13,189,1,False
337,13,180,2,False
337,13,189,2,True
337,13,180,3,False
337,13,189,3,False
337,13,180,4,False
337,13,189,4,False
337,14,8,1,True
337,14,28,1,False
337,14,36,1,False
337,14,65,1,True
337,14,70,1,True
337,14,115,1,True
337,14,128,1,True
337,14,175,1,False
337,14,226,1,False
337,14,8,2,False
337,14,28,2,True
337,14,36,2,True
337,14,65,2,True
337,14,70,2,True
337,14,115,2,False
337,14,128,2,True
337,14,175,2,True
337,14,226,2,True
337,14,8,3,False
337,14,28,3,True
337,14,36,3,False
337,14,65,3,True
337,14,70,3,True
337,14,115,3,False
337,14,128,3,True
337,14,175,3,False
337,14,226,3,False
337,14,8,4,False
337,14,28,4,True
337,14,36,4,False
337,14,65,4,True
337,14,70,4,True
337,14,115,4,False
337,14,128,4,True
337,14,175,4,False
337,14,226,4,False
337,14,8,5,False
337,14,28,5,True
337,14,36,5,False
337,14,65,5,True
337,14,70,5,True
337,14,115,5,False
337,14,128,5,True
337,14,175,5,False
337,14,226,5,True
338,12,121,1,False
338,12,136,1,False
338,12,243,1,False
338,12,121,3,False
338,12,136,3,False
338,12,243,3,False
338,12,121,4,False
338,12,136,4,False
338,12,243,4,False
338,13,180,1,False
338,13,189,1,False
338,13,180,2,False
338,13,189,2,False
338,13,180,3,False
338,13,189,3,False
338,13,180,4,False
338,13,189,4,False
338,14,8,1,False
338,14,28,1,False
338,14,36,1,True
338,14,65,1,False
338,14,70,1,False
338,14,115,1,False
338,14,128,1,False
338,14,175,1,False
338,14,226,1,False
338,14,8,2,False
338,14,28,2,False
338,14,36,2,False
338,14,65,2,False
338,14,70,2,False
338,14,115,2,False
338,14,128,2,False
338,14,175,2,False
338,14,226,2,False
338,14,8,3,False
338,14,28,3,False
338,14,36,3,False
338,14,65,3,False
338,14,70,3,False
338,14,115,3,False
338,14,128,3,False
338,14,175,3,False
338,14,226,3,False
338,14,8,5,False
338,14,28,5,False
338,14,36,5,True
338,14,65,5,False
338,14,70,5,False
338,14,115,5,True
338,14,128,5,False
338,14,175,5,True
338,14,226,5,True
338,15,179,5,False
338,15,249,5,False
339,12,121,1,True
339,12,136,1,False
339,12,243,1,True
339,12,121,2,False
339,12,136,2,False
339,12,243,2,False
339,12,121,3,True
339,12,136,3,False
339,12,243,3,True
339,12,121,4,False
339,12,136,4,False
339,12,243,4,True
339,14,8,1,False
339,14,28,1,False
339,14,36,1,False
339,14,65,1,False
339,14,70,1,False
339,14,115,1,False
339,14,128,1,True
339,14,175,1,False
339,14,226,1,False
339,14,8,2,False
339,14,28,2,False
339,14,36,2,True
339,14,65,2,False
339,14,70,2,False
339,14,115,2,False
339,14,128,2,False
339,14,175,2,False
339,14,226,2,False
339,14,8,3,False
339,14,28,3,False
339,14,36,3,False
339,14,65,3,True
339,14,70,3,False
339,14,115,3,True
339,14,128,3,True
339,14,175,3,False
339,14,226,3,False
339,14,8,4,False
339,14,28,4,False
339,14,36,4,False
339,14,65,4,False
339,14,70,4,False
339,14,115,4,False
339,14,128,4,False
339,14,175,4,False
339,14,226,4,True
339,14,8,5,False
339,14,28,5,False
339,14,36,5,False
339,14,65,5,False
339,14,70,5,False
339,14,115,5,True
339,14,128,5,False
339,14,175,5,False
339,14,226,5,True
339,15,179,5,False
339,15,249,5,False
340,14,8,1,True
340,14,28,1,False
340,14,36,1,False
340,14,65,1,False
340,14,70,1,True
340,14,115,1,True
340,14,128,1,True
340,14,175,1,False
340,14,226,1,False
340,14,8,2,False
340,14,28,2,True
340,14,36,2,True
340,14,65,2,False
340,14,70,2,True
340,14,115,2,False
340,14,128,2,False
340,14,175,2,False
340,14,226,2,False
340,14,8,3,False
340,14,28,3,False
340,14,36,3,False
340,14,65,3,False
340,14,70,3,True
340,14,115,3,True
340,14,128,3,False
340,14,175,3,True
340,14,226,3,False
340,14,8,4,False
340,14,28,4,False
340,14,36,4,False
340,14,65,4,False
340,14,70,4,True
340,14,115,4,False
340,14,128,4,False
340,14,175,4,False
340,14,226,4,False
340,14,8,5,False
340,14,28,5,False
340,14,36,5,True
340,14,65,5,True
340,14,70,5,False
340,14,115,5,True
340,14,128,5,False
340,14,175,5,True
340,14,226,5,True
341,12,121,1,False
341,12,136,1,False
341,12,243,1,False
341,12,121,2,False
341,12,136,2,False
341,12,243,2,False
341,12,121,3,False
341,12,136,3,True
341,12,243,3,False
341,12,121,4,False
341,12,136,4,False
341,12,243,4,False
341,13,180,1,False
341,13,189,1,False
341,13,180,2,False
341,13,189,2,True
341,13,180,3,False
341,13,189,3,False
341,13,180,4,False
341,13,189,4,False
341,14,8,1,True
341,14,28,1,False
341,14,36,1,False
341,14,65,1,False
341,14,70,1,False
341,14,115,1,False
341,14,128,1,True
341,14,175,1,False
341,14,226,1,False
341,14,8,2,False
341,14,28,2,True
341,14,36,2,True
341,14,65,2,False
341,14,70,2,False
341,14,115,2,False
341,14,128,2,False
341,14,175,2,False
341,14,226,2,False
341,14,8,3,False
341,14,28,3,False
341,14,36,3,False
341,14,65,3,True
341,14,70,3,True
341,14,115,3,True
341,14,128,3,True
341,14,175,3,False
341,14,226,3,False
341,14,8,4,False
341,14,28,4,False
341,14,36,4,False
341,14,65,4,False
341,14,70,4,False
341,14,115,4,False
341,14,128,4,True
341,14,175,4,True
341,14,226,4,True
341,14,8,5,False
341,14,28,5,True
341,14,36,5,True
341,14,65,5,False
341,14,70,5,False
341,14,115,5,False
341,14,128,5,False
341,14,175,5,True
341,14,226,5,False
342,12,121,1,False
342,12,136,1,False
342,12,243,1,False
342,13,180,1,False
342,13,189,1,False
342,13,180,2,False
342,13,189,2,False
342,14,8,1,True
342,14,28,1,False
342,14,36,1,False
342,14,65,1,True
342,14,70,1,True
342,14,115,1,True
342,14,128,1,True
342,14,175,1,False
342,14,226,1,False
342,14,8,2,False
342,14,28,2,True
342,14,36,2,True
342,14,65,2,False
342,14,70,2,True
342,14,115,2,False
342,14,128,2,False
342,14,175,2,False
342,14,226,2,True
342,14,8,3,False
342,14,28,3,True
342,14,36,3,False
342,14,65,3,True
342,14,70,3,True
342,14,115,3,True
342,14,128,3,True
342,14,175,3,False
342,14,226,3,True
342,14,8,4,False
342,14,28,4,True
342,14,36,4,True
342,14,65,4,True
342,14,70,4,True
342,14,115,4,False
342,14,128,4,True
342,14,175,4,True
342,14,226,4,True
342,14,8,5,False
342,14,28,5,True
342,14,36,5,False
342,14,65,5,True
342,14,70,5,False
342,14,115,5,False
342,14,128,5,True
342,14,175,5,True
342,14,226,5,True
343,12,121,1,True
343,12,136,1,True
343,12,243,1,False
343,12,121,2,True
343,12,136,2,True
343,12,243,2,False
343,12,121,3,True
343,12,136,3,True
343,12,243,3,False
343,12,121,4,False
343,12,136,4,True
343,12,243,4,True
343,13,180,1,False
343,13,189,1,True
343,13,180,2,False
343,13,189,2,False
343,13,180,3,False
343,13,189,3,True
343,13,180,4,False
343,13,189,4,True
343,14,8,1,True
343,14,28,1,False
343,14,36,1,False
343,14,65,1,True
343,14,70,1,False
343,14,115,1,False
343,14,128,1,False
343,14,175,1,False
343,14,226,1,False
343,14,8,2,False
343,14,28,2,True
343,14,36,2,True
343,14,65,2,False
343,14,70,2,False
343,14,115,2,False
343,14,128,2,False
343,14,175,2,False
343,14,226,2,False
343,14,8,3,False
343,14,28,3,False
343,14,36,3,False
343,14,65,3,True
343,14,70,3,False
343,14,115,3,False
343,14,128,3,True
343,14,175,3,False
343,14,226,3,False
343,14,8,4,False
343,14,28,4,False
343,14,36,4,True
343,14,65,4,False
343,14,70,4,True
343,14,115,4,False
343,14,128,4,False
343,14,175,4,False
343,14,226,4,False
343,14,8,5,False
343,14,28,5,False
343,14,36,5,False
343,14,65,5,False
343,14,70,5,False
343,14,115,5,False
343,14,128,5,False
343,14,175,5,False
343,14,226,5,False
344,12,121,1,True
344,12,136,1,True
344,12,243,1,False
344,12,121,2,True
344,12,136,2,False
344,12,243,2,False
344,12,121,3,False
344,12,136,3,True
344,12,243,3,False
344,12,121,4,False
344,12,136,4,True
344,12,243,4,True
344,13,180,1,False
344,13,189,1,False
344,13,180,2,False
344,13,189,2,False
344,13,180,3,False
344,13,189,3,False
344,13,180,4,False
344,13,189,4,True
344,14,8,1,False
344,14,28,1,False
344,14,36,1,False
344,14,65,1,False
344,14,70,1,False
344,14,115,1,False
344,14,128,1,False
344,14,175,1,False
344,14,226,1,False
344,14,8,2,False
344,14,28,2,False
344,14,36,2,False
344,14,65,2,False
344,14,70,2,False
344,14,115,2,False
344,14,128,2,False
344,14,175,2,False
344,14,226,2,False
344,14,8,3,False
344,14,28,3,False
344,14,36,3,False
344,14,65,3,False
344,14,70,3,False
344,14,115,3,False
344,14,128,3,False
344,14,175,3,False
344,14,226,3,False
344,14,8,5,False
344,14,28,5,False
344,14,36,5,False
344,14,65,5,False
344,14,70,5,False
344,14,115,5,False
344,14,128,5,False
344,14,175,5,False
344,14,226,5,False
345,12,121,1,False
345,12,136,1,False
345,12,243,1,False
345,12,121,2,True
345,12,136,2,False
345,12,243,2,False
345,12,121,3,False
345,12,136,3,False
345,12,243,3,False
345,12,121,4,False
345,12,136,4,False
345,12,243,4,False
345,14,8,1,False
345,14,28,1,False
345,14,36,1,False
345,14,65,1,False
345,14,70,1,False
345,14,115,1,False
345,14,128,1,True
345,14,175,1,False
345,14,226,1,False
345,14,8,2,False
345,14,28,2,False
345,14,36,2,True
345,14,65,2,False
345,14,70,2,False
345,14,115,2,False
345,14,128,2,False
345,14,175,2,False
345,14,226,2,False
345,14,8,3,False
345,14,28,3,True
345,14,36,3,False
345,14,65,3,False
345,14,70,3,True
345,14,115,3,False
345,14,128,3,True
345,14,175,3,True
345,14,226,3,True
345,14,8,4,False
345,14,28,4,True
345,14,36,4,False
345,14,65,4,False
345,14,70,4,False
345,14,115,4,False
345,14,128,4,False
345,14,175,4,False
345,14,226,4,True
345,14,8,5,False
345,14,28,5,False
345,14,36,5,False
345,14,65,5,False
345,14,70,5,False
345,14,115,5,False
345,14,128,5,True
345,14,175,5,False
345,14,226,5,False
346,12,121,1,True
346,12,136,1,True
346,12,243,1,True
346,12,121,2,True
346,12,136,2,False
346,12,243,2,False
346,12,121,3,True
346,12,136,3,True
346,12,243,3,False
346,12,121,4,False
346,12,136,4,True
346,12,243,4,True
346,14,8,1,False
346,14,28,1,False
346,14,36,1,False
346,14,65,1,False
346,14,70,1,False
346,14,115,1,False
346,14,128,1,False
346,14,175,1,False
346,14,226,1,False
346,14,8,2,False
346,14,28,2,True
346,14,36,2,False
346,14,65,2,False
346,14,70,2,False
346,14,115,2,False
346,14,128,2,False
346,14,175,2,False
346,14,226,2,True
346,14,8,3,False
346,14,28,3,False
346,14,36,3,False
346,14,65,3,False
346,14,70,3,False
346,14,115,3,False
346,14,128,3,False
346,14,175,3,False
346,14,226,3,False
346,14,8,5,False
346,14,28,5,True
346,14,36,5,False
346,14,65,5,False
346,14,70,5,False
346,14,115,5,False
346,14,128,5,False
346,14,175,5,False
346,14,226,5,False
347,12,121,1,False
347,12,136,1,False
347,12,243,1,False
347,12,121,2,True
347,12,136,2,False
347,12,243,2,False
347,12,121,3,False
347,12,136,3,False
347,12,243,3,False
347,12,121,4,False
347,12,136,4,True
347,12,243,4,True
347,13,180,1,False
347,13,189,1,False
347,13,180,2,False
347,13,189,2,False
347,13,180,3,False
347,13,189,3,False
347,13,180,4,False
347,13,189,4,False
347,14,8,1,True
347,14,28,1,False
347,14,36,1,False
347,14,65,1,False
347,14,70,1,False
347,14,115,1,True
347,14,128,1,True
347,14,175,1,False
347,14,226,1,False
347,14,8,2,False
347,14,28,2,True
347,14,36,2,True
347,14,65,2,False
347,14,70,2,False
347,14,115,2,False
347,14,128,2,False
347,14,175,2,False
347,14,226,2,False
347,14,8,3,False
347,14,28,3,False
347,14,36,3,True
347,14,65,3,False
347,14,70,3,True
347,14,115,3,False
347,14,128,3,False
347,14,175,3,True
347,14,226,3,True
347,14,8,4,False
347,14,28,4,True
347,14,36,4,True
347,14,65,4,False
347,14,70,4,False
347,14,115,4,False
347,14,128,4,False
347,14,175,4,True
347,14,226,4,True
347,14,8,5,False
347,14,28,5,True
347,14,36,5,False
347,14,65,5,True
347,14,70,5,False
347,14,115,5,False
347,14,128,5,False
347,14,175,5,True
347,14,226,5,False
348,13,180,1,False
348,13,189,1,False
348,13,180,2,False
348,13,189,2,False
348,13,180,3,False
348,13,189,3,True
348,13,180,4,False
348,13,189,4,True
348,14,8,1,False
348,14,28,1,False
348,14,36,1,True
348,14,65,1,True
348,14,70,1,True
348,14,115,1,True
348,14,128,1,True
348,14,175,1,False
348,14,226,1,False
348,14,8,2,False
348,14,28,2,True
348,14,36,2,True
348,14,65,2,True
348,14,70,2,True
348,14,115,2,False
348,14,128,2,True
348,14,175,2,False
348,14,226,2,True
348,14,8,3,False
348,14,28,3,True
348,14,36,3,True
348,14,65,3,True
348,14,70,3,True
348,14,115,3,False
348,14,128,3,True
348,14,175,3,False
348,14,226,3,False
348,14,8,4,False
348,14,28,4,True
348,14,36,4,True
348,14,65,4,True
348,14,70,4,True
348,14,115,4,False
348,14,128,4,True
348,14,175,4,False
348,14,226,4,False
348,14,8,5,False
348,14,28,5,False
348,14,36,5,True
348,14,65,5,True
348,14,70,5,True
348,14,115,5,False
348,14,128,5,True
348,14,175,5,False
348,14,226,5,False
349,12,121,1,True
349,12,136,1,True
349,12,243,1,False
349,12,121,2,True
349,12,136,2,True
349,12,243,2,False
349,12,121,3,True
349,12,136,3,True
349,12,243,3,False
349,12,121,4,False
349,12,136,4,True
349,12,243,4,False
349,14,8,1,True
349,14,28,1,False
349,14,36,1,False
349,14,65,1,False
349,14,70,1,False
349,14,115,1,False
349,14,128,1,True
349,14,175,1,True
349,14,226,1,False
349,14,8,2,False
349,14,28,2,True
349,14,36,2,False
349,14,65,2,False
349,14,70,2,False
349,14,115,2,False
349,14,128,2,False
349,14,175,2,True
349,14,226,2,True
349,14,8,3,True
349,14,28,3,True
349,14,36,3,True
349,14,65,3,False
349,14,70,3,False
349,14,115,3,False
349,14,128,3,False
349,14,175,3,True
349,14,226,3,True
349,14,8,4,False
349,14,28,4,True
349,14,36,4,True
349,14,65,4,False
349,14,70,4,False
349,14,115,4,False
349,14,128,4,False
349,14,175,4,False
349,14,226,4,False
349,14,8,5,False
349,14,28,5,True
349,14,36,5,True
349,14,65,5,False
349,14,70,5,False
349,14,115,5,False
349,14,128,5,False
349,14,175,5,False
349,14,226,5,False
349,15,179,5,False
349,15,249,5,False
350,12,121,1,False
350,12,136,1,False
350,12,243,1,False
350,12,121,2,False
350,12,136,2,False
350,12,243,2,False
350,12,121,3,False
350,12,136,3,False
350,12,243,3,False
350,12,121,4,False
350,12,136,4,False
350,12,243,4,False
350,14,8,1,False
350,14,28,1,False
350,14,36,1,False
350,14,65,1,False
350,14,70,1,False
350,14,115,1,False
350,14,128,1,False
350,14,175,1,False
350,14,226,1,False
350,14,8,2,False
350,14,28,2,True
350,14,36,2,True
350,14,65,2,False
350,14,70,2,True
350,14,115,2,False
350,14,128,2,False
350,14,175,2,False
350,14,226,2,False
350,14,8,3,False
350,14,28,3,False
350,14,36,3,False
350,14,65,3,False
350,14,70,3,True
350,14,115,3,False
350,14,128,3,False
350,14,175,3,True
350,14,226,3,False
350,14,8,4,False
350,14,28,4,False
350,14,36,4,False
350,14,65,4,False
350,14,70,4,False
350,14,115,4,False
350,14,128,4,False
350,14,175,4,True
350,14,226,4,False
350,14,8,5,False
350,14,28,5,False
350,14,36,5,False
350,14,65,5,True
350,14,70,5,False
350,14,115,5,False
350,14,128,5,True
350,14,175,5,True
350,14,226,5,False
350,15,179,2,False
350,15,249,2,False
350,15,179,3,True
350,15,249,3,False
350,15,179,4,False
350,15,249,4,False
350,15,179,5,False
350,15,249,5,False
351,12,121,1,True
351,12,136,1,True
351,12,243,1,True
351,12,121,2,True
351,12,136,2,True
351,12,243,2,False
351,12,121,3,True
351,12,136,3,True
351,12,243,3,True
351,12,121,4,True
351,12,136,4,True
351,12,243,4,True
351,13,180,1,False
351,13,189,1,False
351,13,180,2,False
351,13,189,2,False
351,13,180,3,False
351,13,189,3,False
351,13,180,4,False
351,13,189,4,True
351,14,8,1,False
351,14,28,1,False
351,14,36,1,False
351,14,65,1,False
351,14,70,1,False
351,14,115,1,False
351,14,128,1,True
351,14,175,1,False
351,14,226,1,False
351,14,8,2,False
351,14,28,2,True
351,14,36,2,True
351,14,65,2,False
351,14,70,2,True
351,14,115,2,False
351,14,128,2,False
351,14,175,2,False
351,14,226,2,False
351,14,8,3,False
351,14,28,3,False
351,14,36,3,False
351,14,65,3,False
351,14,70,3,True
351,14,115,3,False
351,14,128,3,False
351,14,175,3,False
351,14,226,3,False
351,14,8,4,False
351,14,28,4,False
351,14,36,4,False
351,14,65,4,False
351,14,70,4,False
351,14,115,4,False
351,14,128,4,False
351,14,175,4,False
351,14,226,4,False
351,14,8,5,False
351,14,28,5,False
351,14,36,5,False
351,14,65,5,False
351,14,70,5,False
351,14,115,5,False
351,14,128,5,False
351,14,175,5,False
351,14,226,5,False
352,12,121,1,True
352,12,136,1,True
352,12,243,1,False
352,12,121,2,True
352,12,136,2,True
352,12,243,2,False
352,12,121,3,True
352,12,136,3,True
352,12,243,3,False
352,12,121,4,True
352,12,136,4,True
352,12,243,4,True
352,13,180,1,False
352,13,189,1,False
352,13,180,2,False
352,13,189,2,True
352,13,180,3,False
352,13,189,3,False
352,13,180,4,False
352,13,189,4,True
352,14,8,1,False
352,14,28,1,False
352,14,36,1,False
352,14,65,1,False
352,14,70,1,False
352,14,115,1,False
352,14,128,1,False
352,14,175,1,False
352,14,226,1,False
352,14,8,2,False
352,14,28,2,False
352,14,36,2,False
352,14,65,2,False
352,14,70,2,False
352,14,115,2,False
352,14,128,2,False
352,14,175,2,False
352,14,226,2,False
352,14,8,3,False
352,14,28,3,False
352,14,36,3,False
352,14,65,3,False
352,14,70,3,False
352,14,115,3,False
352,14,128,3,False
352,14,175,3,False
352,14,226,3,False
352,14,8,4,False
352,14,28,4,False
352,14,36,4,False
352,14,65,4,False
352,14,70,4,False
352,14,115,4,False
352,14,128,4,False
352,14,175,4,False
352,14,226,4,False
352,14,8,5,False
352,14,28,5,False
352,14,36,5,False
352,14,65,5,False
352,14,70,5,False
352,14,115,5,False
352,14,128,5,False
352,14,175,5,False
352,14,226,5,False
353,12,121,1,True
353,12,136,1,True
353,12,243,1,False
353,12,121,2,True
353,12,136,2,False
353,12,243,2,False
353,12,121,3,True
353,12,136,3,True
353,12,243,3,False
353,12,121,4,False
353,12,136,4,False
353,12,243,4,True
353,13,180,1,False
353,13,189,1,False
353,13,180,2,False
353,13,189,2,False
353,13,180,3,False
353,13,189,3,False
353,13,180,4,False
353,13,189,4,False
353,14,8,1,False
353,14,28,1,False
353,14,36,1,False
353,14,65,1,False
353,14,70,1,False
353,14,115,1,True
353,14,128,1,True
353,14,175,1,True
353,14,226,1,False
353,14,8,2,False
353,14,28,2,True
353,14,36,2,False
353,14,65,2,False
353,14,70,2,True
353,14,115,2,False
353,14,128,2,False
353,14,175,2,True
353,14,226,2,True
353,14,8,3,False
353,14,28,3,False
353,14,36,3,True
353,14,65,3,False
353,14,70,3,True
353,14,115,3,True
353,14,128,3,False
353,14,175,3,False
353,14,226,3,True
353,14,8,4,False
353,14,28,4,False
353,14,36,4,True
353,14,65,4,False
353,14,70,4,False
353,14,115,4,True
353,14,128,4,False
353,14,175,4,True
353,14,226,4,False
353,14,8,5,False
353,14,28,5,False
353,14,36,5,True
353,14,65,5,False
353,14,70,5,True
353,14,115,5,False
353,14,128,5,False
353,14,175,5,False
353,14,226,5,False
353,16,7,1,False
353,16,93,1,False
353,16,244,1,False
353,16,7,2,True
353,16,93,2,False
353,16,244,2,False
353,16,7,3,True
353,16,93,3,False
353,16,244,3,False
353,16,7,4,False
353,16,93,4,False
353,16,244,4,False
353,16,7,5,False
353,16,93,5,False
353,16,244,5,False
354,12,121,1,False
354,12,136,1,False
354,12,243,1,False
354,12,121,2,False
354,12,136,2,False
354,12,243,2,False
354,12,121,3,False
354,12,136,3,False
354,12,243,3,False
354,12,121,4,False
354,12,136,4,False
354,12,243,4,False
354,14,8,1,True
354,14,28,1,False
354,14,36,1,True
354,14,65,1,False
354,14,70,1,True
354,14,115,1,False
354,14,128,1,False
354,14,175,1,False
354,14,226,1,False
354,14,8,2,False
354,14,28,2,True
354,14,36,2,True
354,14,65,2,False
354,14,70,2,True
354,14,115,2,False
354,14,128,2,False
354,14,175,2,False
354,14,226,2,False
354,14,8,3,False
354,14,28,3,False
354,14,36,3,True
354,14,65,3,False
354,14,70,3,True
354,14,115,3,False
354,14,128,3,False
354,14,175,3,False
354,14,226,3,False
354,14,8,4,True
354,14,28,4,True
354,14,36,4,True
354,14,65,4,False
354,14,70,4,False
354,14,115,4,False
354,14,128,4,False
354,14,175,4,False
354,14,226,4,True
354,14,8,5,False
354,14,28,5,True
354,14,36,5,False
354,14,65,5,False
354,14,70,5,False
354,14,115,5,False
354,14,128,5,False
354,14,175,5,False
354,14,226,5,True
355,12,121,1,True
355,12,136,1,False
355,12,243,1,False
355,12,121,2,True
355,12,136,2,False
355,12,243,2,False
355,12,121,3,True
355,12,136,3,False
355,12,243,3,False
355,12,121,4,False
355,12,136,4,False
355,12,243,4,False
355,14,8,1,True
355,14,28,1,False
355,14,36,1,False
355,14,65,1,True
355,14,70,1,True
355,14,115,1,True
355,14,128,1,True
355,14,175,1,False
355,14,226,1,False
355,14,8,2,False
355,14,28,2,True
355,14,36,2,False
355,14,65,2,False
355,14,70,2,True
355,14,115,2,False
355,14,128,2,False
355,14,175,2,False
355,14,226,2,True
355,14,8,3,False
355,14,28,3,False
355,14,36,3,False
355,14,65,3,True
355,14,70,3,True
355,14,115,3,False
355,14,128,3,True
355,14,175,3,False
355,14,226,3,False
355,14,8,4,False
355,14,28,4,True
355,14,36,4,False
355,14,65,4,True
355,14,70,4,True
355,14,115,4,False
355,14,128,4,False
355,14,175,4,False
355,14,226,4,False
355,14,8,5,False
355,14,28,5,False
355,14,36,5,True
355,14,65,5,False
355,14,70,5,True
355,14,115,5,False
355,14,128,5,True
355,14,175,5,False
355,14,226,5,False
356,12,121,1,True
356,12,136,1,True
356,12,243,1,False
356,12,121,2,True
356,12,136,2,False
356,12,243,2,False
356,12,121,3,True
356,12,136,3,False
356,12,243,3,False
356,12,121,4,False
356,12,136,4,True
356,12,243,4,True
356,13,180,1,False
356,13,189,1,False
356,13,180,2,False
356,13,189,2,False
356,13,180,3,False
356,13,189,3,False
356,13,180,4,False
356,13,189,4,False
356,14,8,1,False
356,14,28,1,False
356,14,36,1,False
356,14,65,1,True
356,14,70,1,False
356,14,115,1,True
356,14,128,1,True
356,14,175,1,False
356,14,226,1,False
356,14,8,2,False
356,14,28,2,False
356,14,36,2,False
356,14,65,2,False
356,14,70,2,False
356,14,115,2,False
356,14,128,2,False
356,14,175,2,True
356,14,226,2,False
356,14,8,3,False
356,14,28,3,False
356,14,36,3,False
356,14,65,3,False
356,14,70,3,False
356,14,115,3,True
356,14,128,3,False
356,14,175,3,False
356,14,226,3,False
356,14,8,4,False
356,14,28,4,False
356,14,36,4,False
356,14,65,4,False
356,14,70,4,False
356,14,115,4,False
356,14,128,4,False
356,14,175,4,True
356,14,226,4,False
356,14,8,5,False
356,14,28,5,False
356,14,36,5,False
356,14,65,5,True
356,14,70,5,False
356,14,115,5,False
356,14,128,5,False
356,14,175,5,True
356,14,226,5,False
357,12,121,1,True
357,12,136,1,False
357,12,243,1,False
357,12,121,2,True
357,12,136,2,False
357,12,243,2,False
357,12,121,3,False
357,12,136,3,False
357,12,243,3,False
357,12,121,4,False
357,12,136,4,True
357,12,243,4,False
357,14,8,1,True
357,14,28,1,False
357,14,36,1,False
357,14,65,1,True
357,14,70,1,True
357,14,115,1,False
357,14,128,1,True
357,14,175,1,False
357,14,226,1,True
357,14,8,2,False
357,14,28,2,True
357,14,36,2,False
357,14,65,2,False
357,14,70,2,True
357,14,115,2,False
357,14,128,2,False
357,14,175,2,False
357,14,226,2,True
357,14,8,3,True
357,14,28,3,False
357,14,36,3,False
357,14,65,3,True
357,14,70,3,True
357,14,115,3,True
357,14,128,3,True
357,14,175,3,False
357,14,226,3,True
357,14,8,5,True
357,14,28,5,False
357,14,36,5,False
357,14,65,5,True
357,14,70,5,True
357,14,115,5,False
357,14,128,5,False
357,14,175,5,False
357,14,226,5,False
358,12,121,1,False
358,12,136,1,False
358,12,243,1,False
358,12,121,2,True
358,12,136,2,False
358,12,243,2,False
358,12,121,3,False
358,12,136,3,True
358,12,243,3,False
358,12,121,4,False
358,12,136,4,True
358,12,243,4,False
358,14,8,1,True
358,14,28,1,False
358,14,36,1,False
358,14,65,1,True
358,14,70,1,False
358,14,115,1,False
358,14,128,1,False
358,14,175,1,False
358,14,226,1,False
358,14,8,2,False
358,14,28,2,True
358,14,36,2,False
358,14,65,2,False
358,14,70,2,False
358,14,115,2,False
358,14,128,2,False
358,14,175,2,False
358,14,226,2,True
358,14,8,3,False
358,14,28,3,False
358,14,36,3,False
358,14,65,3,False
358,14,70,3,False
358,14,115,3,True
358,14,128,3,False
358,14,175,3,False
358,14,226,3,False
358,14,8,5,True
358,14,28,5,False
358,14,36,5,False
358,14,65,5,True
358,14,70,5,False
358,14,115,5,True
358,14,128,5,True
358,14,175,5,True
358,14,226,5,False
359,12,121,1,False
359,12,136,1,False
359,12,243,1,False
359,12,121,2,False
359,12,136,2,False
359,12,243,2,False
359,12,121,3,False
359,12,136,3,False
359,12,243,3,False
359,12,121,4,False
359,12,136,4,False
359,12,243,4,False
359,14,8,1,True
359,14,28,1,False
359,14,36,1,False
359,14,65,1,True
359,14,70,1,True
359,14,115,1,True
359,14,128,1,True
359,14,175,1,False
359,14,226,1,False
359,14,8,2,False
359,14,28,2,True
359,14,36,2,True
359,14,65,2,False
359,14,70,2,True
359,14,115,2,False
359,14,128,2,False
359,14,175,2,False
359,14,226,2,False
359,14,8,3,False
359,14,28,3,False
359,14,36,3,False
359,14,65,3,False
359,14,70,3,True
359,14,115,3,False
359,14,128,3,False
359,14,175,3,True
359,14,226,3,False
359,14,8,4,False
359,14,28,4,True
359,14,36,4,True
359,14,65,4,False
359,14,70,4,True
359,14,115,4,False
359,14,128,4,False
359,14,175,4,False
359,14,226,4,False
359,14,8,5,True
359,14,28,5,False
359,14,36,5,False
359,14,65,5,True
359,14,70,5,True
359,14,115,5,False
359,14,128,5,True
359,14,175,5,False
359,14,226,5,False
359,16,7,1,True
359,16,93,1,False
359,16,244,1,False
359,16,7,5,True
359,16,93,5,False
359,16,244,5,False
360,12,121,1,True
360,12,136,1,False
360,12,243,1,False
360,12,121,2,True
360,12,136,2,False
360,12,243,2,False
360,12,121,3,True
360,12,136,3,False
360,12,243,3,True
360,12,121,4,False
360,12,136,4,True
360,12,243,4,True
360,13,180,1,False
360,13,189,1,False
360,13,180,2,False
360,13,189,2,False
360,13,180,4,False
360,13,189,4,False
360,14,8,1,False
360,14,28,1,True
360,14,36,1,False
360,14,65,1,False
360,14,70,1,True
360,14,115,1,False
360,14,128,1,True
360,14,175,1,False
360,14,226,1,False
360,14,8,2,False
360,14,28,2,True
360,14,36,2,False
360,14,65,2,False
360,14,70,2,True
360,14,115,2,False
360,14,128,2,False
360,14,175,2,False
360,14,226,2,False
360,14,8,3,False
360,14,28,3,True
360,14,36,3,False
360,14,65,3,False
360,14,70,3,True
360,14,115,3,False
360,14,128,3,True
360,14,175,3,False
360,14,226,3,False
360,14,8,4,False
360,14,28,4,True
360,14,36,4,False
360,14,65,4,False
360,14,70,4,True
360,14,115,4,False
360,14,128,4,True
360,14,175,4,False
360,14,226,4,False
360,14,8,5,False
360,14,28,5,True
360,14,36,5,False
360,14,65,5,False
360,14,70,5,True
360,14,115,5,False
360,14,128,5,True
360,14,175,5,False
360,14,226,5,False
361,12,121,1,True
361,12,136,1,False
361,12,243,1,False
361,12,121,2,False
361,12,136,2,False
361,12,243,2,False
361,12,121,3,True
361,12,136,3,False
361,12,243,3,False
361,12,121,4,False
361,12,136,4,False
361,12,243,4,True
361,13,180,1,False
361,13,189,1,False
361,13,180,2,False
361,13,189,2,False
361,13,180,3,False
361,13,189,3,False
361,13,180,4,False
361,13,189,4,False
361,14,8,1,True
361,14,28,1,False
361,14,36,1,False
361,14,65,1,True
361,14,70,1,True
361,14,115,1,True
361,14,128,1,True
361,14,175,1,True
361,14,226,1,False
361,14,8,2,False
361,14,28,2,True
361,14,36,2,True
361,14,65,2,False
361,14,70,2,True
361,14,115,2,False
361,14,128,2,False
361,14,175,2,True
361,14,226,2,True
361,14,8,3,True
361,14,28,3,False
361,14,36,3,False
361,14,65,3,True
361,14,70,3,True
361,14,115,3,False
361,14,128,3,True
361,14,175,3,True
361,14,226,3,False
361,14,8,4,False
361,14,28,4,True
361,14,36,4,False
361,14,65,4,True
361,14,70,4,False
361,14,115,4,True
361,14,128,4,True
361,14,175,4,False
361,14,226,4,True
361,14,8,5,False
361,14,28,5,False
361,14,36,5,True
361,14,65,5,True
361,14,70,5,False
361,14,115,5,True
361,14,128,5,False
361,14,175,5,False
361,14,226,5,True
361,16,7,1,False
361,16,93,1,False
361,16,244,1,False
361,16,7,2,False
361,16,93,2,False
361,16,244,2,False
361,16,7,3,False
361,16,93,3,False
361,16,244,3,False
361,16,7,4,False
361,16,93,4,False
361,16,244,4,False
361,16,7,5,False
361,16,93,5,False
361,16,244,5,False
362,12,121,1,True
362,12,136,1,True
362,12,243,1,False
362,12,121,2,True
362,12,136,2,False
362,12,243,2,False
362,12,121,3,True
362,12,136,3,False
362,12,243,3,False
362,12,121,4,False
362,12,136,4,True
362,12,243,4,True
362,13,180,1,False
362,13,189,1,False
362,13,180,2,False
362,13,189,2,False
362,13,180,3,False
362,13,189,3,False
362,13,180,4,False
362,13,189,4,True
362,14,8,1,True
362,14,28,1,False
362,14,36,1,False
362,14,65,1,True
362,14,70,1,False
362,14,115,1,False
362,14,128,1,True
362,14,175,1,False
362,14,226,1,False
362,14,8,2,False
362,14,28,2,True
362,14,36,2,True
362,14,65,2,False
362,14,70,2,True
362,14,115,2,False
362,14,128,2,False
362,14,175,2,False
362,14,226,2,True
362,14,8,3,True
362,14,28,3,False
362,14,36,3,False
362,14,65,3,False
362,14,70,3,True
362,14,115,3,True
362,14,128,3,False
362,14,175,3,False
362,14,226,3,False
362,14,8,4,False
362,14,28,4,True
362,14,36,4,False
362,14,65,4,False
362,14,70,4,False
362,14,115,4,False
362,14,128,4,False
362,14,175,4,False
362,14,226,4,False
362,14,8,5,True
362,14,28,5,True
362,14,36,5,False
362,14,65,5,True
362,14,70,5,False
362,14,115,5,False
362,14,128,5,False
362,14,175,5,False
362,14,226,5,False
362,15,179,5,False
362,15,249,5,False
363,12,121,1,False
363,12,136,1,True
363,12,243,1,False
363,12,121,2,True
363,12,136,2,True
363,12,243,2,False
363,12,121,3,False
363,12,136,3,False
363,12,243,3,False
363,12,121,4,False
363,12,136,4,False
363,12,243,4,False
363,13,180,1,False
363,13,189,1,False
363,13,180,2,False
363,13,189,2,False
363,14,8,1,True
363,14,28,1,False
363,14,36,1,False
363,14,65,1,True
363,14,70,1,True
363,14,115,1,True
363,14,128,1,True
363,14,175,1,True
363,14,226,1,False
363,14,8,2,False
363,14,28,2,True
363,14,36,2,True
363,14,65,2,False
363,14,70,2,True
363,14,115,2,False
363,14,128,2,False
363,14,175,2,False
363,14,226,2,True
363,14,8,3,False
363,14,28,3,True
363,14,36,3,False
363,14,65,3,True
363,14,70,3,True
363,14,115,3,False
363,14,128,3,True
363,14,175,3,False
363,14,226,3,False
363,14,8,4,False
363,14,28,4,False
363,14,36,4,True
363,14,65,4,False
363,14,70,4,True
363,14,115,4,True
363,14,128,4,False
363,14,175,4,False
363,14,226,4,False
363,14,8,5,False
363,14,28,5,True
363,14,36,5,False
363,14,65,5,True
363,14,70,5,True
363,14,115,5,True
363,14,128,5,True
363,14,175,5,False
363,14,226,5,False
363,16,7,1,False
363,16,93,1,True
363,16,244,1,False
363,16,7,2,False
363,16,93,2,False
363,16,244,2,False
363,16,7,3,False
363,16,93,3,False
363,16,244,3,False
363,16,7,4,False
363,16,93,4,False
363,16,244,4,False
363,16,7,5,False
363,16,93,5,False
363,16,244,5,False
364,12,121,1,False
364,12,136,1,False
364,12,243,1,False
364,12,121,2,False
364,12,136,2,False
364,12,243,2,False
364,13,180,1,False
364,13,189,1,False
364,13,180,2,False
364,13,189,2,False
364,13,180,3,False
364,13,189,3,False
364,13,180,4,False
364,13,189,4,False
364,14,8,1,False
364,14,28,1,False
364,14,36,1,False
364,14,65,1,True
364,14,70,1,True
364,14,115,1,False
364,14,128,1,False
364,14,175,1,False
364,14,226,1,False
364,14,8,2,False
364,14,28,2,True
364,14,36,2,True
364,14,65,2,False
364,14,70,2,False
364,14,115,2,False
364,14,128,2,False
364,14,175,2,True
364,14,226,2,False
364,14,8,3,False
364,14,28,3,False
364,14,36,3,True
364,14,65,3,False
364,14,70,3,False
364,14,115,3,False
364,14,128,3,False
364,14,175,3,True
364,14,226,3,False
364,14,8,4,False
364,14,28,4,False
364,14,36,4,False
364,14,65,4,True
364,14,70,4,True
364,14,115,4,False
364,14,128,4,False
364,14,175,4,False
364,14,226,4,False
364,14,8,5,False
364,14,28,5,False
364,14,36,5,True
364,14,65,5,True
364,14,70,5,True
364,14,115,5,False
364,14,128,5,False
364,14,175,5,True
364,14,226,5,False
364,16,7,1,False
364,16,93,1,False
364,16,244,1,False
364,16,7,5,False
364,16,93,5,False
364,16,244,5,False
365,12,121,1,False
365,12,136,1,False
365,12,243,1,False
365,12,121,2,False
365,12,136,2,False
365,12,243,2,False
365,12,121,3,False
365,12,136,3,False
365,12,243,3,False
365,12,121,4,False
365,12,136,4,False
365,12,243,4,False
365,14,8,1,False
365,14,28,1,False
365,14,36,1,False
365,14,65,1,False
365,14,70,1,True
365,14,115,1,True
365,14,128,1,True
365,14,175,1,False
365,14,226,1,False
365,14,8,2,False
365,14,28,2,True
365,14,36,2,True
365,14,65,2,False
365,14,70,2,True
365,14,115,2,False
365,14,128,2,False
365,14,175,2,False
365,14,226,2,True
365,14,8,3,False
365,14,28,3,False
365,14,36,3,False
365,14,65,3,False
365,14,70,3,True
365,14,115,3,False
365,14,128,3,True
365,14,175,3,False
365,14,226,3,False
365,14,8,5,False
365,14,28,5,True
365,14,36,5,True
365,14,65,5,True
365,14,70,5,True
365,14,115,5,True
365,14,128,5,True
365,14,175,5,True
365,14,226,5,True
366,12,121,1,False
366,12,136,1,False
366,12,243,1,False
366,12,121,2,False
366,12,136,2,False
366,12,243,2,False
366,12,121,3,False
366,12,136,3,False
366,12,243,3,False
366,12,121,4,False
366,12,136,4,False
366,12,243,4,False
366,13,180,1,False
366,13,189,1,False
366,13,180,2,False
366,13,189,2,False
366,13,180,3,False
366,13,189,3,False
366,13,180,4,False
366,13,189,4,False
366,14,8,1,True
366,14,28,1,False
366,14,36,1,False
366,14,65,1,False
366,14,70,1,False
366,14,115,1,False
366,14,128,1,True
366,14,175,1,False
366,14,226,1,False
366,14,8,2,False
366,14,28,2,False
366,14,36,2,True
366,14,65,2,False
366,14,70,2,False
366,14,115,2,False
366,14,128,2,False
366,14,175,2,False
366,14,226,2,False
366,14,8,3,False
366,14,28,3,False
366,14,36,3,False
366,14,65,3,True
366,14,70,3,False
366,14,115,3,False
366,14,128,3,False
366,14,175,3,False
366,14,226,3,False
366,14,8,4,False
366,14,28,4,True
366,14,36,4,False
366,14,65,4,False
366,14,70,4,False
366,14,115,4,False
366,14,128,4,False
366,14,175,4,True
366,14,226,4,False
366,14,8,5,False
366,14,28,5,False
366,14,36,5,False
366,14,65,5,False
366,14,70,5,False
366,14,115,5,False
366,14,128,5,False
366,14,175,5,True
366,14,226,5,False
367,12,121,1,False
367,12,136,1,True
367,12,243,1,False
367,12,121,2,True
367,12,136,2,False
367,12,243,2,False
367,12,121,3,True
367,12,136,3,False
367,12,243,3,False
367,12,121,4,False
367,12,136,4,True
367,12,243,4,False
368,12,121,1,False
368,12,136,1,False
368,12,243,1,False
368,12,121,2,False
368,12,136,2,False
368,12,243,2,False
368,12,121,3,False
368,12,136,3,False
368,12,243,3,False
368,12,121,4,False
368,12,136,4,False
368,12,243,4,False
368,13,180,1,False
368,13,189,1,False
368,13,180,2,False
368,13,189,2,True
368,13,180,3,False
368,13,189,3,False
368,13,180,4,False
368,13,189,4,False
368,14,8,1,True
368,14,28,1,False
368,14,36,1,False
368,14,65,1,True
368,14,70,1,True
368,14,115,1,True
368,14,128,1,True
368,14,175,1,False
368,14,226,1,False
368,14,8,2,False
368,14,28,2,True
368,14,36,2,True
368,14,65,2,False
368,14,70,2,True
368,14,115,2,False
368,14,128,2,False
368,14,175,2,False
368,14,226,2,True
368,14,8,3,False
368,14,28,3,False
368,14,36,3,False
368,14,65,3,True
368,14,70,3,True
368,14,115,3,True
368,14,128,3,True
368,14,175,3,True
368,14,226,3,True
368,14,8,4,False
368,14,28,4,True
368,14,36,4,False
368,14,65,4,False
368,14,70,4,True
368,14,115,4,True
368,14,128,4,True
368,14,175,4,False
368,14,226,4,False
368,14,8,5,True
368,14,28,5,True
368,14,36,5,True
368,14,65,5,True
368,14,70,5,True
368,14,115,5,False
368,14,128,5,False
368,14,175,5,True
368,14,226,5,True
369,12,121,1,False
369,12,136,1,True
369,12,243,1,False
369,12,121,2,False
369,12,136,2,True
369,12,243,2,False
369,12,121,3,False
369,12,136,3,False
369,12,243,3,False
369,12,121,4,False
369,12,136,4,False
369,12,243,4,False
369,14,8,1,True
369,14,28,1,False
369,14,36,1,False
369,14,65,1,False
369,14,70,1,True
369,14,115,1,True
369,14,128,1,True
369,14,175,1,False
369,14,226,1,False
369,14,8,2,False
369,14,28,2,True
369,14,36,2,True
369,14,65,2,False
369,14,70,2,True
369,14,115,2,False
369,14,128,2,False
369,14,175,2,False
369,14,226,2,True
369,14,8,3,False
369,14,28,3,False
369,14,36,3,False
369,14,65,3,False
369,14,70,3,True
369,14,115,3,True
369,14,128,3,True
369,14,175,3,True
369,14,226,3,True
369,14,8,4,False
369,14,28,4,True
369,14,36,4,True
369,14,65,4,False
369,14,70,4,True
369,14,115,4,False
369,14,128,4,False
369,14,175,4,False
369,14,226,4,True
369,14,8,5,True
369,14,28,5,False
369,14,36,5,True
369,14,65,5,False
369,14,70,5,True
369,14,115,5,True
369,14,128,5,False
369,14,175,5,False
369,14,226,5,True
369,16,7,1,False
369,16,93,1,False
369,16,244,1,False
369,16,7,2,False
369,16,93,2,True
369,16,244,2,False
369,16,7,3,False
369,16,93,3,False
369,16,244,3,False
369,16,7,4,False
369,16,93,4,False
369,16,244,4,False
369,16,7,5,False
369,16,93,5,True
369,16,244,5,True
370,12,121,1,True
370,12,136,1,True
370,12,243,1,True
370,12,121,2,True
370,12,136,2,False
370,12,243,2,False
370,12,121,3,True
370,12,136,3,True
370,12,243,3,True
370,12,121,4,False
370,12,136,4,True
370,12,243,4,True
370,13,180,1,False
370,13,189,1,False
370,13,180,2,False
370,13,189,2,False
370,13,180,3,False
370,13,189,3,False
370,13,180,4,False
370,13,189,4,False
370,14,8,1,False
370,14,28,1,False
370,14,36,1,False
370,14,65,1,False
370,14,70,1,False
370,14,115,1,False
370,14,128,1,False
370,14,175,1,False
370,14,226,1,False
370,14,8,2,False
370,14,28,2,False
370,14,36,2,False
370,14,65,2,False
370,14,70,2,False
370,14,115,2,False
370,14,128,2,False
370,14,175,2,False
370,14,226,2,False
370,14,8,3,False
370,14,28,3,False
370,14,36,3,False
370,14,65,3,False
370,14,70,3,False
370,14,115,3,False
370,14,128,3,False
370,14,175,3,False
370,14,226,3,False
370,14,8,4,False
370,14,28,4,False
370,14,36,4,False
370,14,65,4,False
370,14,70,4,False
370,14,115,4,False
370,14,128,4,False
370,14,175,4,False
370,14,226,4,False
370,14,8,5,False
370,14,28,5,False
370,14,36,5,False
370,14,65,5,False
370,14,70,5,False
370,14,115,5,False
370,14,128,5,False
370,14,175,5,False
370,14,226,5,False
371,12,121,1,False
371,12,136,1,False
371,12,243,1,False
371,12,121,2,False
371,12,136,2,False
371,12,243,2,False
371,12,121,4,False
371,12,136,4,False
371,12,243,4,False
371,14,8,1,True
371,14,28,1,False
371,14,36,1,False
371,14,65,1,True
371,14,70,1,False
371,14,115,1,False
371,14,128,1,False
371,14,175,1,False
371,14,226,1,False
371,14,8,2,False
371,14,28,2,True
371,14,36,2,True
371,14,65,2,False
371,14,70,2,False
371,14,115,2,False
371,14,128,2,False
371,14,175,2,False
371,14,226,2,False
371,14,8,3,False
371,14,28,3,False
371,14,36,3,False
371,14,65,3,False
371,14,70,3,True
371,14,115,3,False
371,14,128,3,False
371,14,175,3,False
371,14,226,3,False
371,14,8,4,False
371,14,28,4,False
371,14,36,4,True
371,14,65,4,False
371,14,70,4,False
371,14,115,4,False
371,14,128,4,False
371,14,175,4,True
371,14,226,4,True
371,14,8,5,False
371,14,28,5,False
371,14,36,5,False
371,14,65,5,False
371,14,70,5,True
371,14,115,5,False
371,14,128,5,True
371,14,175,5,False
371,14,226,5,False
372,12,121,1,False
372,12,136,1,False
372,12,243,1,True
372,12,121,2,True
372,12,136,2,False
372,12,243,2,False
372,12,121,4,False
372,12,136,4,False
372,12,243,4,True
372,13,180,1,False
372,13,189,1,False
372,13,180,2,False
372,13,189,2,False
372,14,8,1,False
372,14,28,1,False
372,14,36,1,False
372,14,65,1,False
372,14,70,1,False
372,14,115,1,False
372,14,128,1,True
372,14,175,1,False
372,14,226,1,False
372,14,8,2,False
372,14,28,2,False
372,14,36,2,True
372,14,65,2,False
372,14,70,2,False
372,14,115,2,False
372,14,128,2,False
372,14,175,2,False
372,14,226,2,False
372,14,8,3,False
372,14,28,3,False
372,14,36,3,False
372,14,65,3,True
372,14,70,3,False
372,14,115,3,False
372,14,128,3,True
372,14,175,3,True
372,14,226,3,False
372,14,8,4,False
372,14,28,4,False
372,14,36,4,False
372,14,65,4,False
372,14,70,4,False
372,14,115,4,False
372,14,128,4,False
372,14,175,4,True
372,14,226,4,False
372,14,8,5,False
372,14,28,5,False
372,14,36,5,False
372,14,65,5,False
372,14,70,5,False
372,14,115,5,False
372,14,128,5,False
372,14,175,5,False
372,14,226,5,False
373,12,121,1,True
373,12,136,1,False
373,12,243,1,False
373,12,121,2,True
373,12,136,2,False
373,12,243,2,False
373,12,121,3,True
373,12,136,3,False
373,12,243,3,False
373,12,121,4,False
373,12,136,4,True
373,12,243,4,True
373,13,180,4,False
373,13,189,4,False
373,14,8,1,True
373,14,28,1,False
373,14,36,1,False
373,14,65,1,True
373,14,70,1,True
373,14,115,1,True
373,14,128,1,True
373,14,175,1,False
373,14,226,1,False
373,14,8,2,False
373,14,28,2,True
373,14,36,2,True
373,14,65,2,True
373,14,70,2,True
373,14,115,2,False
373,14,128,2,False
373,14,175,2,False
373,14,226,2,True
373,14,8,3,False
373,14,28,3,False
373,14,36,3,False
373,14,65,3,True
373,14,70,3,True
373,14,115,3,True
373,14,128,3,True
373,14,175,3,False
373,14,226,3,True
373,14,8,4,False
373,14,28,4,False
373,14,36,4,False
373,14,65,4,True
373,14,70,4,False
373,14,115,4,True
373,14,128,4,False
373,14,175,4,True
373,14,226,4,True
373,14,8,5,False
373,14,28,5,False
373,14,36,5,False
373,14,65,5,True
373,14,70,5,False
373,14,115,5,False
373,14,128,5,False
373,14,175,5,False
373,14,226,5,True
374,12,121,1,False
374,12,136,1,False
374,12,243,1,False
374,12,121,2,False
374,12,136,2,False
374,12,243,2,False
374,12,121,4,False
374,12,136,4,False
374,12,243,4,False
374,14,8,1,False
374,14,28,1,True
374,14,36,1,False
374,14,65,1,False
374,14,70,1,False
374,14,115,1,True
374,14,128,1,False
374,14,175,1,True
374,14,226,1,True
374,14,8,2,False
374,14,28,2,False
374,14,36,2,False
374,14,65,2,False
374,14,70,2,False
374,14,115,2,False
374,14,128,2,False
374,14,175,2,False
374,14,226,2,False
374,14,8,3,False
374,14,28,3,False
374,14,36,3,False
374,14,65,3,False
374,14,70,3,False
374,14,115,3,False
374,14,128,3,False
374,14,175,3,False
374,14,226,3,False
374,14,8,4,False
374,14,28,4,False
374,14,36,4,False
374,14,65,4,False
374,14,70,4,False
374,14,115,4,False
374,14,128,4,False
374,14,175,4,False
374,14,226,4,False
374,14,8,5,False
374,14,28,5,True
374,14,36,5,False
374,14,65,5,False
374,14,70,5,False
374,14,115,5,True
374,14,128,5,False
374,14,175,5,True
374,14,226,5,True
375,12,121,1,False
375,12,136,1,True
375,12,243,1,False
375,12,121,2,True
375,12,136,2,False
375,12,243,2,False
375,12,121,3,False
375,12,136,3,True
375,12,243,3,False
375,12,121,4,False
375,12,136,4,False
375,12,243,4,False
375,16,7,1,False
375,16,93,1,False
375,16,244,1,False
375,16,7,2,False
375,16,93,2,True
375,16,244,2,False
375,16,7,3,False
375,16,93,3,True
375,16,244,3,False
375,16,7,5,False
375,16,93,5,False
375,16,244,5,False
376,13,180,1,False
376,13,189,1,False
376,13,180,2,False
376,13,189,2,False
376,13,180,3,False
376,13,189,3,True
376,13,180,4,False
376,13,189,4,False
376,14,8,1,False
376,14,28,1,False
376,14,36,1,False
376,14,65,1,False
376,14,70,1,True
376,14,115,1,False
376,14,128,1,True
376,14,175,1,False
376,14,226,1,False
376,14,8,2,False
376,14,28,2,True
376,14,36,2,True
376,14,65,2,False
376,14,70,2,True
376,14,115,2,False
376,14,128,2,False
376,14,175,2,False
376,14,226,2,False
376,14,8,3,False
376,14,28,3,False
376,14,36,3,False
376,14,65,3,True
376,14,70,3,True
376,14,115,3,False
376,14,128,3,False
376,14,175,3,False
376,14,226,3,False
376,14,8,4,False
376,14,28,4,False
376,14,36,4,False
376,14,65,4,False
376,14,70,4,False
376,14,115,4,False
376,14,128,4,False
376,14,175,4,True
376,14,226,4,False
376,14,8,5,False
376,14,28,5,False
376,14,36,5,True
376,14,65,5,True
376,14,70,5,True
376,14,115,5,False
376,14,128,5,False
376,14,175,5,False
376,14,226,5,False
377,12,121,1,False
377,12,136,1,False
377,12,243,1,False
377,12,121,2,False
377,12,136,2,False
377,12,243,2,False
377,12,121,3,False
377,12,136,3,False
377,12,243,3,False
377,12,121,4,False
377,12,136,4,False
377,12,243,4,False
377,14,8,1,True
377,14,28,1,False
377,14,36,1,False
377,14,65,1,True
377,14,70,1,True
377,14,115,1,True
377,14,128,1,True
377,14,175,1,False
377,14,226,1,False
377,14,8,2,False
377,14,28,2,True
377,14,36,2,True
377,14,65,2,False
377,14,70,2,True
377,14,115,2,False
377,14,128,2,False
377,14,175,2,False
377,14,226,2,True
377,14,8,3,False
377,14,28,3,True
377,14,36,3,False
377,14,65,3,True
377,14,70,3,True
377,14,115,3,False
377,14,128,3,True
377,14,175,3,False
377,14,226,3,False
377,14,8,4,False
377,14,28,4,True
377,14,36,4,False
377,14,65,4,False
377,14,70,4,True
377,14,115,4,False
377,14,128,4,False
377,14,175,4,True
377,14,226,4,False
377,14,8,5,False
377,14,28,5,True
377,14,36,5,False
377,14,65,5,False
377,14,70,5,True
377,14,115,5,False
377,14,128,5,True
377,14,175,5,False
377,14,226,5,False
377,16,7,1,False
377,16,93,1,False
377,16,244,1,False
377,16,7,5,False
377,16,93,5,False
377,16,244,5,False
378,12,121,1,False
378,12,136,1,False
378,12,243,1,False
378,12,121,2,False
378,12,136,2,False
378,12,243,2,False
378,12,121,3,False
378,12,136,3,False
378,12,243,3,False
378,12,121,4,False
378,12,136,4,False
378,12,243,4,False
378,13,180,1,False
378,13,189,1,False
378,13,180,2,False
378,13,189,2,False
378,13,180,3,False
378,13,189,3,False
378,13,180,4,False
378,13,189,4,False
378,14,8,1,True
378,14,28,1,False
378,14,36,1,False
378,14,65,1,True
378,14,70,1,True
378,14,115,1,True
378,14,128,1,True
378,14,175,1,False
378,14,226,1,False
378,14,8,2,False
378,14,28,2,True
378,14,36,2,True
378,14,65,2,False
378,14,70,2,True
378,14,115,2,False
378,14,128,2,False
378,14,175,2,False
378,14,226,2,True
378,14,8,3,True
378,14,28,3,False
378,14,36,3,True
378,14,65,3,True
378,14,70,3,True
378,14,115,3,True
378,14,128,3,False
378,14,175,3,True
378,14,226,3,False
378,14,8,4,False
378,14,28,4,True
378,14,36,4,True
378,14,65,4,False
378,14,70,4,True
378,14,115,4,False
378,14,128,4,False
378,14,175,4,True
378,14,226,4,True
378,14,8,5,True
378,14,28,5,False
378,14,36,5,False
378,14,65,5,True
378,14,70,5,False
378,14,115,5,True
378,14,128,5,True
378,14,175,5,True
378,14,226,5,True
379,12,121,1,True
379,12,136,1,True
379,12,243,1,False
379,12,121,2,True
379,12,136,2,True
379,12,243,2,False
379,12,121,3,False
379,12,136,3,True
379,12,243,3,False
379,12,121,4,False
379,12,136,4,True
379,12,243,4,False
379,13,180,1,False
379,13,189,1,False
379,13,180,2,False
379,13,189,2,False
379,13,180,3,False
379,13,189,3,False
379,13,180,4,False
379,13,189,4,False
379,14,8,1,True
379,14,28,1,False
379,14,36,1,False
379,14,65,1,True
379,14,70,1,True
379,14,115,1,True
379,14,128,1,True
379,14,175,1,False
379,14,226,1,False
379,14,8,2,False
379,14,28,2,True
379,14,36,2,True
379,14,65,2,False
379,14,70,2,True
379,14,115,2,False
379,14,128,2,False
379,14,175,2,False
379,14,226,2,True
379,14,8,3,False
379,14,28,3,False
379,14,36,3,False
379,14,65,3,True
379,14,70,3,True
379,14,115,3,False
379,14,128,3,True
379,14,175,3,False
379,14,226,3,False
379,14,8,4,False
379,14,28,4,False
379,14,36,4,False
379,14,65,4,False
379,14,70,4,True
379,14,115,4,False
379,14,128,4,True
379,14,175,4,False
379,14,226,4,True
379,14,8,5,False
379,14,28,5,False
379,14,36,5,True
379,14,65,5,True
379,14,70,5,True
379,14,115,5,False
379,14,128,5,True
379,14,175,5,True
379,14,226,5,False
379,15,179,1,False
379,15,249,1,False
379,15,179,2,False
379,15,249,2,False
379,15,179,3,False
379,15,249,3,False
379,15,179,4,False
379,15,249,4,True
379,15,179,5,False
379,15,249,5,False
380,12,121,1,False
380,12,136,1,False
380,12,243,1,False
380,12,121,2,False
380,12,136,2,False
380,12,243,2,False
380,12,121,3,False
380,12,136,3,False
380,12,243,3,False
380,12,121,4,False
380,12,136,4,False
380,12,243,4,False
380,14,8,1,True
380,14,28,1,False
380,14,36,1,False
380,14,65,1,True
380,14,70,1,False
380,14,115,1,False
380,14,128,1,True
380,14,175,1,False
380,14,226,1,False
380,14,8,2,False
380,14,28,2,True
380,14,36,2,True
380,14,65,2,False
380,14,70,2,True
380,14,115,2,False
380,14,128,2,False
380,14,175,2,False
380,14,226,2,True
380,14,8,3,True
380,14,28,3,False
380,14,36,3,False
380,14,65,3,True
380,14,70,3,False
380,14,115,3,True
380,14,128,3,True
380,14,175,3,True
380,14,226,3,False
380,14,8,4,False
380,14,28,4,False
380,14,36,4,False
380,14,65,4,False
380,14,70,4,False
380,14,115,4,True
380,14,128,4,False
380,14,175,4,False
380,14,226,4,False
380,14,8,5,False
380,14,28,5,False
380,14,36,5,False
380,14,65,5,False
380,14,70,5,False
380,14,115,5,False
380,14,128,5,False
380,14,175,5,False
380,14,226,5,False
380,16,7,1,False
380,16,93,1,False
380,16,244,1,True
380,16,7,2,False
380,16,93,2,False
380,16,244,2,False
380,16,7,3,False
380,16,93,3,False
380,16,244,3,False
380,16,7,4,False
380,16,93,4,False
380,16,244,4,False
380,16,7,5,False
380,16,93,5,False
380,16,244,5,False
381,12,121,1,False
381,12,136,1,False
381,12,243,1,False
381,12,121,2,False
381,12,136,2,False
381,12,243,2,False
381,12,121,3,False
381,12,136,3,False
381,12,243,3,False
381,12,121,4,False
381,12,136,4,False
381,12,243,4,False
381,13,180,1,False
381,13,189,1,False
381,13,180,2,False
381,13,189,2,False
381,13,180,3,False
381,13,189,3,False
381,14,8,1,True
381,14,28,1,False
381,14,36,1,False
381,14,65,1,True
381,14,70,1,True
381,14,115,1,True
381,14,128,1,True
381,14,175,1,False
381,14,226,1,False
381,14,8,2,False
381,14,28,2,True
381,14,36,2,True
381,14,65,2,True
381,14,70,2,True
381,14,115,2,False
381,14,128,2,False
381,14,175,2,False
381,14,226,2,True
381,14,8,3,True
381,14,28,3,True
381,14,36,3,True
381,14,65,3,True
381,14,70,3,True
381,14,115,3,True
381,14,128,3,True
381,14,175,3,True
381,14,226,3,True
381,14,8,4,False
381,14,28,4,True
381,14,36,4,False
381,14,65,4,True
381,14,70,4,True
381,14,115,4,True
381,14,128,4,True
381,14,175,4,True
381,14,226,4,True
381,14,8,5,False
381,14,28,5,True
381,14,36,5,False
381,14,65,5,True
381,14,70,5,True
381,14,115,5,True
381,14,128,5,True
381,14,175,5,True
381,14,226,5,True
382,12,121,1,False
382,12,136,1,False
382,12,243,1,False
382,12,121,2,False
382,12,136,2,False
382,12,243,2,False
382,12,121,3,False
382,12,136,3,False
382,12,243,3,False
382,12,121,4,False
382,12,136,4,False
382,12,243,4,False
382,14,8,1,False
382,14,28,1,False
382,14,36,1,False
382,14,65,1,True
382,14,70,1,False
382,14,115,1,False
382,14,128,1,False
382,14,175,1,False
382,14,226,1,False
382,14,8,2,False
382,14,28,2,True
382,14,36,2,False
382,14,65,2,False
382,14,70,2,False
382,14,115,2,False
382,14,128,2,False
382,14,175,2,False
382,14,226,2,False
382,14,8,3,False
382,14,28,3,False
382,14,36,3,False
382,14,65,3,True
382,14,70,3,True
382,14,115,3,False
382,14,128,3,False
382,14,175,3,False
382,14,226,3,False
382,14,8,4,False
382,14,28,4,False
382,14,36,4,False
382,14,65,4,False
382,14,70,4,False
382,14,115,4,False
382,14,128,4,False
382,14,175,4,False
382,14,226,4,True
382,14,8,5,False
382,14,28,5,False
382,14,36,5,False
382,14,65,5,True
382,14,70,5,True
382,14,115,5,False
382,14,128,5,False
382,14,175,5,False
382,14,226,5,False
382,15,179,1,False
382,15,249,1,False
382,15,179,2,False
382,15,249,2,False
382,15,179,3,False
382,15,249,3,False
382,15,179,4,False
382,15,249,4,False
382,15,179,5,False
382,15,249,5,False
383,12,121,1,True
383,12,136,1,True
383,12,243,1,False
383,12,121,2,True
383,12,136,2,False
383,12,243,2,False
383,12,121,3,False
383,12,136,3,True
383,12,243,3,False
383,12,121,4,False
383,12,136,4,True
383,12,243,4,False
383,13,180,1,False
383,13,189,1,False
383,13,180,2,False
383,13,189,2,False
383,13,180,3,False
383,13,189,3,False
383,13,180,4,False
383,13,189,4,False
383,14,8,1,False
383,14,28,1,False
383,14,36,1,False
383,14,65,1,False
383,14,70,1,False
383,14,115,1,False
383,14,128,1,True
383,14,175,1,False
383,14,226,1,False
383,14,8,2,False
383,14,28,2,False
383,14,36,2,False
383,14,65,2,False
383,14,70,2,False
383,14,115,2,False
383,14,128,2,False
383,14,175,2,False
383,14,226,2,False
383,14,8,3,False
383,14,28,3,False
383,14,36,3,False
383,14,65,3,False
383,14,70,3,True
383,14,115,3,False
383,14,128,3,False
383,14,175,3,False
383,14,226,3,False
383,14,8,4,False
383,14,28,4,False
383,14,36,4,False
383,14,65,4,False
383,14,70,4,False
383,14,115,4,False
383,14,128,4,False
383,14,175,4,False
383,14,226,4,False
383,14,8,5,False
383,14,28,5,False
383,14,36,5,False
383,14,65,5,False
383,14,70,5,False
383,14,115,5,False
383,14,128,5,False
383,14,175,5,False
383,14,226,5,False
384,12,121,1,True
384,12,136,1,True
384,12,243,1,False
384,12,121,2,True
384,12,136,2,True
384,12,243,2,False
384,12,121,3,True
384,12,136,3,True
384,12,243,3,False
384,12,121,4,False
384,12,136,4,True
384,12,243,4,True
384,13,180,1,False
384,13,189,1,False
384,13,180,2,False
384,13,189,2,False
384,13,180,3,False
384,13,189,3,False
384,13,180,4,False
384,13,189,4,False
384,14,8,1,True
384,14,28,1,False
384,14,36,1,False
384,14,65,1,False
384,14,70,1,False
384,14,115,1,False
384,14,128,1,False
384,14,175,1,False
384,14,226,1,False
384,14,8,2,False
384,14,28,2,True
384,14,36,2,True
384,14,65,2,False
384,14,70,2,False
384,14,115,2,False
384,14,128,2,False
384,14,175,2,False
384,14,226,2,False
384,14,8,3,False
384,14,28,3,True
384,14,36,3,True
384,14,65,3,False
384,14,70,3,False
384,14,115,3,False
384,14,128,3,False
384,14,175,3,False
384,14,226,3,False
384,14,8,4,False
384,14,28,4,False
384,14,36,4,False
384,14,65,4,True
384,14,70,4,False
384,14,115,4,False
384,14,128,4,True
384,14,175,4,False
384,14,226,4,False
384,14,8,5,False
384,14,28,5,False
384,14,36,5,False
384,14,65,5,True
384,14,70,5,False
384,14,115,5,True
384,14,128,5,True
384,14,175,5,True
384,14,226,5,True
385,12,121,1,True
385,12,136,1,False
385,12,243,1,False
385,12,121,2,True
385,12,136,2,False
385,12,243,2,False
385,12,121,3,True
385,12,136,3,False
385,12,243,3,False
385,12,121,4,False
385,12,136,4,True
385,12,243,4,True
385,13,180,1,False
385,13,189,1,False
385,13,180,2,False
385,13,189,2,False
385,13,180,3,False
385,13,189,3,False
385,13,180,4,False
385,13,189,4,True
386,12,121,1,False
386,12,136,1,False
386,12,243,1,False
386,12,121,2,False
386,12,136,2,False
386,12,243,2,False
386,12,121,3,False
386,12,136,3,True
386,12,243,3,False
386,12,121,4,False
386,12,136,4,True
386,12,243,4,True
386,13,180,1,False
386,13,189,1,False
386,13,180,2,False
386,13,189,2,True
386,13,180,3,False
386,13,189,3,False
386,13,180,4,False
386,13,189,4,False
386,14,8,1,True
386,14,28,1,False
386,14,36,1,False
386,14,65,1,True
386,14,70,1,False
386,14,115,1,True
386,14,128,1,True
386,14,175,1,False
386,14,226,1,False
386,14,8,2,False
386,14,28,2,True
386,14,36,2,True
386,14,65,2,False
386,14,70,2,False
386,14,115,2,False
386,14,128,2,False
386,14,175,2,False
386,14,226,2,True
386,14,8,3,True
386,14,28,3,False
386,14,36,3,False
386,14,65,3,True
386,14,70,3,True
386,14,115,3,True
386,14,128,3,False
386,14,175,3,True
386,14,226,3,False
386,14,8,4,False
386,14,28,4,True
386,14,36,4,True
386,14,65,4,False
386,14,70,4,False
386,14,115,4,True
386,14,128,4,False
386,14,175,4,False
386,14,226,4,False
386,14,8,5,False
386,14,28,5,False
386,14,36,5,False
386,14,65,5,False
386,14,70,5,True
386,14,115,5,True
386,14,128,5,True
386,14,175,5,False
386,14,226,5,False
387,12,121,1,False
387,12,136,1,False
387,12,243,1,False
387,12,121,2,False
387,12,136,2,False
387,12,243,2,False
387,12,121,3,False
387,12,136,3,False
387,12,243,3,False
387,12,121,4,False
387,12,136,4,False
387,12,243,4,False
387,14,8,1,True
387,14,28,1,False
387,14,36,1,False
387,14,65,1,True
387,14,70,1,False
387,14,115,1,True
387,14,128,1,True
387,14,175,1,False
387,14,226,1,False
387,14,8,2,False
387,14,28,2,True
387,14,36,2,True
387,14,65,2,False
387,14,70,2,False
387,14,115,2,False
387,14,128,2,False
387,14,175,2,False
387,14,226,2,False
387,14,8,3,False
387,14,28,3,True
387,14,36,3,False
387,14,65,3,True
387,14,70,3,True
387,14,115,3,False
387,14,128,3,True
387,14,175,3,True
387,14,226,3,False
387,14,8,4,False
387,14,28,4,False
387,14,36,4,False
387,14,65,4,True
387,14,70,4,True
387,14,115,4,False
387,14,128,4,False
387,14,175,4,False
387,14,226,4,True
387,14,8,5,False
387,14,28,5,False
387,14,36,5,False
387,14,65,5,True
387,14,70,5,True
387,14,115,5,False
387,14,128,5,True
387,14,175,5,True
387,14,226,5,False
388,12,121,1,True
388,12,136,1,True
388,12,243,1,False
388,12,121,2,True
388,12,136,2,False
388,12,243,2,False
388,12,121,3,True
388,12,136,3,True
388,12,243,3,False
388,12,121,4,False
388,12,136,4,True
388,12,243,4,True
388,14,8,1,True
388,14,28,1,False
388,14,36,1,False
388,14,65,1,False
388,14,70,1,True
388,14,115,1,True
388,14,128,1,False
388,14,175,1,True
388,14,226,1,False
388,14,8,2,False
388,14,28,2,True
388,14,36,2,False
388,14,65,2,False
388,14,70,2,False
388,14,115,2,False
388,14,128,2,False
388,14,175,2,False
388,14,226,2,True
388,14,8,3,False
388,14,28,3,False
388,14,36,3,False
388,14,65,3,False
388,14,70,3,False
388,14,115,3,False
388,14,128,3,False
388,14,175,3,False
388,14,226,3,False
388,14,8,5,False
388,14,28,5,False
388,14,36,5,False
388,14,65,5,False
388,14,70,5,False
388,14,115,5,False
388,14,128,5,False
388,14,175,5,False
388,14,226,5,False
389,12,121,1,True
389,12,136,1,True
389,12,243,1,True
389,12,121,2,True
389,12,136,2,False
389,12,243,2,False
389,12,121,3,True
389,12,136,3,False
389,12,243,3,False
389,12,121,4,False
389,12,136,4,False
389,12,243,4,False
389,14,8,1,True
389,14,28,1,False
389,14,36,1,False
389,14,65,1,False
389,14,70,1,True
389,14,115,1,False
389,14,128,1,False
389,14,175,1,False
389,14,226,1,False
389,14,8,2,False
389,14,28,2,True
389,14,36,2,True
389,14,65,2,False
389,14,70,2,True
389,14,115,2,False
389,14,128,2,False
389,14,175,2,False
389,14,226,2,False
389,14,8,3,False
389,14,28,3,False
389,14,36,3,False
389,14,65,3,False
389,14,70,3,True
389,14,115,3,True
389,14,128,3,False
389,14,175,3,True
389,14,226,3,False
389,14,8,4,False
389,14,28,4,False
389,14,36,4,False
389,14,65,4,False
389,14,70,4,True
389,14,115,4,True
389,14,128,4,False
389,14,175,4,True
389,14,226,4,False
389,14,8,5,False
389,14,28,5,False
389,14,36,5,False
389,14,65,5,False
389,14,70,5,True
389,14,115,5,False
389,14,128,5,False
389,14,175,5,True
389,14,226,5,False
390,12,121,1,True
390,12,136,1,True
390,12,243,1,False
390,12,121,2,True
390,12,136,2,True
390,12,243,2,False
390,12,121,3,True
390,12,136,3,True
390,12,243,3,False
390,12,121,4,False
390,12,136,4,True
390,12,243,4,True
390,14,8,1,True
390,14,28,1,False
390,14,36,1,False
390,14,65,1,True
390,14,70,1,True
390,14,115,1,False
390,14,128,1,True
390,14,175,1,False
390,14,226,1,False
390,14,8,2,False
390,14,28,2,False
390,14,36,2,True
390,14,65,2,False
390,14,70,2,True
390,14,115,2,False
390,14,128,2,False
390,14,175,2,False
390,14,226,2,True
390,14,8,3,False
390,14,28,3,False
390,14,36,3,False
390,14,65,3,True
390,14,70,3,True
390,14,115,3,False
390,14,128,3,True
390,14,175,3,False
390,14,226,3,False
390,14,8,4,False
390,14,28,4,False
390,14,36,4,False
390,14,65,4,True
390,14,70,4,False
390,14,115,4,False
390,14,128,4,False
390,14,175,4,False
390,14,226,4,False
390,14,8,5,False
390,14,28,5,False
390,14,36,5,False
390,14,65,5,False
390,14,70,5,True
390,14,115,5,False
390,14,128,5,True
390,14,175,5,False
390,14,226,5,False
391,12,121,1,True
391,12,136,1,False
391,12,243,1,False
391,12,121,2,True
391,12,136,2,False
391,12,243,2,False
391,12,121,3,True
391,12,136,3,False
391,12,243,3,False
391,12,121,4,False
391,12,136,4,False
391,12,243,4,False
391,13,180,2,False
391,13,189,2,False
391,14,8,1,True
391,14,28,1,False
391,14,36,1,False
391,14,65,1,True
391,14,70,1,True
391,14,115,1,True
391,14,128,1,True
391,14,175,1,False
391,14,226,1,False
391,14,8,2,False
391,14,28,2,True
391,14,36,2,True
391,14,65,2,False
391,14,70,2,True
391,14,115,2,False
391,14,128,2,False
391,14,175,2,True
391,14,226,2,True
391,14,8,3,True
391,14,28,3,True
391,14,36,3,False
391,14,65,3,True
391,14,70,3,True
391,14,115,3,True
391,14,128,3,True
391,14,175,3,False
391,14,226,3,False
391,14,8,4,False
391,14,28,4,True
391,14,36,4,False
391,14,65,4,False
391,14,70,4,False
391,14,115,4,False
391,14,128,4,False
391,14,175,4,False
391,14,226,4,False
391,14,8,5,True
391,14,28,5,False
391,14,36,5,False
391,14,65,5,False
391,14,70,5,True
391,14,115,5,False
391,14,128,5,True
391,14,175,5,False
391,14,226,5,True
392,12,121,1,True
392,12,136,1,True
392,12,243,1,False
392,12,121,2,True
392,12,136,2,True
392,12,243,2,False
392,12,121,3,True
392,12,136,3,True
392,12,243,3,False
392,12,121,4,True
392,12,136,4,True
392,12,243,4,True
392,13,180,1,False
392,13,189,1,False
392,13,180,2,False
392,13,189,2,False
392,13,180,3,False
392,13,189,3,False
392,13,180,4,False
392,13,189,4,False
392,14,8,1,True
392,14,28,1,False
392,14,36,1,False
392,14,65,1,False
392,14,70,1,False
392,14,115,1,True
392,14,128,1,True
392,14,175,1,False
392,14,226,1,False
392,14,8,2,False
392,14,28,2,True
392,14,36,2,True
392,14,65,2,True
392,14,70,2,False
392,14,115,2,False
392,14,128,2,False
392,14,175,2,False
392,14,226,2,True
392,14,8,3,False
392,14,28,3,False
392,14,36,3,False
392,14,65,3,True
392,14,70,3,True
392,14,115,3,False
392,14,128,3,False
392,14,175,3,False
392,14,226,3,False
392,14,8,4,False
392,14,28,4,False
392,14,36,4,False
392,14,65,4,False
392,14,70,4,False
392,14,115,4,True
392,14,128,4,False
392,14,175,4,False
392,14,226,4,False
392,14,8,5,False
392,14,28,5,False
392,14,36,5,False
392,14,65,5,True
392,14,70,5,True
392,14,115,5,False
392,14,128,5,True
392,14,175,5,False
392,14,226,5,False
393,12,121,1,True
393,12,136,1,True
393,12,243,1,False
393,12,121,2,True
393,12,136,2,False
393,12,243,2,False
393,12,121,3,True
393,12,136,3,False
393,12,243,3,False
393,12,121,4,False
393,12,136,4,True
393,12,243,4,True
393,13,180,1,False
393,13,189,1,False
393,13,180,2,False
393,13,189,2,False
393,13,180,3,False
393,13,189,3,False
393,13,180,4,False
393,13,189,4,False
393,14,8,5,False
393,14,28,5,False
393,14,36,5,False
393,14,65,5,False
393,14,70,5,False
393,14,115,5,False
393,14,128,5,False
393,14,175,5,False
393,14,226,5,False
394,12,121,1,True
394,12,136,1,True
394,12,243,1,False
394,12,121,2,True
394,12,136,2,True
394,12,243,2,False
394,12,121,3,True
394,12,136,3,True
394,12,243,3,False
394,12,121,4,False
394,12,136,4,True
394,12,243,4,True
394,13,180,1,False
394,13,189,1,True
394,13,180,2,False
394,13,189,2,True
394,13,180,3,False
394,13,189,3,False
394,13,180,4,False
394,13,189,4,False
394,14,8,1,False
394,14,28,1,False
394,14,36,1,False
394,14,65,1,False
394,14,70,1,False
394,14,115,1,False
394,14,128,1,False
394,14,175,1,False
394,14,226,1,False
394,14,8,2,False
394,14,28,2,False
394,14,36,2,False
394,14,65,2,False
394,14,70,2,False
394,14,115,2,False
394,14,128,2,False
394,14,175,2,False
394,14,226,2,False
394,14,8,5,False
394,14,28,5,False
394,14,36,5,False
394,14,65,5,False
394,14,70,5,False
394,14,115,5,False
394,14,128,5,False
394,14,175,5,False
394,14,226,5,False
395,13,180,1,False
395,13,189,1,False
395,13,180,2,False
395,13,189,2,False
395,13,180,3,False
395,13,189,3,False
395,13,180,4,False
395,13,189,4,False
395,14,8,1,True
395,14,28,1,False
395,14,36,1,False
395,14,65,1,True
395,14,70,1,False
395,14,115,1,False
395,14,128,1,True
395,14,175,1,False
395,14,226,1,False
395,14,8,2,False
395,14,28,2,True
395,14,36,2,True
395,14,65,2,False
395,14,70,2,True
395,14,115,2,False
395,14,128,2,False
395,14,175,2,False
395,14,226,2,False
395,14,8,3,False
395,14,28,3,False
395,14,36,3,True
395,14,65,3,True
395,14,70,3,True
395,14,115,3,True
395,14,128,3,False
395,14,175,3,False
395,14,226,3,False
395,14,8,4,False
395,14,28,4,False
395,14,36,4,False
395,14,65,4,False
395,14,70,4,True
395,14,115,4,True
395,14,128,4,False
395,14,175,4,True
395,14,226,4,True
395,14,8,5,False
395,14,28,5,True
395,14,36,5,False
395,14,65,5,True
395,14,70,5,False
395,14,115,5,True
395,14,128,5,False
395,14,175,5,True
395,14,226,5,False
396,13,180,1,False
396,13,189,1,True
396,13,180,2,False
396,13,189,2,False
396,13,180,3,False
396,13,189,3,False
396,13,180,4,False
396,13,189,4,False
396,14,8,1,True
396,14,28,1,False
396,14,36,1,False
396,14,65,1,True
396,14,70,1,True
396,14,115,1,True
396,14,128,1,True
396,14,175,1,False
396,14,226,1,False
396,14,8,2,False
396,14,28,2,True
396,14,36,2,True
396,14,65,2,False
396,14,70,2,True
396,14,115,2,False
396,14,128,2,False
396,14,175,2,False
396,14,226,2,True
396,14,8,3,True
396,14,28,3,False
396,14,36,3,True
396,14,65,3,True
396,14,70,3,True
396,14,115,3,True
396,14,128,3,True
396,14,175,3,True
396,14,226,3,False
396,14,8,4,True
396,14,28,4,True
396,14,36,4,True
396,14,65,4,True
396,14,70,4,True
396,14,115,4,True
396,14,128,4,True
396,14,175,4,False
396,14,226,4,True
396,14,8,5,True
396,14,28,5,True
396,14,36,5,True
396,14,65,5,True
396,14,70,5,True
396,14,115,5,True
396,14,128,5,True
396,14,175,5,False
396,14,226,5,False
397,14,8,1,False
397,14,28,1,False
397,14,36,1,False
397,14,65,1,False
397,14,70,1,True
397,14,115,1,True
397,14,128,1,True
397,14,175,1,False
397,14,226,1,False
397,14,8,2,False
397,14,28,2,True
397,14,36,2,True
397,14,65,2,False
397,14,70,2,False
397,14,115,2,False
397,14,128,2,False
397,14,175,2,False
397,14,226,2,True
397,14,8,3,False
397,14,28,3,True
397,14,36,3,True
397,14,65,3,False
397,14,70,3,True
397,14,115,3,True
397,14,128,3,True
397,14,175,3,True
397,14,226,3,True
397,14,8,4,False
397,14,28,4,False
397,14,36,4,True
397,14,65,4,False
397,14,70,4,False
397,14,115,4,True
397,14,128,4,True
397,14,175,4,False
397,14,226,4,False
397,14,8,5,False
397,14,28,5,True
397,14,36,5,True
397,14,65,5,False
397,14,70,5,True
397,14,115,5,True
397,14,128,5,True
397,14,175,5,True
397,14,226,5,True
398,12,121,1,True
398,12,136,1,True
398,12,243,1,False
398,12,121,2,True
398,12,136,2,True
398,12,243,2,False
398,12,121,3,True
398,12,136,3,True
398,12,243,3,False
398,12,121,4,False
398,12,136,4,False
398,12,243,4,False
398,14,8,1,False
398,14,28,1,False
398,14,36,1,False
398,14,65,1,True
398,14,70,1,True
398,14,115,1,True
398,14,128,1,True
398,14,175,1,False
398,14,226,1,False
398,14,8,2,False
398,14,28,2,True
398,14,36,2,True
398,14,65,2,False
398,14,70,2,True
398,14,115,2,False
398,14,128,2,True
398,14,175,2,False
398,14,226,2,True
398,14,8,3,False
398,14,28,3,False
398,14,36,3,False
398,14,65,3,False
398,14,70,3,True
398,14,115,3,True
398,14,128,3,True
398,14,175,3,False
398,14,226,3,False
398,14,8,4,False
398,14,28,4,False
398,14,36,4,False
398,14,65,4,False
398,14,70,4,True
398,14,115,4,False
398,14,128,4,True
398,14,175,4,True
398,14,226,4,False
398,14,8,5,False
398,14,28,5,True
398,14,36,5,True
398,14,65,5,False
398,14,70,5,True
398,14,115,5,False
398,14,128,5,True
398,14,175,5,False
398,14,226,5,False
399,12,121,1,True
399,12,136,1,False
399,12,243,1,False
399,12,121,2,True
399,12,136,2,False
399,12,243,2,False
399,12,121,3,True
399,12,136,3,False
399,12,243,3,False
399,12,121,4,False
399,12,136,4,False
399,12,243,4,True
399,13,180,1,False
399,13,189,1,False
399,13,180,2,False
399,13,189,2,False
399,13,180,3,False
399,13,189,3,False
399,13,180,4,False
399,13,189,4,False
399,14,8,1,True
399,14,28,1,False
399,14,36,1,False
399,14,65,1,True
399,14,70,1,True
399,14,115,1,True
399,14,128,1,True
399,14,175,1,True
399,14,226,1,False
399,14,8,2,False
399,14,28,2,True
399,14,36,2,True
399,14,65,2,True
399,14,70,2,True
399,14,115,2,False
399,14,128,2,False
399,14,175,2,False
399,14,226,2,True
399,14,8,3,False
399,14,28,3,False
399,14,36,3,True
399,14,65,3,True
399,14,70,3,True
399,14,115,3,False
399,14,128,3,True
399,14,175,3,False
399,14,226,3,True
399,14,8,4,False
399,14,28,4,True
399,14,36,4,True
399,14,65,4,True
399,14,70,4,True
399,14,115,4,False
399,14,128,4,True
399,14,175,4,False
399,14,226,4,True
399,14,8,5,True
399,14,28,5,False
399,14,36,5,False
399,14,65,5,True
399,14,70,5,True
399,14,115,5,False
399,14,128,5,True
399,14,175,5,False
399,14,226,5,False
400,12,121,1,False
400,12,136,1,False
400,12,243,1,False
400,12,121,2,False
400,12,136,2,False
400,12,243,2,False
400,12,121,3,False
400,12,136,3,False
400,12,243,3,False
400,12,121,4,False
400,12,136,4,False
400,12,243,4,False
400,14,8,1,True
400,14,28,1,False
400,14,36,1,False
400,14,65,1,True
400,14,70,1,True
400,14,115,1,True
400,14,128,1,True
400,14,175,1,False
400,14,226,1,False
400,14,8,2,False
400,14,28,2,True
400,14,36,2,True
400,14,65,2,False
400,14,70,2,True
400,14,115,2,False
400,14,128,2,False
400,14,175,2,False
400,14,226,2,True
400,14,8,3,True
400,14,28,3,True
400,14,36,3,False
400,14,65,3,True
400,14,70,3,True
400,14,115,3,True
400,14,128,3,True
400,14,175,3,False
400,14,226,3,False
400,14,8,4,False
400,14,28,4,False
400,14,36,4,False
400,14,65,4,False
400,14,70,4,True
400,14,115,4,True
400,14,128,4,True
400,14,175,4,False
400,14,226,4,False
400,14,8,5,False
400,14,28,5,True
400,14,36,5,False
400,14,65,5,True
400,14,70,5,True
400,14,115,5,False
400,14,128,5,False
400,14,175,5,True
400,14,226,5,False
401,12,121,1,True
401,12,136,1,False
401,12,243,1,False
401,12,121,2,False
401,12,136,2,False
401,12,243,2,False
401,12,121,3,False
401,12,136,3,False
401,12,243,3,False
401,12,121,4,False
401,12,136,4,False
401,12,243,4,True
401,14,8,1,True
401,14,28,1,False
401,14,36,1,False
401,14,65,1,True
401,14,70,1,True
401,14,115,1,True
401,14,128,1,True
401,14,175,1,True
401,14,226,1,False
401,14,8,2,False
401,14,28,2,True
401,14,36,2,True
401,14,65,2,False
401,14,70,2,True
401,14,115,2,False
401,14,128,2,False
401,14,175,2,False
401,14,226,2,False
401,14,8,3,False
401,14,28,3,False
401,14,36,3,False
401,14,65,3,False
401,14,70,3,False
401,14,115,3,False
401,14,128,3,False
401,14,175,3,False
401,14,226,3,False
401,14,8,4,False
401,14,28,4,False
401,14,36,4,False
401,14,65,4,False
401,14,70,4,False
401,14,115,4,False
401,14,128,4,False
401,14,175,4,False
401,14,226,4,False
401,14,8,5,True
401,14,28,5,True
401,14,36,5,True
401,14,65,5,False
401,14,70,5,True
401,14,115,5,False
401,14,128,5,True
401,14,175,5,True
401,14,226,5,True
402,13,180,1,False
402,13,189,1,False
402,13,180,2,False
402,13,189,2,False
402,13,180,3,False
402,13,189,3,False
402,13,180,4,False
402,13,189,4,False
402,14,8,1,True
402,14,28,1,False
402,14,36,1,False
402,14,65,1,True
402,14,70,1,True
402,14,115,1,False
402,14,128,1,True
402,14,175,1,False
402,14,226,1,False
402,14,8,2,False
402,14,28,2,True
402,14,36,2,True
402,14,65,2,True
402,14,70,2,True
402,14,115,2,False
402,14,128,2,False
402,14,175,2,False
402,14,226,2,True
402,14,8,3,False
402,14,28,3,False
402,14,36,3,True
402,14,65,3,True
402,14,70,3,True
402,14,115,3,True
402,14,128,3,True
402,14,175,3,False
402,14,226,3,False
402,14,8,4,False
402,14,28,4,False
402,14,36,4,True
402,14,65,4,True
402,14,70,4,True
402,14,115,4,False
402,14,128,4,True
402,14,175,4,False
402,14,226,4,True
402,14,8,5,False
402,14,28,5,False
402,14,36,5,False
402,14,65,5,True
402,14,70,5,False
402,14,115,5,False
402,14,128,5,False
402,14,175,5,True
402,14,226,5,True
403,12,121,1,True
403,12,136,1,True
403,12,243,1,True
403,12,121,2,True
403,12,136,2,False
403,12,243,2,False
403,12,121,3,True
403,12,136,3,True
403,12,243,3,True
403,12,121,4,False
403,12,136,4,False
403,12,243,4,True
403,14,8,1,True
403,14,28,1,False
403,14,36,1,False
403,14,65,1,True
403,14,70,1,True
403,14,115,1,True
403,14,128,1,True
403,14,175,1,False
403,14,226,1,False
403,14,8,2,False
403,14,28,2,True
403,14,36,2,True
403,14,65,2,True
403,14,70,2,True
403,14,115,2,False
403,14,128,2,True
403,14,175,2,False
403,14,226,2,True
403,14,8,3,False
403,14,28,3,False
403,14,36,3,False
403,14,65,3,True
403,14,70,3,True
403,14,115,3,True
403,14,128,3,True
403,14,175,3,False
403,14,226,3,False
403,14,8,4,False
403,14,28,4,False
403,14,36,4,False
403,14,65,4,True
403,14,70,4,True
403,14,115,4,False
403,14,128,4,True
403,14,175,4,False
403,14,226,4,True
403,14,8,5,False
403,14,28,5,False
403,14,36,5,False
403,14,65,5,True
403,14,70,5,True
403,14,115,5,True
403,14,128,5,True
403,14,175,5,False
403,14,226,5,True
403,16,7,1,False
403,16,93,1,False
403,16,244,1,False
403,16,7,2,False
403,16,93,2,False
403,16,244,2,False
403,16,7,3,False
403,16,93,3,False
403,16,244,3,False
403,16,7,5,False
403,16,93,5,False
403,16,244,5,False
404,12,121,1,True
404,12,136,1,False
404,12,243,1,False
404,12,121,2,False
404,12,136,2,False
404,12,243,2,False
404,12,121,3,False
404,12,136,3,False
404,12,243,3,False
404,12,121,4,False
404,12,136,4,False
404,12,243,4,False
404,14,8,1,True
404,14,28,1,False
404,14,36,1,False
404,14,65,1,True
404,14,70,1,False
404,14,115,1,False
404,14,128,1,True
404,14,175,1,False
404,14,226,1,False
404,14,8,2,False
404,14,28,2,True
404,14,36,2,True
404,14,65,2,False
404,14,70,2,True
404,14,115,2,False
404,14,128,2,False
404,14,175,2,False
404,14,226,2,True
404,14,8,3,False
404,14,28,3,False
404,14,36,3,True
404,14,65,3,True
404,14,70,3,True
404,14,115,3,False
404,14,128,3,False
404,14,175,3,False
404,14,226,3,True
404,14,8,4,False
404,14,28,4,False
404,14,36,4,False
404,14,65,4,False
404,14,70,4,True
404,14,115,4,False
404,14,128,4,False
404,14,175,4,False
404,14,226,4,True
404,14,8,5,False
404,14,28,5,False
404,14,36,5,True
404,14,65,5,False
404,14,70,5,True
404,14,115,5,False
404,14,128,5,True
404,14,175,5,False
404,14,226,5,True
404,16,7,1,False
404,16,93,1,False
404,16,244,1,False
404,16,7,2,False
404,16,93,2,False
404,16,244,2,False
404,16,7,5,False
404,16,93,5,False
404,16,244,5,False
405,12,121,1,False
405,12,136,1,False
405,12,243,1,False
405,12,121,2,False
405,12,136,2,False
405,12,243,2,False
405,12,121,3,False
405,12,136,3,False
405,12,243,3,False
405,14,8,1,True
405,14,28,1,False
405,14,36,1,False
405,14,65,1,True
405,14,70,1,True
405,14,115,1,False
405,14,128,1,True
405,14,175,1,False
405,14,226,1,False
405,14,8,2,False
405,14,28,2,True
405,14,36,2,True
405,14,65,2,False
405,14,70,2,True
405,14,115,2,False
405,14,128,2,False
405,14,175,2,False
405,14,226,2,False
405,14,8,3,False
405,14,28,3,True
405,14,36,3,True
405,14,65,3,True
405,14,70,3,True
405,14,115,3,True
405,14,128,3,True
405,14,175,3,True
405,14,226,3,False
405,14,8,4,False
405,14,28,4,False
405,14,36,4,False
405,14,65,4,False
405,14,70,4,True
405,14,115,4,False
405,14,128,4,False
405,14,175,4,False
405,14,226,4,True
405,14,8,5,False
405,14,28,5,False
405,14,36,5,True
405,14,65,5,True
405,14,70,5,True
405,14,115,5,False
405,14,128,5,True
405,14,175,5,False
405,14,226,5,False
406,12,121,1,True
406,12,136,1,True
406,12,243,1,False
406,12,121,2,True
406,12,136,2,True
406,12,243,2,False
406,12,121,3,True
406,12,136,3,True
406,12,243,3,False
406,12,121,4,False
406,12,136,4,True
406,12,243,4,True
406,14,8,1,True
406,14,28,1,False
406,14,36,1,False
406,14,65,1,True
406,14,70,1,True
406,14,115,1,True
406,14,128,1,True
406,14,175,1,False
406,14,226,1,False
406,14,8,2,False
406,14,28,2,True
406,14,36,2,True
406,14,65,2,False
406,14,70,2,True
406,14,115,2,False
406,14,128,2,False
406,14,175,2,False
406,14,226,2,True
406,14,8,3,False
406,14,28,3,False
406,14,36,3,False
406,14,65,3,True
406,14,70,3,True
406,14,115,3,False
406,14,128,3,True
406,14,175,3,False
406,14,226,3,False
406,14,8,4,False
406,14,28,4,True
406,14,36,4,False
406,14,65,4,True
406,14,70,4,True
406,14,115,4,True
406,14,128,4,False
406,14,175,4,False
406,14,226,4,False
406,14,8,5,False
406,14,28,5,True
406,14,36,5,False
406,14,65,5,True
406,14,70,5,True
406,14,115,5,True
406,14,128,5,True
406,14,175,5,True
406,14,226,5,False
407,12,121,1,False
407,12,136,1,False
407,12,243,1,False
407,12,121,2,True
407,12,136,2,False
407,12,243,2,False
407,12,121,3,False
407,12,136,3,False
407,12,243,3,False
407,12,121,4,False
407,12,136,4,False
407,12,243,4,False
407,13,180,1,False
407,13,189,1,True
407,13,180,2,False
407,13,189,2,False
407,13,180,3,False
407,13,189,3,False
407,13,180,4,False
407,13,189,4,False
407,14,8,1,True
407,14,28,1,False
407,14,36,1,True
407,14,65,1,True
407,14,70,1,True
407,14,115,1,False
407,14,128,1,True
407,14,175,1,False
407,14,226,1,False
407,14,8,2,False
407,14,28,2,True
407,14,36,2,True
407,14,65,2,True
407,14,70,2,True
407,14,115,2,False
407,14,128,2,False
407,14,175,2,False
407,14,226,2,True
407,14,8,3,False
407,14,28,3,False
407,14,36,3,True
407,14,65,3,True
407,14,70,3,True
407,14,115,3,False
407,14,128,3,False
407,14,175,3,True
407,14,226,3,False
407,14,8,4,False
407,14,28,4,False
407,14,36,4,True
407,14,65,4,True
407,14,70,4,False
407,14,115,4,False
407,14,128,4,False
407,14,175,4,False
407,14,226,4,False
407,14,8,5,False
407,14,28,5,False
407,14,36,5,True
407,14,65,5,True
407,14,70,5,True
407,14,115,5,False
407,14,128,5,False
407,14,175,5,False
407,14,226,5,False
408,12,121,1,True
408,12,136,1,True
408,12,243,1,False
408,12,121,2,True
408,12,136,2,False
408,12,243,2,False
408,12,121,3,True
408,12,136,3,True
408,12,243,3,False
408,12,121,4,False
408,12,136,4,False
408,12,243,4,True
408,13,180,1,False
408,13,189,1,True
408,13,180,2,False
408,13,189,2,False
408,13,180,3,False
408,13,189,3,True
408,13,180,4,False
408,13,189,4,False
408,14,8,1,True
408,14,28,1,False
408,14,36,1,False
408,14,65,1,True
408,14,70,1,False
408,14,115,1,True
408,14,128,1,False
408,14,175,1,True
408,14,226,1,False
408,14,8,2,False
408,14,28,2,True
408,14,36,2,True
408,14,65,2,False
408,14,70,2,False
408,14,115,2,False
408,14,128,2,False
408,14,175,2,False
408,14,226,2,True
408,14,8,3,False
408,14,28,3,False
408,14,36,3,False
408,14,65,3,True
408,14,70,3,True
408,14,115,3,False
408,14,128,3,False
408,14,175,3,False
408,14,226,3,False
408,14,8,4,False
408,14,28,4,False
408,14,36,4,True
408,14,65,4,False
408,14,70,4,False
408,14,115,4,False
408,14,128,4,False
408,14,175,4,False
408,14,226,4,False
408,14,8,5,False
408,14,28,5,True
408,14,36,5,False
408,14,65,5,False
408,14,70,5,False
408,14,115,5,False
408,14,128,5,False
408,14,175,5,False
408,14,226,5,False
408,15,179,1,False
408,15,249,1,True
408,15,179,2,False
408,15,249,2,False
408,15,179,3,False
408,15,249,3,False
408,15,179,5,False
408,15,249,5,False
409,12,121,1,True
409,12,136,1,True
409,12,243,1,False
409,12,121,2,True
409,12,136,2,True
409,12,243,2,False
409,12,121,3,True
409,12,136,3,True
409,12,243,3,False
409,12,121,4,True
409,12,136,4,True
409,12,243,4,False
409,14,8,1,True
409,14,28,1,False
409,14,36,1,False
409,14,65,1,False
409,14,70,1,False
409,14,115,1,True
409,14,128,1,True
409,14,175,1,False
409,14,226,1,False
409,14,8,2,False
409,14,28,2,True
409,14,36,2,True
409,14,65,2,False
409,14,70,2,False
409,14,115,2,False
409,14,128,2,False
409,14,175,2,False
409,14,226,2,True
409,14,8,3,False
409,14,28,3,False
409,14,36,3,False
409,14,65,3,True
409,14,70,3,True
409,14,115,3,True
409,14,128,3,True
409,14,175,3,True
409,14,226,3,False
409,14,8,4,False
409,14,28,4,False
409,14,36,4,False
409,14,65,4,False
409,14,70,4,False
409,14,115,4,False
409,14,128,4,False
409,14,175,4,False
409,14,226,4,False
409,14,8,5,False
409,14,28,5,False
409,14,36,5,False
409,14,65,5,True
409,14,70,5,False
409,14,115,5,True
409,14,128,5,False
409,14,175,5,True
409,14,226,5,False
410,12,121,1,True
410,12,136,1,True
410,12,243,1,False
410,12,121,2,True
410,12,136,2,False
410,12,243,2,False
410,12,121,3,True
410,12,136,3,True
410,12,243,3,False
410,12,121,4,False
410,12,136,4,True
410,12,243,4,True
410,13,180,2,False
410,13,189,2,False
410,13,180,3,False
410,13,189,3,False
410,14,8,2,False
410,14,28,2,True
410,14,36,2,True
410,14,65,2,False
410,14,70,2,False
410,14,115,2,False
410,14,128,2,False
410,14,175,2,False
410,14,226,2,False
410,14,8,3,False
410,14,28,3,False
410,14,36,3,False
410,14,65,3,False
410,14,70,3,True
410,14,115,3,True
410,14,128,3,False
410,14,175,3,False
410,14,226,3,False
410,14,8,4,False
410,14,28,4,False
410,14,36,4,False
410,14,65,4,False
410,14,70,4,False
410,14,115,4,False
410,14,128,4,False
410,14,175,4,False
410,14,226,4,False
410,14,8,5,False
410,14,28,5,True
410,14,36,5,False
410,14,65,5,False
410,14,70,5,False
410,14,115,5,True
410,14,128,5,False
410,14,175,5,False
410,14,226,5,False
411,12,121,1,True
411,12,136,1,False
411,12,243,1,False
411,12,121,2,False
411,12,136,2,False
411,12,243,2,False
411,12,121,3,False
411,12,136,3,False
411,12,243,3,False
411,12,121,4,False
411,12,136,4,False
411,12,243,4,True
411,13,180,1,False
411,13,189,1,False
411,13,180,2,False
411,13,189,2,False
411,13,180,4,False
411,13,189,4,False
411,14,8,1,True
411,14,28,1,False
411,14,36,1,False
411,14,65,1,True
411,14,70,1,False
411,14,115,1,False
411,14,128,1,True
411,14,175,1,False
411,14,226,1,False
411,14,8,2,False
411,14,28,2,True
411,14,36,2,True
411,14,65,2,True
411,14,70,2,True
411,14,115,2,False
411,14,128,2,True
411,14,175,2,True
411,14,226,2,True
411,14,8,3,False
411,14,28,3,False
411,14,36,3,False
411,14,65,3,True
411,14,70,3,True
411,14,115,3,False
411,14,128,3,True
411,14,175,3,False
411,14,226,3,False
411,14,8,4,False
411,14,28,4,False
411,14,36,4,False
411,14,65,4,True
411,14,70,4,True
411,14,115,4,False
411,14,128,4,True
411,14,175,4,False
411,14,226,4,False
411,14,8,5,False
411,14,28,5,False
411,14,36,5,False
411,14,65,5,True
411,14,70,5,False
411,14,115,5,False
411,14,128,5,True
411,14,175,5,False
411,14,226,5,False
411,16,7,1,False
411,16,93,1,False
411,16,244,1,False
411,16,7,2,False
411,16,93,2,False
411,16,244,2,False
411,16,7,5,False
411,16,93,5,False
411,16,244,5,False
412,12,121,1,True
412,12,136,1,True
412,12,243,1,True
412,12,121,2,True
412,12,136,2,False
412,12,243,2,False
412,12,121,3,True
412,12,136,3,True
412,12,243,3,False
412,12,121,4,False
412,12,136,4,True
412,12,243,4,True
412,13,180,1,False
412,13,189,1,False
412,13,180,2,False
412,13,189,2,False
412,13,180,3,False
412,13,189,3,False
412,13,180,4,False
412,13,189,4,False
412,14,8,2,False
412,14,28,2,True
412,14,36,2,True
412,14,65,2,True
412,14,70,2,True
412,14,115,2,False
412,14,128,2,False
412,14,175,2,True
412,14,226,2,False
412,14,8,3,True
412,14,28,3,False
412,14,36,3,False
412,14,65,3,True
412,14,70,3,True
412,14,115,3,True
412,14,128,3,False
412,14,175,3,True
412,14,226,3,False
412,14,8,4,False
412,14,28,4,False
412,14,36,4,False
412,14,65,4,False
412,14,70,4,False
412,14,115,4,False
412,14,128,4,False
412,14,175,4,True
412,14,226,4,True
412,14,8,5,True
412,14,28,5,False
412,14,36,5,False
412,14,65,5,False
412,14,70,5,False
412,14,115,5,True
412,14,128,5,False
412,14,175,5,False
412,14,226,5,False
412,15,179,2,False
412,15,249,2,False
412,15,179,5,False
412,15,249,5,False
412,16,7,2,False
412,16,93,2,False
412,16,244,2,False
412,16,7,5,False
412,16,93,5,False
412,16,244,5,False
413,12,121,1,False
413,12,136,1,False
413,12,243,1,False
413,12,121,2,False
413,12,136,2,False
413,12,243,2,False
413,12,121,3,False
413,12,136,3,False
413,12,243,3,False
413,12,121,4,False
413,12,136,4,False
413,12,243,4,False
413,14,8,1,True
413,14,28,1,False
413,14,36,1,False
413,14,65,1,True
413,14,70,1,False
413,14,115,1,True
413,14,128,1,True
413,14,175,1,False
413,14,226,1,False
413,14,8,2,False
413,14,28,2,True
413,14,36,2,True
413,14,65,2,False
413,14,70,2,True
413,14,115,2,False
413,14,128,2,False
413,14,175,2,False
413,14,226,2,False
413,14,8,3,False
413,14,28,3,False
413,14,36,3,False
413,14,65,3,True
413,14,70,3,True
413,14,115,3,False
413,14,128,3,False
413,14,175,3,True
413,14,226,3,False
413,14,8,4,False
413,14,28,4,False
413,14,36,4,True
413,14,65,4,False
413,14,70,4,False
413,14,115,4,False
413,14,128,4,False
413,14,175,4,False
413,14,226,4,False
413,14,8,5,False
413,14,28,5,False
413,14,36,5,False
413,14,65,5,False
413,14,70,5,False
413,14,115,5,False
413,14,128,5,False
413,14,175,5,False
413,14,226,5,False
414,12,121,1,False
414,12,136,1,False
414,12,243,1,False
414,12,121,2,False
414,12,136,2,False
414,12,243,2,False
414,12,121,4,False
414,12,136,4,False
414,12,243,4,False
414,14,8,1,True
414,14,28,1,True
414,14,36,1,True
414,14,65,1,True
414,14,70,1,True
414,14,115,1,False
414,14,128,1,True
414,14,175,1,True
414,14,226,1,False
414,14,8,2,False
414,14,28,2,True
414,14,36,2,True
414,14,65,2,True
414,14,70,2,True
414,14,115,2,False
414,14,128,2,True
414,14,175,2,True
414,14,226,2,True
414,14,8,3,True
414,14,28,3,True
414,14,36,3,False
414,14,65,3,True
414,14,70,3,True
414,14,115,3,True
414,14,128,3,True
414,14,175,3,True
414,14,226,3,False
414,14,8,4,False
414,14,28,4,True
414,14,36,4,False
414,14,65,4,True
414,14,70,4,True
414,14,115,4,False
414,14,128,4,True
414,14,175,4,False
414,14,226,4,False
414,14,8,5,True
414,14,28,5,True
414,14,36,5,True
414,14,65,5,True
414,14,70,5,True
414,14,115,5,True
414,14,128,5,True
414,14,175,5,True
414,14,226,5,True
415,12,121,1,False
415,12,136,1,False
415,12,243,1,False
415,12,121,2,False
415,12,136,2,False
415,12,243,2,False
415,12,121,3,False
415,12,136,3,False
415,12,243,3,False
415,12,121,4,False
415,12,136,4,False
415,12,243,4,False
415,14,8,1,True
415,14,28,1,False
415,14,36,1,False
415,14,65,1,True
415,14,70,1,True
415,14,115,1,True
415,14,128,1,True
415,14,175,1,False
415,14,226,1,False
415,14,8,2,False
415,14,28,2,True
415,14,36,2,True
415,14,65,2,True
415,14,70,2,True
415,14,115,2,False
415,14,128,2,False
415,14,175,2,False
415,14,226,2,True
415,14,8,3,False
415,14,28,3,False
415,14,36,3,True
415,14,65,3,True
415,14,70,3,True
415,14,115,3,False
415,14,128,3,True
415,14,175,3,False
415,14,226,3,False
415,14,8,4,False
415,14,28,4,False
415,14,36,4,False
415,14,65,4,True
415,14,70,4,True
415,14,115,4,False
415,14,128,4,True
415,14,175,4,False
415,14,226,4,False
415,14,8,5,False
415,14,28,5,True
415,14,36,5,False
415,14,65,5,True
415,14,70,5,False
415,14,115,5,False
415,14,128,5,True
415,14,175,5,False
415,14,226,5,False
416,12,121,1,False
416,12,136,1,False
416,12,243,1,False
416,12,121,2,False
416,12,136,2,False
416,12,243,2,False
416,12,121,3,False
416,12,136,3,False
416,12,243,3,False
416,14,8,1,True
416,14,28,1,False
416,14,36,1,False
416,14,65,1,True
416,14,70,1,False
416,14,115,1,False
416,14,128,1,True
416,14,175,1,True
416,14,226,1,False
416,14,8,2,False
416,14,28,2,True
416,14,36,2,True
416,14,65,2,False
416,14,70,2,False
416,14,115,2,False
416,14,128,2,False
416,14,175,2,True
416,14,226,2,True
416,14,8,3,True
416,14,28,3,False
416,14,36,3,False
416,14,65,3,False
416,14,70,3,False
416,14,115,3,True
416,14,128,3,True
416,14,175,3,False
416,14,226,3,False
416,14,8,4,False
416,14,28,4,False
416,14,36,4,False
416,14,65,4,False
416,14,70,4,False
416,14,115,4,False
416,14,128,4,False
416,14,175,4,False
416,14,226,4,False
416,14,8,5,True
416,14,28,5,False
416,14,36,5,False
416,14,65,5,False
416,14,70,5,False
416,14,115,5,True
416,14,128,5,False
416,14,175,5,False
416,14,226,5,True
416,16,7,1,False
416,16,93,1,False
416,16,244,1,False
416,16,7,2,False
416,16,93,2,False
416,16,244,2,False
416,16,7,5,False
416,16,93,5,False
416,16,244,5,False
417,14,8,1,True
417,14,28,1,False
417,14,36,1,False
417,14,65,1,True
417,14,70,1,True
417,14,115,1,True
417,14,128,1,True
417,14,175,1,False
417,14,226,1,False
417,14,8,2,False
417,14,28,2,True
417,14,36,2,True
417,14,65,2,True
417,14,70,2,True
417,14,115,2,False
417,14,128,2,False
417,14,175,2,False
417,14,226,2,True
417,14,8,3,False
417,14,28,3,False
417,14,36,3,True
417,14,65,3,True
417,14,70,3,True
417,14,115,3,True
417,14,128,3,False
417,14,175,3,True
417,14,226,3,False
417,14,8,4,False
417,14,28,4,True
417,14,36,4,False
417,14,65,4,True
417,14,70,4,True
417,14,115,4,False
417,14,128,4,False
417,14,175,4,False
417,14,226,4,False
417,14,8,5,True
417,14,28,5,True
417,14,36,5,False
417,14,65,5,True
417,14,70,5,True
417,14,115,5,True
417,14,128,5,True
417,14,175,5,True
417,14,226,5,False
417,15,179,2,False
417,15,249,2,False
417,15,179,3,False
417,15,249,3,False
417,15,179,4,False
417,15,249,4,False
417,15,179,5,False
417,15,249,5,False
418,12,121,1,False
418,12,136,1,False
418,12,243,1,False
418,12,121,2,False
418,12,136,2,False
418,12,243,2,False
418,12,121,3,False
418,12,136,3,False
418,12,243,3,False
418,12,121,4,False
418,12,136,4,False
418,12,243,4,False
418,13,180,1,False
418,13,189,1,False
418,13,180,2,False
418,13,189,2,False
418,13,180,3,False
418,13,189,3,False
418,14,8,1,True
418,14,28,1,False
418,14,36,1,False
418,14,65,1,False
418,14,70,1,False
418,14,115,1,True
418,14,128,1,True
418,14,175,1,False
418,14,226,1,False
418,14,8,2,False
418,14,28,2,True
418,14,36,2,True
418,14,65,2,False
418,14,70,2,False
418,14,115,2,False
418,14,128,2,False
418,14,175,2,False
418,14,226,2,False
418,14,8,3,True
418,14,28,3,False
418,14,36,3,False
418,14,65,3,True
418,14,70,3,False
418,14,115,3,True
418,14,128,3,True
418,14,175,3,False
418,14,226,3,False
418,14,8,4,True
418,14,28,4,False
418,14,36,4,False
418,14,65,4,False
418,14,70,4,False
418,14,115,4,True
418,14,128,4,False
418,14,175,4,True
418,14,226,4,True
418,14,8,5,True
418,14,28,5,False
418,14,36,5,False
418,14,65,5,False
418,14,70,5,False
418,14,115,5,True
418,14,128,5,False
418,14,175,5,True
418,14,226,5,True
419,14,8,1,True
419,14,28,1,False
419,14,36,1,True
419,14,65,1,True
419,14,70,1,True
419,14,115,1,True
419,14,128,1,True
419,14,175,1,False
419,14,226,1,False
419,14,8,2,False
419,14,28,2,True
419,14,36,2,True
419,14,65,2,False
419,14,70,2,True
419,14,115,2,False
419,14,128,2,True
419,14,175,2,True
419,14,226,2,True
419,14,8,3,True
419,14,28,3,True
419,14,36,3,True
419,14,65,3,True
419,14,70,3,True
419,14,115,3,True
419,14,128,3,True
419,14,175,3,True
419,14,226,3,True
419,14,8,4,False
419,14,28,4,False
419,14,36,4,True
419,14,65,4,True
419,14,70,4,True
419,14,115,4,False
419,14,128,4,False
419,14,175,4,True
419,14,226,4,False
419,14,8,5,False
419,14,28,5,True
419,14,36,5,True
419,14,65,5,True
419,14,70,5,True
419,14,115,5,False
419,14,128,5,True
419,14,175,5,False
419,14,226,5,False
420,12,121,1,True
420,12,136,1,False
420,12,243,1,False
420,12,121,2,True
420,12,136,2,False
420,12,243,2,False
420,12,121,3,True
420,12,136,3,False
420,12,243,3,False
420,12,121,4,False
420,12,136,4,False
420,12,243,4,True
420,14,8,1,False
420,14,28,1,False
420,14,36,1,False
420,14,65,1,False
420,14,70,1,False
420,14,115,1,False
420,14,128,1,True
420,14,175,1,False
420,14,226,1,False
420,14,8,2,False
420,14,28,2,False
420,14,36,2,False
420,14,65,2,False
420,14,70,2,True
420,14,115,2,False
420,14,128,2,False
420,14,175,2,False
420,14,226,2,False
420,14,8,3,False
420,14,28,3,True
420,14,36,3,True
420,14,65,3,True
420,14,70,3,True
420,14,115,3,False
420,14,128,3,False
420,14,175,3,True
420,14,226,3,False
420,14,8,4,False
420,14,28,4,True
420,14,36,4,False
420,14,65,4,False
420,14,70,4,False
420,14,115,4,False
420,14,128,4,False
420,14,175,4,False
420,14,226,4,False
420,14,8,5,False
420,14,28,5,False
420,14,36,5,False
420,14,65,5,False
420,14,70,5,False
420,14,115,5,False
420,14,128,5,True
420,14,175,5,False
420,14,226,5,False
421,12,121,1,False
421,12,136,1,False
421,12,243,1,False
421,12,121,2,False
421,12,136,2,False
421,12,243,2,False
421,12,121,3,False
421,12,136,3,False
421,12,243,3,False
421,12,121,4,False
421,12,136,4,False
421,12,243,4,False
421,13,180,1,False
421,13,189,1,False
421,13,180,2,False
421,13,189,2,False
421,13,180,3,False
421,13,189,3,False
421,13,180,4,False
421,13,189,4,False
421,14,8,1,True
421,14,28,1,False
421,14,36,1,False
421,14,65,1,True
421,14,70,1,False
421,14,115,1,True
421,14,128,1,True
421,14,175,1,False
421,14,226,1,False
421,14,8,2,False
421,14,28,2,True
421,14,36,2,True
421,14,65,2,True
421,14,70,2,False
421,14,115,2,False
421,14,128,2,False
421,14,175,2,False
421,14,226,2,True
421,14,8,3,True
421,14,28,3,True
421,14,36,3,False
421,14,65,3,True
421,14,70,3,False
421,14,115,3,True
421,14,128,3,True
421,14,175,3,True
421,14,226,3,True
421,14,8,4,False
421,14,28,4,False
421,14,36,4,False
421,14,65,4,True
421,14,70,4,True
421,14,115,4,True
421,14,128,4,False
421,14,175,4,True
421,14,226,4,True
421,14,8,5,True
421,14,28,5,False
421,14,36,5,False
421,14,65,5,True
421,14,70,5,False
421,14,115,5,True
421,14,128,5,True
421,14,175,5,True
421,14,226,5,True
421,16,7,1,False
421,16,93,1,True
421,16,244,1,True
421,16,7,2,False
421,16,93,2,True
421,16,244,2,False
421,16,7,3,False
421,16,93,3,True
421,16,244,3,False
421,16,7,4,False
421,16,93,4,True
421,16,244,4,False
421,16,7,5,False
421,16,93,5,True
421,16,244,5,False
422,12,121,1,True
422,12,136,1,False
422,12,243,1,False
422,12,121,2,True
422,12,136,2,False
422,12,243,2,False
422,12,121,3,True
422,12,136,3,False
422,12,243,3,False
422,12,121,4,False
422,12,136,4,False
422,12,243,4,True
422,13,180,1,False
422,13,189,1,False
422,13,180,2,False
422,13,189,2,False
422,13,180,3,False
422,13,189,3,False
422,13,180,4,False
422,13,189,4,False
422,14,8,1,False
422,14,28,1,False
422,14,36,1,False
422,14,65,1,False
422,14,70,1,False
422,14,115,1,False
422,14,128,1,False
422,14,175,1,True
422,14,226,1,False
422,14,8,2,False
422,14,28,2,True
422,14,36,2,False
422,14,65,2,False
422,14,70,2,False
422,14,115,2,False
422,14,128,2,False
422,14,175,2,False
422,14,226,2,False
422,14,8,3,False
422,14,28,3,False
422,14,36,3,False
422,14,65,3,False
422,14,70,3,False
422,14,115,3,False
422,14,128,3,True
422,14,175,3,False
422,14,226,3,False
422,14,8,4,False
422,14,28,4,False
422,14,36,4,True
422,14,65,4,False
422,14,70,4,False
422,14,115,4,False
422,14,128,4,False
422,14,175,4,True
422,14,226,4,True
422,14,8,5,False
422,14,28,5,False
422,14,36,5,False
422,14,65,5,False
422,14,70,5,False
422,14,115,5,False
422,14,128,5,False
422,14,175,5,True
422,14,226,5,True
423,12,121,1,True
423,12,136,1,True
423,12,243,1,False
423,12,121,2,True
423,12,136,2,False
423,12,243,2,False
423,12,121,3,True
423,12,136,3,True
423,12,243,3,False
423,12,121,4,False
423,12,136,4,True
423,12,243,4,True
423,13,180,1,False
423,13,189,1,False
423,13,180,2,False
423,13,189,2,False
423,13,180,3,False
423,13,189,3,False
423,14,8,1,True
423,14,28,1,False
423,14,36,1,False
423,14,65,1,True
423,14,70,1,True
423,14,115,1,True
423,14,128,1,True
423,14,175,1,False
423,14,226,1,False
423,14,8,2,False
423,14,28,2,True
423,14,36,2,True
423,14,65,2,False
423,14,70,2,False
423,14,115,2,False
423,14,128,2,False
423,14,175,2,True
423,14,226,2,True
423,14,8,3,False
423,14,28,3,False
423,14,36,3,False
423,14,65,3,True
423,14,70,3,True
423,14,115,3,True
423,14,128,3,False
423,14,175,3,False
423,14,226,3,False
423,14,8,4,False
423,14,28,4,False
423,14,36,4,False
423,14,65,4,False
423,14,70,4,False
423,14,115,4,True
423,14,128,4,False
423,14,175,4,False
423,14,226,4,False
423,14,8,5,False
423,14,28,5,False
423,14,36,5,False
423,14,65,5,False
423,14,70,5,False
423,14,115,5,False
423,14,128,5,False
423,14,175,5,False
423,14,226,5,False
424,12,121,1,False
424,12,136,1,False
424,12,243,1,False
424,12,121,2,False
424,12,136,2,False
424,12,243,2,False
424,12,121,3,False
424,12,136,3,False
424,12,243,3,False
424,12,121,4,False
424,12,136,4,False
424,12,243,4,False
424,14,8,1,True
424,14,28,1,False
424,14,36,1,False
424,14,65,1,True
424,14,70,1,True
424,14,115,1,True
424,14,128,1,True
424,14,175,1,False
424,14,226,1,False
424,14,8,2,False
424,14,28,2,True
424,14,36,2,True
424,14,65,2,False
424,14,70,2,True
424,14,115,2,False
424,14,128,2,False
424,14,175,2,False
424,14,226,2,True
424,14,8,3,False
424,14,28,3,False
424,14,36,3,True
424,14,65,3,True
424,14,70,3,True
424,14,115,3,False
424,14,128,3,True
424,14,175,3,True
424,14,226,3,False
424,14,8,4,False
424,14,28,4,False
424,14,36,4,False
424,14,65,4,True
424,14,70,4,True
424,14,115,4,False
424,14,128,4,True
424,14,175,4,False
424,14,226,4,False
424,14,8,5,False
424,14,28,5,False
424,14,36,5,False
424,14,65,5,True
424,14,70,5,True
424,14,115,5,False
424,14,128,5,True
424,14,175,5,False
424,14,226,5,False
425,12,121,1,False
425,12,136,1,True
425,12,243,1,False
425,12,121,2,True
425,12,136,2,False
425,12,243,2,False
425,12,121,3,False
425,12,136,3,True
425,12,243,3,False
425,12,121,4,False
425,12,136,4,True
425,12,243,4,True
425,13,180,1,False
425,13,189,1,False
425,13,180,2,False
425,13,189,2,False
425,13,180,3,False
425,13,189,3,False
425,13,180,4,False
425,13,189,4,False
425,14,8,1,True
425,14,28,1,False
425,14,36,1,False
425,14,65,1,True
425,14,70,1,True
425,14,115,1,True
425,14,128,1,True
425,14,175,1,False
425,14,226,1,False
425,14,8,2,False
425,14,28,2,True
425,14,36,2,True
425,14,65,2,False
425,14,70,2,True
425,14,115,2,False
425,14,128,2,False
425,14,175,2,False
425,14,226,2,True
425,14,8,3,False
425,14,28,3,False
425,14,36,3,True
425,14,65,3,True
425,14,70,3,True
425,14,115,3,True
425,14,128,3,False
425,14,175,3,False
425,14,226,3,False
425,14,8,4,False
425,14,28,4,True
425,14,36,4,True
425,14,65,4,True
425,14,70,4,True
425,14,115,4,False
425,14,128,4,False
425,14,175,4,False
425,14,226,4,False
425,14,8,5,False
425,14,28,5,False
425,14,36,5,True
425,14,65,5,True
425,14,70,5,True
425,14,115,5,False
425,14,128,5,True
425,14,175,5,False
425,14,226,5,False
425,16,7,1,False
425,16,93,1,False
425,16,244,1,False
425,16,7,4,False
425,16,93,4,False
425,16,244,4,False
425,16,7,5,False
425,16,93,5,False
425,16,244,5,False
426,12,121,1,False
426,12,136,1,False
426,12,243,1,False
426,12,121,2,False
426,12,136,2,False
426,12,243,2,False
426,12,121,3,False
426,12,136,3,False
426,12,243,3,False
426,12,121,4,False
426,12,136,4,False
426,12,243,4,False
426,13,180,1,False
426,13,189,1,False
426,13,180,2,False
426,13,189,2,False
426,13,180,3,False
426,13,189,3,True
426,13,180,4,False
426,13,189,4,False
426,14,8,1,False
426,14,28,1,False
426,14,36,1,False
426,14,65,1,False
426,14,70,1,False
426,14,115,1,False
426,14,128,1,False
426,14,175,1,False
426,14,226,1,False
426,14,8,5,True
426,14,28,5,False
426,14,36,5,False
426,14,65,5,False
426,14,70,5,False
426,14,115,5,False
426,14,128,5,True
426,14,175,5,False
426,14,226,5,False
426,15,179,1,False
426,15,249,1,False
426,15,179,5,False
426,15,249,5,True
426,16,7,1,True
426,16,93,1,False
426,16,244,1,False
426,16,7,2,False
426,16,93,2,True
426,16,244,2,False
426,16,7,3,False
426,16,93,3,False
426,16,244,3,False
426,16,7,4,False
426,16,93,4,False
426,16,244,4,False
426,16,7,5,True
426,16,93,5,False
426,16,244,5,False
427,14,8,1,False
427,14,28,1,False
427,14,36,1,False
427,14,65,1,False
427,14,70,1,False
427,14,115,1,False
427,14,128,1,False
427,14,175,1,False
427,14,226,1,False
427,14,8,2,False
427,14,28,2,True
427,14,36,2,True
427,14,65,2,False
427,14,70,2,False
427,14,115,2,False
427,14,128,2,False
427,14,175,2,False
427,14,226,2,False
427,14,8,3,False
427,14,28,3,False
427,14,36,3,False
427,14,65,3,False
427,14,70,3,True
427,14,115,3,False
427,14,128,3,False
427,14,175,3,False
427,14,226,3,False
427,14,8,4,False
427,14,28,4,True
427,14,36,4,True
427,14,65,4,False
427,14,70,4,False
427,14,115,4,False
427,14,128,4,False
427,14,175,4,False
427,14,226,4,True
427,14,8,5,False
427,14,28,5,False
427,14,36,5,False
427,14,65,5,False
427,14,70,5,False
427,14,115,5,False
427,14,128,5,False
427,14,175,5,True
427,14,226,5,True
427,15,179,1,False
427,15,249,1,False
427,15,179,2,False
427,15,249,2,False
427,15,179,3,False
427,15,249,3,False
427,15,179,4,False
427,15,249,4,False
427,15,179,5,False
427,15,249,5,False
428,12,121,1,False
428,12,136,1,False
428,12,243,1,False
428,12,121,2,True
428,12,136,2,False
428,12,243,2,False
428,12,121,3,True
428,12,136,3,False
428,12,243,3,False
428,12,121,4,False
428,12,136,4,False
428,12,243,4,False
428,14,8,1,True
428,14,28,1,False
428,14,36,1,False
428,14,65,1,True
428,14,70,1,True
428,14,115,1,False
428,14,128,1,True
428,14,175,1,False
428,14,226,1,False
428,14,8,2,False
428,14,28,2,True
428,14,36,2,True
428,14,65,2,False
428,14,70,2,True
428,14,115,2,False
428,14,128,2,False
428,14,175,2,False
428,14,226,2,True
428,14,8,3,False
428,14,28,3,True
428,14,36,3,True
428,14,65,3,True
428,14,70,3,True
428,14,115,3,True
428,14,128,3,True
428,14,175,3,True
428,14,226,3,True
428,14,8,4,False
428,14,28,4,False
428,14,36,4,True
428,14,65,4,True
428,14,70,4,True
428,14,115,4,False
428,14,128,4,False
428,14,175,4,True
428,14,226,4,True
428,14,8,5,False
428,14,28,5,True
428,14,36,5,False
428,14,65,5,True
428,14,70,5,True
428,14,115,5,True
428,14,128,5,False
428,14,175,5,False
428,14,226,5,True
428,15,179,2,False
428,15,249,2,False
428,15,179,3,False
428,15,249,3,False
428,15,179,5,False
428,15,249,5,False
429,12,121,1,True
429,12,136,1,True
429,12,243,1,False
429,12,121,2,True
429,12,136,2,False
429,12,243,2,False
429,12,121,3,True
429,12,136,3,True
429,12,243,3,False
429,12,121,4,False
429,12,136,4,True
429,12,243,4,True
429,14,8,5,False
429,14,28,5,False
429,14,36,5,False
429,14,65,5,False
429,14,70,5,True
429,14,115,5,False
429,14,128,5,False
429,14,175,5,False
429,14,226,5,False
430,12,121,1,True
430,12,136,1,False
430,12,243,1,False
430,12,121,2,True
430,12,136,2,False
430,12,243,2,False
430,12,121,3,True
430,12,136,3,False
430,12,243,3,False
430,12,121,4,False
430,12,136,4,False
430,12,243,4,True
430,14,8,1,True
430,14,28,1,False
430,14,36,1,False
430,14,65,1,True
430,14,70,1,False
430,14,115,1,True
430,14,128,1,True
430,14,175,1,False
430,14,226,1,False
430,14,8,2,False
430,14,28,2,True
430,14,36,2,True
430,14,65,2,False
430,14,70,2,True
430,14,115,2,False
430,14,128,2,False
430,14,175,2,False
430,14,226,2,True
430,14,8,3,False
430,14,28,3,False
430,14,36,3,False
430,14,65,3,True
430,14,70,3,True
430,14,115,3,True
430,14,128,3,True
430,14,175,3,True
430,14,226,3,True
430,14,8,4,False
430,14,28,4,False
430,14,36,4,True
430,14,65,4,True
430,14,70,4,True
430,14,115,4,False
430,14,128,4,False
430,14,175,4,False
430,14,226,4,True
430,14,8,5,False
430,14,28,5,False
430,14,36,5,True
430,14,65,5,True
430,14,70,5,True
430,14,115,5,True
430,14,128,5,True
430,14,175,5,True
430,14,226,5,False
431,12,121,1,False
431,12,136,1,False
431,12,243,1,False
431,12,121,2,False
431,12,136,2,False
431,12,243,2,False
431,12,121,3,False
431,12,136,3,False
431,12,243,3,False
431,12,121,4,False
431,12,136,4,False
431,12,243,4,False
431,13,180,1,False
431,13,189,1,False
431,13,180,2,False
431,13,189,2,False
431,13,180,3,False
431,13,189,3,False
431,13,180,4,False
431,13,189,4,False
431,14,8,1,False
431,14,28,1,False
431,14,36,1,False
431,14,65,1,False
431,14,70,1,False
431,14,115,1,False
431,14,128,1,False
431,14,175,1,False
431,14,226,1,False
431,14,8,2,False
431,14,28,2,False
431,14,36,2,False
431,14,65,2,False
431,14,70,2,False
431,14,115,2,False
431,14,128,2,False
431,14,175,2,False
431,14,226,2,False
431,14,8,3,False
431,14,28,3,True
431,14,36,3,False
431,14,65,3,False
431,14,70,3,False
431,14,115,3,False
431,14,128,3,False
431,14,175,3,False
431,14,226,3,False
431,14,8,4,False
431,14,28,4,False
431,14,36,4,False
431,14,65,4,False
431,14,70,4,False
431,14,115,4,False
431,14,128,4,False
431,14,175,4,False
431,14,226,4,False
431,14,8,5,False
431,14,28,5,False
431,14,36,5,True
431,14,65,5,True
431,14,70,5,True
431,14,115,5,False
431,14,128,5,True
431,14,175,5,True
431,14,226,5,False
432,13,180,1,False
432,13,189,1,False
432,13,180,2,False
432,13,189,2,False
432,13,180,3,False
432,13,189,3,False
432,13,180,4,False
432,13,189,4,False
432,14,8,1,False
432,14,28,1,False
432,14,36,1,False
432,14,65,1,False
432,14,70,1,False
432,14,115,1,False
432,14,128,1,False
432,14,175,1,False
432,14,226,1,False
432,14,8,2,False
432,14,28,2,False
432,14,36,2,False
432,14,65,2,False
432,14,70,2,False
432,14,115,2,False
432,14,128,2,False
432,14,175,2,False
432,14,226,2,False
432,14,8,3,False
432,14,28,3,False
432,14,36,3,False
432,14,65,3,False
432,14,70,3,False
432,14,115,3,True
432,14,128,3,False
432,14,175,3,True
432,14,226,3,False
432,14,8,4,False
432,14,28,4,False
432,14,36,4,False
432,14,65,4,False
432,14,70,4,False
432,14,115,4,False
432,14,128,4,False
432,14,175,4,False
432,14,226,4,False
432,14,8,5,False
432,14,28,5,False
432,14,36,5,False
432,14,65,5,False
432,14,70,5,False
432,14,115,5,False
432,14,128,5,False
432,14,175,5,False
432,14,226,5,False
432,15,179,2,False
432,15,249,2,False
432,15,179,3,False
432,15,249,3,False
432,15,179,4,False
432,15,249,4,False
432,15,179,5,False
432,15,249,5,False
433,12,121,1,True
433,12,136,1,True
433,12,243,1,False
433,12,121,2,True
433,12,136,2,False
433,12,243,2,False
433,12,121,3,False
433,12,136,3,True
433,12,243,3,False
433,12,121,4,False
433,12,136,4,False
433,12,243,4,True
433,14,8,1,True
433,14,28,1,False
433,14,36,1,False
433,14,65,1,True
433,14,70,1,False
433,14,115,1,False
433,14,128,1,True
433,14,175,1,False
433,14,226,1,False
433,14,8,2,False
433,14,28,2,True
433,14,36,2,True
433,14,65,2,False
433,14,70,2,False
433,14,115,2,False
433,14,128,2,False
433,14,175,2,False
433,14,226,2,False
433,14,8,3,False
433,14,28,3,False
433,14,36,3,False
433,14,65,3,False
433,14,70,3,False
433,14,115,3,False
433,14,128,3,False
433,14,175,3,False
433,14,226,3,False
433,14,8,5,False
433,14,28,5,False
433,14,36,5,False
433,14,65,5,False
433,14,70,5,False
433,14,115,5,False
433,14,128,5,False
433,14,175,5,False
433,14,226,5,False
434,12,121,1,True
434,12,136,1,True
434,12,243,1,True
434,12,121,2,True
434,12,136,2,False
434,12,243,2,False
434,12,121,3,False
434,12,136,3,False
434,12,243,3,False
434,12,121,4,False
434,12,136,4,True
434,12,243,4,True
434,13,180,1,False
434,13,189,1,False
434,14,8,1,False
434,14,28,1,False
434,14,36,1,False
434,14,65,1,False
434,14,70,1,False
434,14,115,1,False
434,14,128,1,True
434,14,175,1,False
434,14,226,1,False
434,14,8,2,False
434,14,28,2,True
434,14,36,2,True
434,14,65,2,False
434,14,70,2,False
434,14,115,2,False
434,14,128,2,False
434,14,175,2,False
434,14,226,2,False
434,14,8,3,False
434,14,28,3,False
434,14,36,3,False
434,14,65,3,True
434,14,70,3,False
434,14,115,3,False
434,14,128,3,False
434,14,175,3,False
434,14,226,3,False
434,14,8,4,False
434,14,28,4,False
434,14,36,4,False
434,14,65,4,False
434,14,70,4,False
434,14,115,4,False
434,14,128,4,False
434,14,175,4,True
434,14,226,4,False
434,14,8,5,False
434,14,28,5,False
434,14,36,5,False
434,14,65,5,False
434,14,70,5,False
434,14,115,5,False
434,14,128,5,False
434,14,175,5,True
434,14,226,5,False
435,12,121,1,True
435,12,136,1,True
435,12,243,1,False
435,12,121,2,True
435,12,136,2,False
435,12,243,2,False
435,12,121,3,True
435,12,136,3,False
435,12,243,3,False
435,12,121,4,False
435,12,136,4,True
435,12,243,4,False
436,12,121,1,False
436,12,136,1,False
436,12,243,1,False
436,12,121,2,False
436,12,136,2,False
436,12,243,2,False
436,12,121,3,False
436,12,136,3,False
436,12,243,3,False
436,12,121,4,False
436,12,136,4,False
436,12,243,4,False
436,14,8,1,False
436,14,28,1,False
436,14,36,1,False
436,14,65,1,False
436,14,70,1,False
436,14,115,1,False
436,14,128,1,False
436,14,175,1,False
436,14,226,1,False
436,14,8,3,False
436,14,28,3,False
436,14,36,3,False
436,14,65,3,False
436,14,70,3,False
436,14,115,3,False
436,14,128,3,False
436,14,175,3,False
436,14,226,3,False
436,14,8,5,False
436,14,28,5,False
436,14,36,5,False
436,14,65,5,False
436,14,70,5,False
436,14,115,5,False
436,14,128,5,False
436,14,175,5,False
436,14,226,5,False
436,16,7,1,False
436,16,93,1,True
436,16,244,1,True
436,16,7,2,True
436,16,93,2,False
436,16,244,2,False
436,16,7,3,False
436,16,93,3,False
436,16,244,3,False
436,16,7,4,False
436,16,93,4,False
436,16,244,4,False
436,16,7,5,False
436,16,93,5,True
436,16,244,5,False
437,12,121,1,True
437,12,136,1,True
437,12,243,1,False
437,12,121,2,True
437,12,136,2,False
437,12,243,2,False
437,12,121,3,True
437,12,136,3,True
437,12,243,3,False
437,12,121,4,False
437,12,136,4,True
437,12,243,4,True
437,13,180,1,False
437,13,189,1,True
437,13,180,2,True
437,13,189,2,True
437,13,180,3,True
437,13,189,3,True
437,13,180,4,True
437,13,189,4,False
438,12,121,1,True
438,12,136,1,True
438,12,243,1,False
438,12,121,2,True
438,12,136,2,False
438,12,243,2,False
438,12,121,3,True
438,12,136,3,True
438,12,243,3,False
438,12,121,4,True
438,12,136,4,True
438,12,243,4,False
438,13,180,1,False
438,13,189,1,False
438,13,180,2,False
438,13,189,2,False
438,13,180,3,False
438,13,189,3,False
438,13,180,4,False
438,13,189,4,False
438,14,8,1,True
438,14,28,1,False
438,14,36,1,False
438,14,65,1,False
438,14,70,1,False
438,14,115,1,True
438,14,128,1,True
438,14,175,1,False
438,14,226,1,False
438,14,8,2,False
438,14,28,2,True
438,14,36,2,False
438,14,65,2,False
438,14,70,2,False
438,14,115,2,False
438,14,128,2,False
438,14,175,2,False
438,14,226,2,False
438,14,8,3,False
438,14,28,3,False
438,14,36,3,False
438,14,65,3,True
438,14,70,3,True
438,14,115,3,False
438,14,128,3,False
438,14,175,3,False
438,14,226,3,False
438,14,8,5,True
438,14,28,5,False
438,14,36,5,False
438,14,65,5,True
438,14,70,5,True
438,14,115,5,False
438,14,128,5,False
438,14,175,5,True
438,14,226,5,False
439,12,121,1,False
439,12,136,1,False
439,12,243,1,False
439,12,121,2,False
439,12,136,2,False
439,12,243,2,False
439,12,121,3,False
439,12,136,3,False
439,12,243,3,False
439,12,121,4,False
439,12,136,4,False
439,12,243,4,True
439,14,8,1,True
439,14,28,1,False
439,14,36,1,False
439,14,65,1,True
439,14,70,1,True
439,14,115,1,True
439,14,128,1,True
439,14,175,1,False
439,14,226,1,False
439,14,8,2,False
439,14,28,2,True
439,14,36,2,True
439,14,65,2,False
439,14,70,2,True
439,14,115,2,False
439,14,128,2,False
439,14,175,2,False
439,14,226,2,False
439,14,8,3,True
439,14,28,3,False
439,14,36,3,True
439,14,65,3,True
439,14,70,3,True
439,14,115,3,True
439,14,128,3,False
439,14,175,3,False
439,14,226,3,False
439,14,8,4,False
439,14,28,4,False
439,14,36,4,True
439,14,65,4,False
439,14,70,4,True
439,14,115,4,True
439,14,128,4,False
439,14,175,4,True
439,14,226,4,True
439,14,8,5,True
439,14,28,5,True
439,14,36,5,True
439,14,65,5,True
439,14,70,5,True
439,14,115,5,False
439,14,128,5,False
439,14,175,5,True
439,14,226,5,False
440,14,8,1,True
440,14,28,1,False
440,14,36,1,False
440,14,65,1,True
440,14,70,1,True
440,14,115,1,True
440,14,128,1,True
440,14,175,1,False
440,14,226,1,False
440,14,8,2,False
440,14,28,2,True
440,14,36,2,True
440,14,65,2,False
440,14,70,2,True
440,14,115,2,False
440,14,128,2,False
440,14,175,2,False
440,14,226,2,True
440,14,8,3,True
440,14,28,3,False
440,14,36,3,False
440,14,65,3,True
440,14,70,3,True
440,14,115,3,True
440,14,128,3,True
440,14,175,3,False
440,14,226,3,False
440,14,8,4,False
440,14,28,4,True
440,14,36,4,True
440,14,65,4,False
440,14,70,4,True
440,14,115,4,True
440,14,128,4,False
440,14,175,4,False
440,14,226,4,False
440,14,8,5,True
440,14,28,5,False
440,14,36,5,True
440,14,65,5,True
440,14,70,5,True
440,14,115,5,True
440,14,128,5,True
440,14,175,5,False
440,14,226,5,False
441,12,121,1,False
441,12,136,1,False
441,12,243,1,False
441,12,121,2,False
441,12,136,2,False
441,12,243,2,False
441,12,121,3,False
441,12,136,3,False
441,12,243,3,False
441,12,121,4,False
441,12,136,4,False
441,12,243,4,False
441,13,180,1,False
441,13,189,1,False
441,13,180,2,False
441,13,189,2,False
441,13,180,3,False
441,13,189,3,False
441,13,180,4,False
441,13,189,4,False
441,14,8,1,False
441,14,28,1,True
441,14,36,1,False
441,14,65,1,False
441,14,70,1,False
441,14,115,1,True
441,14,128,1,False
441,14,175,1,True
441,14,226,1,False
441,14,8,2,False
441,14,28,2,False
441,14,36,2,False
441,14,65,2,False
441,14,70,2,False
441,14,115,2,False
441,14,128,2,False
441,14,175,2,False
441,14,226,2,False
441,14,8,3,False
441,14,28,3,True
441,14,36,3,False
441,14,65,3,False
441,14,70,3,False
441,14,115,3,True
441,14,128,3,False
441,14,175,3,True
441,14,226,3,False
441,14,8,4,False
441,14,28,4,False
441,14,36,4,False
441,14,65,4,False
441,14,70,4,False
441,14,115,4,False
441,14,128,4,False
441,14,175,4,False
441,14,226,4,False
441,14,8,5,False
441,14,28,5,True
441,14,36,5,False
441,14,65,5,False
441,14,70,5,False
441,14,115,5,True
441,14,128,5,False
441,14,175,5,True
441,14,226,5,False
442,12,121,1,False
442,12,136,1,False
442,12,243,1,False
442,12,121,2,True
442,12,136,2,False
442,12,243,2,False
442,12,121,3,False
442,12,136,3,False
442,12,243,3,False
442,12,121,4,False
442,12,136,4,True
442,12,243,4,True
442,14,8,1,False
442,14,28,1,False
442,14,36,1,False
442,14,65,1,True
442,14,70,1,False
442,14,115,1,True
442,14,128,1,True
442,14,175,1,False
442,14,226,1,False
442,14,8,2,False
442,14,28,2,True
442,14,36,2,True
442,14,65,2,False
442,14,70,2,False
442,14,115,2,False
442,14,128,2,False
442,14,175,2,False
442,14,226,2,True
442,14,8,3,False
442,14,28,3,False
442,14,36,3,True
442,14,65,3,True
442,14,70,3,False
442,14,115,3,False
442,14,128,3,False
442,14,175,3,False
442,14,226,3,False
442,14,8,5,False
442,14,28,5,False
442,14,36,5,True
442,14,65,5,False
442,14,70,5,False
442,14,115,5,False
442,14,128,5,False
442,14,175,5,True
442,14,226,5,False
443,12,121,1,True
443,12,136,1,True
443,12,243,1,False
443,12,121,2,True
443,12,136,2,False
443,12,243,2,False
443,12,121,3,True
443,12,136,3,True
443,12,243,3,False
443,12,121,4,False
443,12,136,4,False
443,12,243,4,False
443,14,8,1,True
443,14,28,1,False
443,14,36,1,True
443,14,65,1,True
443,14,70,1,True
443,14,115,1,False
443,14,128,1,True
443,14,175,1,False
443,14,226,1,False
443,14,8,2,False
443,14,28,2,True
443,14,36,2,True
443,14,65,2,False
443,14,70,2,True
443,14,115,2,False
443,14,128,2,False
443,14,175,2,False
443,14,226,2,True
443,14,8,3,False
443,14,28,3,True
443,14,36,3,False
443,14,65,3,True
443,14,70,3,True
443,14,115,3,True
443,14,128,3,True
443,14,175,3,True
443,14,226,3,True
443,14,8,4,False
443,14,28,4,True
443,14,36,4,False
443,14,65,4,False
443,14,70,4,True
443,14,115,4,False
443,14,128,4,False
443,14,175,4,True
443,14,226,4,True
443,14,8,5,False
443,14,28,5,False
443,14,36,5,False
443,14,65,5,False
443,14,70,5,True
443,14,115,5,True
443,14,128,5,True
443,14,175,5,True
443,14,226,5,True
444,12,121,1,False
444,12,136,1,False
444,12,243,1,False
444,12,121,2,True
444,12,136,2,False
444,12,243,2,False
444,12,121,3,False
444,12,136,3,False
444,12,243,3,False
444,12,121,4,False
444,12,136,4,False
444,12,243,4,True
444,13,180,1,False
444,13,189,1,False
444,13,180,2,False
444,13,189,2,False
444,13,180,3,False
444,13,189,3,False
444,13,180,4,False
444,13,189,4,False
444,14,8,1,True
444,14,28,1,False
444,14,36,1,False
444,14,65,1,True
444,14,70,1,True
444,14,115,1,True
444,14,128,1,True
444,14,175,1,False
444,14,226,1,False
444,14,8,2,False
444,14,28,2,True
444,14,36,2,True
444,14,65,2,False
444,14,70,2,True
444,14,115,2,False
444,14,128,2,False
444,14,175,2,False
444,14,226,2,True
444,14,8,3,False
444,14,28,3,False
444,14,36,3,True
444,14,65,3,True
444,14,70,3,True
444,14,115,3,False
444,14,128,3,True
444,14,175,3,False
444,14,226,3,False
444,14,8,4,False
444,14,28,4,True
444,14,36,4,False
444,14,65,4,False
444,14,70,4,True
444,14,115,4,False
444,14,128,4,False
444,14,175,4,False
444,14,226,4,True
444,14,8,5,False
444,14,28,5,False
444,14,36,5,True
444,14,65,5,True
444,14,70,5,True
444,14,115,5,False
444,14,128,5,True
444,14,175,5,False
444,14,226,5,True
445,12,121,1,False
445,12,136,1,False
445,12,243,1,False
445,12,121,2,False
445,12,136,2,False
445,12,243,2,False
445,12,121,3,True
445,12,136,3,False
445,12,243,3,False
445,12,121,4,False
445,12,136,4,False
445,12,243,4,False
445,13,180,1,False
445,13,189,1,False
445,13,180,2,False
445,13,189,2,False
445,13,180,3,False
445,13,189,3,False
445,13,180,4,False
445,13,189,4,False
445,14,8,1,False
445,14,28,1,False
445,14,36,1,True
445,14,65,1,False
445,14,70,1,False
445,14,115,1,True
445,14,128,1,True
445,14,175,1,True
445,14,226,1,False
445,14,8,2,False
445,14,28,2,True
445,14,36,2,True
445,14,65,2,False
445,14,70,2,True
445,14,115,2,False
445,14,128,2,False
445,14,175,2,True
445,14,226,2,True
445,14,8,3,False
445,14,28,3,False
445,14,36,3,True
445,14,65,3,True
445,14,70,3,True
445,14,115,3,True
445,14,128,3,False
445,14,175,3,True
445,14,226,3,False
445,14,8,4,False
445,14,28,4,False
445,14,36,4,True
445,14,65,4,True
445,14,70,4,True
445,14,115,4,False
445,14,128,4,False
445,14,175,4,True
445,14,226,4,False
445,14,8,5,False
445,14,28,5,False
445,14,36,5,True
445,14,65,5,False
445,14,70,5,True
445,14,115,5,True
445,14,128,5,False
445,14,175,5,False
445,14,226,5,True
446,12,121,1,True
446,12,136,1,False
446,12,243,1,False
446,12,121,2,True
446,12,136,2,False
446,12,243,2,False
446,12,121,3,False
446,12,136,3,False
446,12,243,3,False
446,12,121,4,False
446,12,136,4,False
446,12,243,4,False
446,14,8,1,True
446,14,28,1,False
446,14,36,1,False
446,14,65,1,True
446,14,70,1,True
446,14,115,1,True
446,14,128,1,True
446,14,175,1,False
446,14,226,1,False
446,14,8,2,False
446,14,28,2,True
446,14,36,2,True
446,14,65,2,True
446,14,70,2,True
446,14,115,2,False
446,14,128,2,False
446,14,175,2,False
446,14,226,2,True
446,14,8,3,False
446,14,28,3,False
446,14,36,3,False
446,14,65,3,True
446,14,70,3,True
446,14,115,3,False
446,14,128,3,True
446,14,175,3,False
446,14,226,3,False
446,14,8,4,False
446,14,28,4,False
446,14,36,4,True
446,14,65,4,False
446,14,70,4,True
446,14,115,4,False
446,14,128,4,True
446,14,175,4,False
446,14,226,4,True
446,14,8,5,False
446,14,28,5,True
446,14,36,5,False
446,14,65,5,False
446,14,70,5,True
446,14,115,5,False
446,14,128,5,True
446,14,175,5,False
446,14,226,5,False
446,16,7,1,False
446,16,93,1,False
446,16,244,1,True
446,16,7,2,False
446,16,93,2,True
446,16,244,2,False
446,16,7,3,False
446,16,93,3,False
446,16,244,3,False
446,16,7,4,False
446,16,93,4,False
446,16,244,4,False
446,16,7,5,False
446,16,93,5,False
446,16,244,5,False
447,12,121,1,True
447,12,136,1,True
447,12,243,1,False
447,12,121,2,True
447,12,136,2,False
447,12,243,2,False
447,12,121,3,True
447,12,136,3,True
447,12,243,3,False
447,12,121,4,True
447,12,136,4,True
447,12,243,4,True
447,14,8,1,False
447,14,28,1,False
447,14,36,1,True
447,14,65,1,True
447,14,70,1,True
447,14,115,1,False
447,14,128,1,True
447,14,175,1,False
447,14,226,1,False
447,14,8,2,False
447,14,28,2,True
447,14,36,2,False
447,14,65,2,False
447,14,70,2,True
447,14,115,2,False
447,14,128,2,False
447,14,175,2,False
447,14,226,2,True
447,14,8,3,False
447,14,28,3,False
447,14,36,3,False
447,14,65,3,True
447,14,70,3,True
447,14,115,3,False
447,14,128,3,False
447,14,175,3,False
447,14,226,3,False
447,14,8,4,False
447,14,28,4,False
447,14,36,4,True
447,14,65,4,False
447,14,70,4,True
447,14,115,4,False
447,14,128,4,False
447,14,175,4,False
447,14,226,4,False
447,14,8,5,False
447,14,28,5,False
447,14,36,5,True
447,14,65,5,False
447,14,70,5,False
447,14,115,5,False
447,14,128,5,False
447,14,175,5,True
447,14,226,5,False
448,12,121,1,True
448,12,136,1,True
448,12,243,1,False
448,12,121,2,True
448,12,136,2,False
448,12,243,2,False
448,12,121,3,True
448,12,136,3,True
448,12,243,3,False
448,12,121,4,False
448,12,136,4,False
448,12,243,4,True
448,13,180,1,False
448,13,189,1,False
448,13,180,2,False
448,13,189,2,False
448,13,180,3,False
448,13,189,3,False
448,13,180,4,False
448,13,189,4,False
448,14,8,1,False
448,14,28,1,False
448,14,36,1,False
448,14,65,1,False
448,14,70,1,False
448,14,115,1,True
448,14,128,1,False
448,14,175,1,False
448,14,226,1,False
448,14,8,2,False
448,14,28,2,True
448,14,36,2,False
448,14,65,2,False
448,14,70,2,True
448,14,115,2,False
448,14,128,2,False
448,14,175,2,False
448,14,226,2,False
448,14,8,3,False
448,14,28,3,False
448,14,36,3,False
448,14,65,3,False
448,14,70,3,False
448,14,115,3,False
448,14,128,3,False
448,14,175,3,False
448,14,226,3,False
448,14,8,4,False
448,14,28,4,False
448,14,36,4,True
448,14,65,4,False
448,14,70,4,False
448,14,115,4,False
448,14,128,4,False
448,14,175,4,False
448,14,226,4,False
448,14,8,5,False
448,14,28,5,False
448,14,36,5,True
448,14,65,5,False
448,14,70,5,True
448,14,115,5,False
448,14,128,5,True
448,14,175,5,True
448,14,226,5,False
448,16,7,5,False
448,16,93,5,False
448,16,244,5,False
449,12,121,1,True
449,12,136,1,False
449,12,243,1,False
449,12,121,2,True
449,12,136,2,False
449,12,243,2,False
449,12,121,3,False
449,12,136,3,False
449,12,243,3,False
449,12,121,4,False
449,12,136,4,True
449,12,243,4,True
449,13,180,1,False
449,13,189,1,False
449,13,180,2,False
449,13,189,2,False
449,13,180,3,False
449,13,189,3,True
449,13,180,4,False
449,13,189,4,False
449,14,8,1,True
449,14,28,1,False
449,14,36,1,False
449,14,65,1,True
449,14,70,1,True
449,14,115,1,False
449,14,128,1,True
449,14,175,1,False
449,14,226,1,False
449,14,8,2,False
449,14,28,2,True
449,14,36,2,False
449,14,65,2,False
449,14,70,2,True
449,14,115,2,False
449,14,128,2,False
449,14,175,2,False
449,14,226,2,False
449,14,8,3,False
449,14,28,3,True
449,14,36,3,False
449,14,65,3,True
449,14,70,3,True
449,14,115,3,True
449,14,128,3,True
449,14,175,3,True
449,14,226,3,False
449,14,8,4,True
449,14,28,4,False
449,14,36,4,False
449,14,65,4,False
449,14,70,4,True
449,14,115,4,False
449,14,128,4,False
449,14,175,4,False
449,14,226,4,True
449,14,8,5,True
449,14,28,5,False
449,14,36,5,False
449,14,65,5,True
449,14,70,5,False
449,14,115,5,True
449,14,128,5,True
449,14,175,5,True
449,14,226,5,True
450,12,121,1,False
450,12,136,1,False
450,12,243,1,False
450,12,121,2,False
450,12,136,2,False
450,12,243,2,False
450,12,121,3,False
450,12,136,3,False
450,12,243,3,False
450,14,8,1,False
450,14,28,1,False
450,14,36,1,False
450,14,65,1,False
450,14,70,1,False
450,14,115,1,False
450,14,128,1,False
450,14,175,1,False
450,14,226,1,False
450,14,8,2,False
450,14,28,2,True
450,14,36,2,False
450,14,65,2,False
450,14,70,2,False
450,14,115,2,False
450,14,128,2,False
450,14,175,2,False
450,14,226,2,False
450,14,8,3,False
450,14,28,3,False
450,14,36,3,False
450,14,65,3,False
450,14,70,3,False
450,14,115,3,True
450,14,128,3,False
450,14,175,3,True
450,14,226,3,False
450,14,8,4,False
450,14,28,4,False
450,14,36,4,False
450,14,65,4,False
450,14,70,4,False
450,14,115,4,False
450,14,128,4,False
450,14,175,4,False
450,14,226,4,False
450,14,8,5,False
450,14,28,5,False
450,14,36,5,False
450,14,65,5,False
450,14,70,5,False
450,14,115,5,False
450,14,128,5,False
450,14,175,5,False
450,14,226,5,False
450,16,7,1,True
450,16,93,1,False
450,16,244,1,True
450,16,7,2,False
450,16,93,2,True
450,16,244,2,False
450,16,7,3,False
450,16,93,3,False
450,16,244,3,False
450,16,7,4,False
450,16,93,4,False
450,16,244,4,False
450,16,7,5,False
450,16,93,5,False
450,16,244,5,False
451,12,121,1,False
451,12,136,1,False
451,12,243,1,False
451,12,121,2,False
451,12,136,2,False
451,12,243,2,False
451,12,121,3,False
451,12,136,3,False
451,12,243,3,False
451,12,121,4,False
451,12,136,4,False
451,12,243,4,False
451,13,180,1,False
451,13,189,1,False
451,13,180,2,False
451,13,189,2,False
451,13,180,3,False
451,13,189,3,False
451,13,180,4,False
451,13,189,4,False
451,14,8,1,False
451,14,28,1,False
451,14,36,1,False
451,14,65,1,False
451,14,70,1,False
451,14,115,1,True
451,14,128,1,False
451,14,175,1,True
451,14,226,1,False
451,14,8,2,False
451,14,28,2,True
451,14,36,2,False
451,14,65,2,False
451,14,70,2,False
451,14,115,2,True
451,14,128,2,False
451,14,175,2,True
451,14,226,2,False
451,14,8,3,False
451,14,28,3,True
451,14,36,3,False
451,14,65,3,False
451,14,70,3,False
451,14,115,3,False
451,14,128,3,False
451,14,175,3,False
451,14,226,3,True
451,14,8,4,False
451,14,28,4,False
451,14,36,4,False
451,14,65,4,False
451,14,70,4,False
451,14,115,4,False
451,14,128,4,False
451,14,175,4,False
451,14,226,4,True
451,14,8,5,False
451,14,28,5,True
451,14,36,5,False
451,14,65,5,False
451,14,70,5,False
451,14,115,5,True
451,14,128,5,False
451,14,175,5,True
451,14,226,5,True
452,12,121,1,True
452,12,136,1,True
452,12,243,1,True
452,12,121,2,True
452,12,136,2,True
452,12,243,2,False
452,12,121,3,True
452,12,136,3,True
452,12,243,3,True
452,12,121,4,False
452,12,136,4,True
452,12,243,4,True
452,13,180,2,False
452,13,189,2,False
452,14,8,1,True
452,14,28,1,False
452,14,36,1,False
452,14,65,1,False
452,14,70,1,False
452,14,115,1,False
452,14,128,1,False
452,14,175,1,False
452,14,226,1,False
452,14,8,2,False
452,14,28,2,True
452,14,36,2,False
452,14,65,2,False
452,14,70,2,False
452,14,115,2,False
452,14,128,2,False
452,14,175,2,False
452,14,226,2,False
452,14,8,3,False
452,14,28,3,False
452,14,36,3,False
452,14,65,3,False
452,14,70,3,False
452,14,115,3,False
452,14,128,3,False
452,14,175,3,False
452,14,226,3,False
452,14,8,4,False
452,14,28,4,False
452,14,36,4,True
452,14,65,4,False
452,14,70,4,False
452,14,115,4,False
452,14,128,4,False
452,14,175,4,True
452,14,226,4,False
452,14,8,5,False
452,14,28,5,False
452,14,36,5,False
452,14,65,5,False
452,14,70,5,False
452,14,115,5,True
452,14,128,5,False
452,14,175,5,True
452,14,226,5,False
453,12,121,1,False
453,12,136,1,False
453,12,243,1,False
453,12,121,2,False
453,12,136,2,False
453,12,243,2,False
453,12,121,3,False
453,12,136,3,False
453,12,243,3,False
453,12,121,4,False
453,12,136,4,False
453,12,243,4,False
453,13,180,1,False
453,13,189,1,False
453,13,180,2,False
453,13,189,2,False
453,13,180,3,False
453,13,189,3,False
453,13,180,4,False
453,13,189,4,False
453,14,8,1,True
453,14,28,1,False
453,14,36,1,False
453,14,65,1,True
453,14,70,1,True
453,14,115,1,True
453,14,128,1,True
453,14,175,1,False
453,14,226,1,False
453,14,8,2,False
453,14,28,2,True
453,14,36,2,True
453,14,65,2,False
453,14,70,2,True
453,14,115,2,False
453,14,128,2,False
453,14,175,2,True
453,14,226,2,True
453,14,8,3,False
453,14,28,3,True
453,14,36,3,True
453,14,65,3,True
453,14,70,3,True
453,14,115,3,False
453,14,128,3,True
453,14,175,3,False
453,14,226,3,False
453,14,8,4,False
453,14,28,4,True
453,14,36,4,True
453,14,65,4,True
453,14,70,4,True
453,14,115,4,False
453,14,128,4,True
453,14,175,4,False
453,14,226,4,False
453,14,8,5,False
453,14,28,5,False
453,14,36,5,False
453,14,65,5,True
453,14,70,5,True
453,14,115,5,False
453,14,128,5,True
453,14,175,5,False
453,14,226,5,False
454,12,121,1,False
454,12,136,1,False
454,12,243,1,False
454,12,121,2,False
454,12,136,2,False
454,12,243,2,False
454,12,121,3,False
454,12,136,3,False
454,12,243,3,False
454,12,121,4,False
454,12,136,4,False
454,12,243,4,False
454,13,180,1,False
454,13,189,1,True
454,13,180,2,False
454,13,189,2,True
454,13,180,3,False
454,13,189,3,False
454,13,180,4,False
454,13,189,4,False
454,14,8,1,True
454,14,28,1,False
454,14,36,1,False
454,14,65,1,True
454,14,70,1,True
454,14,115,1,True
454,14,128,1,True
454,14,175,1,False
454,14,226,1,False
454,14,8,2,False
454,14,28,2,True
454,14,36,2,True
454,14,65,2,False
454,14,70,2,True
454,14,115,2,False
454,14,128,2,True
454,14,175,2,False
454,14,226,2,True
454,14,8,3,True
454,14,28,3,False
454,14,36,3,True
454,14,65,3,True
454,14,70,3,True
454,14,115,3,True
454,14,128,3,True
454,14,175,3,False
454,14,226,3,True
454,14,8,4,False
454,14,28,4,False
454,14,36,4,False
454,14,65,4,False
454,14,70,4,True
454,14,115,4,True
454,14,128,4,True
454,14,175,4,True
454,14,226,4,True
454,14,8,5,False
454,14,28,5,False
454,14,36,5,False
454,14,65,5,False
454,14,70,5,True
454,14,115,5,True
454,14,128,5,True
454,14,175,5,False
454,14,226,5,True
455,12,121,1,True
455,12,136,1,False
455,12,243,1,False
455,12,121,2,True
455,12,136,2,False
455,12,243,2,False
455,12,121,3,False
455,12,136,3,False
455,12,243,3,False
455,12,121,4,False
455,12,136,4,True
455,12,243,4,False
455,13,180,1,False
455,13,189,1,False
455,13,180,2,False
455,13,189,2,False
455,13,180,3,False
455,13,189,3,False
455,13,180,4,False
455,13,189,4,False
455,14,8,1,True
455,14,28,1,False
455,14,36,1,False
455,14,65,1,True
455,14,70,1,True
455,14,115,1,True
455,14,128,1,True
455,14,175,1,False
455,14,226,1,False
455,14,8,2,False
455,14,28,2,True
455,14,36,2,True
455,14,65,2,True
455,14,70,2,True
455,14,115,2,False
455,14,128,2,False
455,14,175,2,False
455,14,226,2,True
455,14,8,3,True
455,14,28,3,True
455,14,36,3,True
455,14,65,3,True
455,14,70,3,True
455,14,115,3,False
455,14,128,3,True
455,14,175,3,False
455,14,226,3,True
455,14,8,4,False
455,14,28,4,False
455,14,36,4,False
455,14,65,4,True
455,14,70,4,True
455,14,115,4,False
455,14,128,4,True
455,14,175,4,False
455,14,226,4,True
455,14,8,5,False
455,14,28,5,True
455,14,36,5,False
455,14,65,5,False
455,14,70,5,False
455,14,115,5,False
455,14,128,5,False
455,14,175,5,False
455,14,226,5,True
456,12,121,1,False
456,12,136,1,False
456,12,243,1,False
456,12,121,2,True
456,12,136,2,False
456,12,243,2,False
456,12,121,3,False
456,12,136,3,False
456,12,243,3,False
456,12,121,4,False
456,12,136,4,False
456,12,243,4,False
456,13,180,1,False
456,13,189,1,False
456,13,180,2,False
456,13,189,2,False
456,13,180,4,False
456,13,189,4,False
456,14,8,1,True
456,14,28,1,False
456,14,36,1,False
456,14,65,1,True
456,14,70,1,True
456,14,115,1,True
456,14,128,1,True
456,14,175,1,False
456,14,226,1,False
456,14,8,2,False
456,14,28,2,True
456,14,36,2,True
456,14,65,2,False
456,14,70,2,True
456,14,115,2,False
456,14,128,2,False
456,14,175,2,False
456,14,226,2,True
456,14,8,3,False
456,14,28,3,True
456,14,36,3,False
456,14,65,3,True
456,14,70,3,True
456,14,115,3,False
456,14,128,3,False
456,14,175,3,False
456,14,226,3,False
456,14,8,4,False
456,14,28,4,True
456,14,36,4,False
456,14,65,4,False
456,14,70,4,True
456,14,115,4,False
456,14,128,4,False
456,14,175,4,False
456,14,226,4,True
456,14,8,5,False
456,14,28,5,False
456,14,36,5,False
456,14,65,5,False
456,14,70,5,True
456,14,115,5,False
456,14,128,5,True
456,14,175,5,False
456,14,226,5,True
457,14,8,1,True
457,14,28,1,False
457,14,36,1,True
457,14,65,1,True
457,14,70,1,True
457,14,115,1,False
457,14,128,1,True
457,14,175,1,False
457,14,226,1,False
457,14,8,2,False
457,14,28,2,True
457,14,36,2,True
457,14,65,2,True
457,14,70,2,True
457,14,115,2,False
457,14,128,2,False
457,14,175,2,False
457,14,226,2,True
457,14,8,3,False
457,14,28,3,False
457,14,36,3,True
457,14,65,3,True
457,14,70,3,True
457,14,115,3,True
457,14,128,3,True
457,14,175,3,False
457,14,226,3,True
457,14,8,4,False
457,14,28,4,False
457,14,36,4,True
457,14,65,4,True
457,14,70,4,True
457,14,115,4,False
457,14,128,4,True
457,14,175,4,True
457,14,226,4,False
457,14,8,5,False
457,14,28,5,True
457,14,36,5,True
457,14,65,5,True
457,14,70,5,True
457,14,115,5,True
457,14,128,5,True
457,14,175,5,True
457,14,226,5,True
457,15,179,1,False
457,15,249,1,False
457,15,179,5,False
457,15,249,5,False
458,12,121,1,False
458,12,136,1,False
458,12,243,1,False
458,12,121,2,False
458,12,136,2,False
458,12,243,2,False
458,12,121,3,False
458,12,136,3,False
458,12,243,3,False
458,12,121,4,False
458,12,136,4,False
458,12,243,4,False
458,13,180,1,False
458,13,189,1,False
458,13,180,2,False
458,13,189,2,True
458,13,180,3,False
458,13,189,3,False
458,13,180,4,False
458,13,189,4,False
458,14,8,1,True
458,14,28,1,False
458,14,36,1,False
458,14,65,1,False
458,14,70,1,False
458,14,115,1,False
458,14,128,1,True
458,14,175,1,True
458,14,226,1,False
458,14,8,2,False
458,14,28,2,True
458,14,36,2,True
458,14,65,2,False
458,14,70,2,False
458,14,115,2,False
458,14,128,2,False
458,14,175,2,True
458,14,226,2,False
458,14,8,3,True
458,14,28,3,False
458,14,36,3,True
458,14,65,3,False
458,14,70,3,True
458,14,115,3,False
458,14,128,3,True
458,14,175,3,True
458,14,226,3,False
458,14,8,4,False
458,14,28,4,False
458,14,36,4,False
458,14,65,4,False
458,14,70,4,False
458,14,115,4,False
458,14,128,4,False
458,14,175,4,True
458,14,226,4,False
458,14,8,5,True
458,14,28,5,False
458,14,36,5,False
458,14,65,5,False
458,14,70,5,False
458,14,115,5,False
458,14,128,5,True
458,14,175,5,True
458,14,226,5,False
459,12,121,1,False
459,12,136,1,False
459,12,243,1,False
459,12,121,2,False
459,12,136,2,False
459,12,243,2,False
459,12,121,3,False
459,12,136,3,False
459,12,243,3,False
459,12,121,4,False
459,12,136,4,False
459,12,243,4,False
459,14,8,1,False
459,14,28,1,False
459,14,36,1,False
459,14,65,1,True
459,14,70,1,True
459,14,115,1,True
459,14,128,1,False
459,14,175,1,False
459,14,226,1,False
459,14,8,2,False
459,14,28,2,False
459,14,36,2,True
459,14,65,2,True
459,14,70,2,True
459,14,115,2,False
459,14,128,2,False
459,14,175,2,True
459,14,226,2,True
459,14,8,3,False
459,14,28,3,False
459,14,36,3,True
459,14,65,3,True
459,14,70,3,True
459,14,115,3,False
459,14,128,3,False
459,14,175,3,False
459,14,226,3,False
459,14,8,4,False
459,14,28,4,False
459,14,36,4,True
459,14,65,4,True
459,14,70,4,True
459,14,115,4,False
459,14,128,4,False
459,14,175,4,False
459,14,226,4,False
459,14,8,5,False
459,14,28,5,False
459,14,36,5,True
459,14,65,5,True
459,14,70,5,True
459,14,115,5,False
459,14,128,5,False
459,14,175,5,True
459,14,226,5,False
460,12,121,1,False
460,12,136,1,False
460,12,243,1,False
460,12,121,2,False
460,12,136,2,False
460,12,243,2,False
460,12,121,3,False
460,12,136,3,False
460,12,243,3,False
460,12,121,4,False
460,12,136,4,False
460,12,243,4,False
460,14,8,1,True
460,14,28,1,False
460,14,36,1,False
460,14,65,1,True
460,14,70,1,True
460,14,115,1,True
460,14,128,1,True
460,14,175,1,False
460,14,226,1,False
460,14,8,2,False
460,14,28,2,True
460,14,36,2,True
460,14,65,2,False
460,14,70,2,True
460,14,115,2,False
460,14,128,2,False
460,14,175,2,False
460,14,226,2,False
460,14,8,3,False
460,14,28,3,True
460,14,36,3,False
460,14,65,3,True
460,14,70,3,True
460,14,115,3,False
460,14,128,3,False
460,14,175,3,False
460,14,226,3,False
460,14,8,4,False
460,14,28,4,True
460,14,36,4,False
460,14,65,4,True
460,14,70,4,False
460,14,115,4,False
460,14,128,4,False
460,14,175,4,False
460,14,226,4,False
460,14,8,5,False
460,14,28,5,False
460,14,36,5,False
460,14,65,5,True
460,14,70,5,True
460,14,115,5,True
460,14,128,5,False
460,14,175,5,True
460,14,226,5,False
461,12,121,1,False
461,12,136,1,False
461,12,243,1,False
461,12,121,2,False
461,12,136,2,False
461,12,243,2,False
461,14,8,1,True
461,14,28,1,False
461,14,36,1,False
461,14,65,1,True
461,14,70,1,True
461,14,115,1,True
461,14,128,1,True
461,14,175,1,False
461,14,226,1,False
461,14,8,2,False
461,14,28,2,True
461,14,36,2,True
461,14,65,2,True
461,14,70,2,True
461,14,115,2,False
461,14,128,2,False
461,14,175,2,False
461,14,226,2,True
461,14,8,3,True
461,14,28,3,False
461,14,36,3,False
461,14,65,3,True
461,14,70,3,True
461,14,115,3,True
461,14,128,3,True
461,14,175,3,False
461,14,226,3,False
461,14,8,4,False
461,14,28,4,False
461,14,36,4,False
461,14,65,4,True
461,14,70,4,True
461,14,115,4,True
461,14,128,4,False
461,14,175,4,False
461,14,226,4,False
461,14,8,5,False
461,14,28,5,True
461,14,36,5,False
461,14,65,5,True
461,14,70,5,True
461,14,115,5,True
461,14,128,5,True
461,14,175,5,True
461,14,226,5,True
461,16,7,1,False
461,16,93,1,False
461,16,244,1,False
461,16,7,5,False
461,16,93,5,False
461,16,244,5,False
462,12,121,1,True
462,12,136,1,False
462,12,243,1,False
462,12,121,2,True
462,12,136,2,False
462,12,243,2,False
462,12,121,3,False
462,12,136,3,False
462,12,243,3,False
462,12,121,4,False
462,12,136,4,False
462,12,243,4,True
462,14,8,1,True
462,14,28,1,False
462,14,36,1,False
462,14,65,1,True
462,14,70,1,False
462,14,115,1,False
462,14,128,1,True
462,14,175,1,False
462,14,226,1,False
462,14,8,2,False
462,14,28,2,True
462,14,36,2,True
462,14,65,2,False
462,14,70,2,False
462,14,115,2,False
462,14,128,2,False
462,14,175,2,False
462,14,226,2,True
462,14,8,3,False
462,14,28,3,False
462,14,36,3,False
462,14,65,3,False
462,14,70,3,True
462,14,115,3,False
462,14,128,3,False
462,14,175,3,True
462,14,226,3,False
462,14,8,4,False
462,14,28,4,False
462,14,36,4,False
462,14,65,4,True
462,14,70,4,False
462,14,115,4,False
462,14,128,4,False
462,14,175,4,False
462,14,226,4,False
462,14,8,5,False
462,14,28,5,False
462,14,36,5,False
462,14,65,5,False
462,14,70,5,False
462,14,115,5,False
462,14,128,5,False
462,14,175,5,True
462,14,226,5,False
463,12,121,1,False
463,12,136,1,False
463,12,243,1,False
463,12,121,2,False
463,12,136,2,False
463,12,243,2,False
463,12,121,3,False
463,12,136,3,False
463,12,243,3,False
463,12,121,4,False
463,12,136,4,False
463,12,243,4,False
463,14,8,1,True
463,14,28,1,False
463,14,36,1,False
463,14,65,1,True
463,14,70,1,True
463,14,115,1,False
463,14,128,1,True
463,14,175,1,False
463,14,226,1,False
463,14,8,2,False
463,14,28,2,True
463,14,36,2,True
463,14,65,2,True
463,14,70,2,True
463,14,115,2,False
463,14,128,2,True
463,14,175,2,False
463,14,226,2,True
463,14,8,3,False
463,14,28,3,False
463,14,36,3,False
463,14,65,3,True
463,14,70,3,True
463,14,115,3,False
463,14,128,3,True
463,14,175,3,False
463,14,226,3,False
463,14,8,4,False
463,14,28,4,True
463,14,36,4,False
463,14,65,4,True
463,14,70,4,True
463,14,115,4,False
463,14,128,4,True
463,14,175,4,True
463,14,226,4,False
463,14,8,5,False
463,14,28,5,False
463,14,36,5,True
463,14,65,5,True
463,14,70,5,True
463,14,115,5,False
463,14,128,5,True
463,14,175,5,False
463,14,226,5,False
464,12,121,1,True
464,12,136,1,True
464,12,243,1,False
464,12,121,2,True
464,12,136,2,False
464,12,243,2,False
464,12,121,3,True
464,12,136,3,True
464,12,243,3,False
464,12,121,4,False
464,12,136,4,True
464,12,243,4,False
464,14,8,1,False
464,14,28,1,False
464,14,36,1,False
464,14,65,1,True
464,14,70,1,False
464,14,115,1,False
464,14,128,1,False
464,14,175,1,False
464,14,226,1,False
464,14,8,2,False
464,14,28,2,True
464,14,36,2,True
464,14,65,2,False
464,14,70,2,True
464,14,115,2,False
464,14,128,2,False
464,14,175,2,False
464,14,226,2,False
464,14,8,3,False
464,14,28,3,False
464,14,36,3,False
464,14,65,3,True
464,14,70,3,False
464,14,115,3,False
464,14,128,3,False
464,14,175,3,False
464,14,226,3,False
464,14,8,4,False
464,14,28,4,False
464,14,36,4,False
464,14,65,4,False
464,14,70,4,False
464,14,115,4,False
464,14,128,4,False
464,14,175,4,False
464,14,226,4,False
464,14,8,5,False
464,14,28,5,False
464,14,36,5,True
464,14,65,5,True
464,14,70,5,True
464,14,115,5,False
464,14,128,5,False
464,14,175,5,False
464,14,226,5,False
464,16,7,1,False
464,16,93,1,False
464,16,244,1,False
464,16,7,2,False
464,16,93,2,False
464,16,244,2,False
464,16,7,3,False
464,16,93,3,True
464,16,244,3,False
464,16,7,4,False
464,16,93,4,False
464,16,244,4,False
464,16,7,5,False
464,16,93,5,False
464,16,244,5,False
465,12,121,1,True
465,12,136,1,False
465,12,243,1,False
465,12,121,2,True
465,12,136,2,False
465,12,243,2,False
465,12,121,3,True
465,12,136,3,False
465,12,243,3,False
465,12,121,4,False
465,12,136,4,False
465,12,243,4,True
465,13,180,1,False
465,13,189,1,False
465,13,180,2,False
465,13,189,2,False
465,13,180,3,False
465,13,189,3,False
465,13,180,4,False
465,13,189,4,False
465,14,8,1,False
465,14,28,1,False
465,14,36,1,False
465,14,65,1,False
465,14,70,1,False
465,14,115,1,False
465,14,128,1,False
465,14,175,1,True
465,14,226,1,False
465,14,8,2,False
465,14,28,2,False
465,14,36,2,False
465,14,65,2,False
465,14,70,2,False
465,14,115,2,False
465,14,128,2,False
465,14,175,2,False
465,14,226,2,False
465,14,8,3,False
465,14,28,3,False
465,14,36,3,False
465,14,65,3,False
465,14,70,3,False
465,14,115,3,False
465,14,128,3,False
465,14,175,3,True
465,14,226,3,False
465,14,8,4,False
465,14,28,4,False
465,14,36,4,False
465,14,65,4,False
465,14,70,4,False
465,14,115,4,False
465,14,128,4,False
465,14,175,4,False
465,14,226,4,False
465,14,8,5,False
465,14,28,5,False
465,14,36,5,False
465,14,65,5,False
465,14,70,5,False
465,14,115,5,False
465,14,128,5,False
465,14,175,5,False
465,14,226,5,False
466,12,121,1,False
466,12,136,1,False
466,12,243,1,False
466,12,121,2,False
466,12,136,2,False
466,12,243,2,False
466,12,121,3,False
466,12,136,3,False
466,12,243,3,False
466,12,121,4,False
466,12,136,4,False
466,12,243,4,False
466,14,8,1,True
466,14,28,1,False
466,14,36,1,False
466,14,65,1,True
466,14,70,1,True
466,14,115,1,False
466,14,128,1,True
466,14,175,1,False
466,14,226,1,False
466,14,8,2,False
466,14,28,2,True
466,14,36,2,True
466,14,65,2,False
466,14,70,2,True
466,14,115,2,False
466,14,128,2,False
466,14,175,2,False
466,14,226,2,True
466,14,8,3,False
466,14,28,3,False
466,14,36,3,True
466,14,65,3,False
466,14,70,3,True
466,14,115,3,False
466,14,128,3,True
466,14,175,3,False
466,14,226,3,False
466,14,8,4,False
466,14,28,4,False
466,14,36,4,True
466,14,65,4,False
466,14,70,4,True
466,14,115,4,False
466,14,128,4,False
466,14,175,4,False
466,14,226,4,False
466,14,8,5,False
466,14,28,5,False
466,14,36,5,True
466,14,65,5,False
466,14,70,5,True
466,14,115,5,False
466,14,128,5,False
466,14,175,5,True
466,14,226,5,True
467,12,121,1,False
467,12,136,1,False
467,12,243,1,False
467,12,121,2,False
467,12,136,2,False
467,12,243,2,False
467,12,121,3,False
467,12,136,3,False
467,12,243,3,False
467,12,121,4,False
467,12,136,4,False
467,12,243,4,True
467,14,8,1,False
467,14,28,1,False
467,14,36,1,False
467,14,65,1,True
467,14,70,1,False
467,14,115,1,False
467,14,128,1,True
467,14,175,1,False
467,14,226,1,False
467,14,8,2,False
467,14,28,2,False
467,14,36,2,False
467,14,65,2,False
467,14,70,2,False
467,14,115,2,False
467,14,128,2,False
467,14,175,2,False
467,14,226,2,False
467,14,8,3,False
467,14,28,3,False
467,14,36,3,False
467,14,65,3,False
467,14,70,3,False
467,14,115,3,False
467,14,128,3,False
467,14,175,3,True
467,14,226,3,False
467,14,8,4,False
467,14,28,4,False
467,14,36,4,False
467,14,65,4,False
467,14,70,4,False
467,14,115,4,False
467,14,128,4,False
467,14,175,4,False
467,14,226,4,False
467,14,8,5,False
467,14,28,5,False
467,14,36,5,False
467,14,65,5,True
467,14,70,5,False
467,14,115,5,False
467,14,128,5,True
467,14,175,5,False
467,14,226,5,False
468,13,180,1,False
468,13,189,1,False
468,13,180,2,False
468,13,189,2,False
468,13,180,4,False
468,13,189,4,False
468,14,8,1,True
468,14,28,1,False
468,14,36,1,False
468,14,65,1,True
468,14,70,1,False
468,14,115,1,True
468,14,128,1,True
468,14,175,1,False
468,14,226,1,False
468,14,8,2,False
468,14,28,2,True
468,14,36,2,True
468,14,65,2,True
468,14,70,2,True
468,14,115,2,False
468,14,128,2,True
468,14,175,2,False
468,14,226,2,True
468,14,8,3,False
468,14,28,3,False
468,14,36,3,True
468,14,65,3,True
468,14,70,3,True
468,14,115,3,True
468,14,128,3,True
468,14,175,3,False
468,14,226,3,False
468,14,8,4,False
468,14,28,4,False
468,14,36,4,True
468,14,65,4,True
468,14,70,4,True
468,14,115,4,False
468,14,128,4,True
468,14,175,4,True
468,14,226,4,False
468,14,8,5,False
468,14,28,5,False
468,14,36,5,False
468,14,65,5,True
468,14,70,5,True
468,14,115,5,True
468,14,128,5,True
468,14,175,5,True
468,14,226,5,False
469,12,121,1,False
469,12,136,1,True
469,12,243,1,False
469,12,121,2,True
469,12,136,2,False
469,12,243,2,False
469,12,121,3,False
469,12,136,3,True
469,12,243,3,False
469,12,121,4,False
469,12,136,4,False
469,12,243,4,False
469,14,8,1,True
469,14,28,1,False
469,14,36,1,False
469,14,65,1,True
469,14,70,1,False
469,14,115,1,False
469,14,128,1,False
469,14,175,1,False
469,14,226,1,False
469,14,8,2,False
469,14,28,2,True
469,14,36,2,True
469,14,65,2,False
469,14,70,2,True
469,14,115,2,False
469,14,128,2,False
469,14,175,2,False
469,14,226,2,False
469,14,8,3,False
469,14,28,3,False
469,14,36,3,False
469,14,65,3,True
469,14,70,3,True
469,14,115,3,True
469,14,128,3,False
469,14,175,3,False
469,14,226,3,False
469,14,8,4,False
469,14,28,4,False
469,14,36,4,False
469,14,65,4,False
469,14,70,4,False
469,14,115,4,False
469,14,128,4,False
469,14,175,4,True
469,14,226,4,False
469,14,8,5,False
469,14,28,5,False
469,14,36,5,False
469,14,65,5,False
469,14,70,5,False
469,14,115,5,False
469,14,128,5,False
469,14,175,5,True
469,14,226,5,False
470,12,121,1,False
470,12,136,1,False
470,12,243,1,False
470,12,121,2,False
470,12,136,2,False
470,12,243,2,False
470,12,121,3,False
470,12,136,3,False
470,12,243,3,False
470,14,8,1,True
470,14,28,1,False
470,14,36,1,False
470,14,65,1,True
470,14,70,1,True
470,14,115,1,False
470,14,128,1,True
470,14,175,1,False
470,14,226,1,False
470,14,8,2,False
470,14,28,2,True
470,14,36,2,True
470,14,65,2,False
470,14,70,2,True
470,14,115,2,False
470,14,128,2,False
470,14,175,2,False
470,14,226,2,True
470,14,8,3,False
470,14,28,3,True
470,14,36,3,False
470,14,65,3,False
470,14,70,3,True
470,14,115,3,True
470,14,128,3,True
470,14,175,3,False
470,14,226,3,True
470,14,8,4,False
470,14,28,4,False
470,14,36,4,False
470,14,65,4,False
470,14,70,4,True
470,14,115,4,False
470,14,128,4,False
470,14,175,4,False
470,14,226,4,False
470,14,8,5,False
470,14,28,5,False
470,14,36,5,False
470,14,65,5,False
470,14,70,5,True
470,14,115,5,False
470,14,128,5,True
470,14,175,5,False
470,14,226,5,True
471,12,121,1,False
471,12,136,1,False
471,12,243,1,True
471,12,121,2,False
471,12,136,2,False
471,12,243,2,False
471,12,121,3,True
471,12,136,3,True
471,12,243,3,False
471,12,121,4,False
471,12,136,4,False
471,12,243,4,False
471,14,8,1,True
471,14,28,1,False
471,14,36,1,False
471,14,65,1,True
471,14,70,1,True
471,14,115,1,True
471,14,128,1,True
471,14,175,1,False
471,14,226,1,False
471,14,8,2,False
471,14,28,2,True
471,14,36,2,True
471,14,65,2,True
471,14,70,2,True
471,14,115,2,False
471,14,128,2,False
471,14,175,2,False
471,14,226,2,True
471,14,8,3,True
471,14,28,3,True
471,14,36,3,True
471,14,65,3,True
471,14,70,3,True
471,14,115,3,True
471,14,128,3,True
471,14,175,3,True
471,14,226,3,True
471,14,8,4,False
471,14,28,4,True
471,14,36,4,False
471,14,65,4,True
471,14,70,4,True
471,14,115,4,False
471,14,128,4,True
471,14,175,4,True
471,14,226,4,True
471,14,8,5,False
471,14,28,5,False
471,14,36,5,False
471,14,65,5,True
471,14,70,5,True
471,14,115,5,False
471,14,128,5,True
471,14,175,5,False
471,14,226,5,False
472,12,121,1,True
472,12,136,1,True
472,12,243,1,False
472,12,121,2,True
472,12,136,2,False
472,12,243,2,False
472,12,121,3,True
472,12,136,3,True
472,12,243,3,False
472,12,121,4,False
472,12,136,4,False
472,12,243,4,False
472,14,8,1,True
472,14,28,1,False
472,14,36,1,False
472,14,65,1,True
472,14,70,1,False
472,14,115,1,True
472,14,128,1,True
472,14,175,1,False
472,14,226,1,False
472,14,8,2,False
472,14,28,2,True
472,14,36,2,True
472,14,65,2,False
472,14,70,2,True
472,14,115,2,False
472,14,128,2,False
472,14,175,2,True
472,14,226,2,False
472,14,8,3,False
472,14,28,3,False
472,14,36,3,False
472,14,65,3,True
472,14,70,3,True
472,14,115,3,False
472,14,128,3,True
472,14,175,3,False
472,14,226,3,False
472,14,8,4,False
472,14,28,4,False
472,14,36,4,False
472,14,65,4,False
472,14,70,4,False
472,14,115,4,False
472,14,128,4,False
472,14,175,4,False
472,14,226,4,False
472,14,8,5,True
472,14,28,5,False
472,14,36,5,False
472,14,65,5,False
472,14,70,5,True
472,14,115,5,True
472,14,128,5,True
472,14,175,5,False
472,14,226,5,True
473,14,8,1,True
473,14,28,1,False
473,14,36,1,False
473,14,65,1,True
473,14,70,1,False
473,14,115,1,True
473,14,128,1,False
473,14,175,1,False
473,14,226,1,False
473,14,8,2,False
473,14,28,2,True
473,14,36,2,True
473,14,65,2,False
473,14,70,2,False
473,14,115,2,False
473,14,128,2,False
473,14,175,2,True
473,14,226,2,True
473,14,8,3,False
473,14,28,3,False
473,14,36,3,False
473,14,65,3,True
473,14,70,3,False
473,14,115,3,True
473,14,128,3,True
473,14,175,3,False
473,14,226,3,False
473,14,8,4,False
473,14,28,4,False
473,14,36,4,False
473,14,65,4,False
473,14,70,4,False
473,14,115,4,False
473,14,128,4,False
473,14,175,4,False
473,14,226,4,False
473,14,8,5,False
473,14,28,5,False
473,14,36,5,False
473,14,65,5,False
473,14,70,5,False
473,14,115,5,True
473,14,128,5,True
473,14,175,5,False
473,14,226,5,False
474,12,121,1,False
474,12,136,1,False
474,12,243,1,False
474,12,121,2,False
474,12,136,2,False
474,12,243,2,False
474,12,121,3,False
474,12,136,3,False
474,12,243,3,False
474,12,121,4,False
474,12,136,4,False
474,12,243,4,False
474,14,8,1,True
474,14,28,1,False
474,14,36,1,False
474,14,65,1,True
474,14,70,1,True
474,14,115,1,False
474,14,128,1,True
474,14,175,1,False
474,14,226,1,False
474,14,8,2,False
474,14,28,2,True
474,14,36,2,True
474,14,65,2,True
474,14,70,2,True
474,14,115,2,False
474,14,128,2,False
474,14,175,2,False
474,14,226,2,True
474,14,8,3,False
474,14,28,3,True
474,14,36,3,False
474,14,65,3,True
474,14,70,3,True
474,14,115,3,False
474,14,128,3,True
474,14,175,3,False
474,14,226,3,False
474,14,8,4,False
474,14,28,4,False
474,14,36,4,False
474,14,65,4,True
474,14,70,4,True
474,14,115,4,False
474,14,128,4,False
474,14,175,4,False
474,14,226,4,False
474,14,8,5,False
474,14,28,5,True
474,14,36,5,False
474,14,65,5,True
474,14,70,5,True
474,14,115,5,True
474,14,128,5,False
474,14,175,5,True
474,14,226,5,False
474,16,7,1,True
474,16,93,1,False
474,16,244,1,True
474,16,7,2,False
474,16,93,2,True
474,16,244,2,False
474,16,7,3,False
474,16,93,3,True
474,16,244,3,False
474,16,7,4,False
474,16,93,4,False
474,16,244,4,False
474,16,7,5,True
474,16,93,5,True
474,16,244,5,True
475,12,121,1,True
475,12,136,1,True
475,12,243,1,False
475,12,121,2,False
475,12,136,2,False
475,12,243,2,False
475,12,121,3,True
475,12,136,3,False
475,12,243,3,False
475,12,121,4,False
475,12,136,4,False
475,12,243,4,False
475,13,180,1,False
475,13,189,1,False
475,13,180,2,False
475,13,189,2,True
475,13,180,3,False
475,13,189,3,False
475,13,180,4,False
475,13,189,4,True
475,14,8,1,True
475,14,28,1,False
475,14,36,1,False
475,14,65,1,True
475,14,70,1,False
475,14,115,1,True
475,14,128,1,True
475,14,175,1,False
475,14,226,1,False
475,14,8,2,False
475,14,28,2,True
475,14,36,2,True
475,14,65,2,False
475,14,70,2,False
475,14,115,2,False
475,14,128,2,False
475,14,175,2,False
475,14,226,2,True
475,14,8,3,False
475,14,28,3,False
475,14,36,3,False
475,14,65,3,True
475,14,70,3,False
475,14,115,3,True
475,14,128,3,False
475,14,175,3,False
475,14,226,3,True
475,14,8,4,False
475,14,28,4,False
475,14,36,4,False
475,14,65,4,False
475,14,70,4,True
475,14,115,4,False
475,14,128,4,False
475,14,175,4,True
475,14,226,4,False
475,14,8,5,False
475,14,28,5,False
475,14,36,5,False
475,14,65,5,False
475,14,70,5,False
475,14,115,5,False
475,14,128,5,True
475,14,175,5,False
475,14,226,5,False
476,12,121,1,True
476,12,136,1,True
476,12,243,1,False
476,12,121,2,True
476,12,136,2,True
476,12,243,2,False
476,12,121,3,False
476,12,136,3,True
476,12,243,3,False
476,12,121,4,False
476,12,136,4,True
476,12,243,4,True
476,14,8,1,True
476,14,28,1,False
476,14,36,1,False
476,14,65,1,True
476,14,70,1,False
476,14,115,1,True
476,14,128,1,True
476,14,175,1,False
476,14,226,1,False
476,14,8,2,False
476,14,28,2,True
476,14,36,2,True
476,14,65,2,False
476,14,70,2,True
476,14,115,2,False
476,14,128,2,False
476,14,175,2,True
476,14,226,2,True
476,14,8,3,False
476,14,28,3,False
476,14,36,3,True
476,14,65,3,True
476,14,70,3,False
476,14,115,3,True
476,14,128,3,False
476,14,175,3,True
476,14,226,3,True
476,14,8,4,True
476,14,28,4,True
476,14,36,4,False
476,14,65,4,False
476,14,70,4,True
476,14,115,4,True
476,14,128,4,False
476,14,175,4,True
476,14,226,4,True
476,14,8,5,True
476,14,28,5,False
476,14,36,5,False
476,14,65,5,False
476,14,70,5,True
476,14,115,5,True
476,14,128,5,True
476,14,175,5,False
476,14,226,5,False
476,16,7,1,False
476,16,93,1,False
476,16,244,1,False
476,16,7,2,False
476,16,93,2,False
476,16,244,2,False
476,16,7,3,False
476,16,93,3,False
476,16,244,3,False
476,16,7,4,False
476,16,93,4,False
476,16,244,4,False
476,16,7,5,False
476,16,93,5,False
476,16,244,5,False
477,12,121,1,False
477,12,136,1,False
477,12,243,1,False
477,12,121,2,False
477,12,136,2,False
477,12,243,2,False
477,12,121,3,True
477,12,136,3,False
477,12,243,3,False
477,12,121,4,False
477,12,136,4,False
477,12,243,4,False
477,14,8,1,False
477,14,28,1,False
477,14,36,1,False
477,14,65,1,False
477,14,70,1,False
477,14,115,1,True
477,14,128,1,True
477,14,175,1,True
477,14,226,1,False
477,14,8,2,False
477,14,28,2,False
477,14,36,2,False
477,14,65,2,False
477,14,70,2,False
477,14,115,2,False
477,14,128,2,False
477,14,175,2,False
477,14,226,2,False
477,14,8,3,False
477,14,28,3,False
477,14,36,3,False
477,14,65,3,False
477,14,70,3,False
477,14,115,3,True
477,14,128,3,True
477,14,175,3,True
477,14,226,3,False
477,14,8,4,False
477,14,28,4,False
477,14,36,4,False
477,14,65,4,False
477,14,70,4,False
477,14,115,4,False
477,14,128,4,False
477,14,175,4,False
477,14,226,4,True
477,14,8,5,False
477,14,28,5,False
477,14,36,5,False
477,14,65,5,False
477,14,70,5,False
477,14,115,5,False
477,14,128,5,False
477,14,175,5,False
477,14,226,5,True
477,15,179,1,False
477,15,249,1,False
477,15,179,2,False
477,15,249,2,False
477,15,179,3,False
477,15,249,3,True
477,15,179,4,False
477,15,249,4,False
477,15,179,5,False
477,15,249,5,False
478,13,180,1,False
478,13,189,1,False
478,13,180,2,False
478,13,189,2,False
478,13,180,3,False
478,13,189,3,False
478,13,180,4,False
478,13,189,4,False
478,14,8,1,True
478,14,28,1,False
478,14,36,1,False
478,14,65,1,True
478,14,70,1,True
478,14,115,1,True
478,14,128,1,True
478,14,175,1,False
478,14,226,1,False
478,14,8,2,False
478,14,28,2,True
478,14,36,2,True
478,14,65,2,True
478,14,70,2,True
478,14,115,2,False
478,14,128,2,True
478,14,175,2,False
478,14,226,2,True
478,14,8,3,False
478,14,28,3,True
478,14,36,3,False
478,14,65,3,True
478,14,70,3,True
478,14,115,3,True
478,14,128,3,True
478,14,175,3,False
478,14,226,3,True
478,14,8,4,False
478,14,28,4,False
478,14,36,4,False
478,14,65,4,True
478,14,70,4,True
478,14,115,4,False
478,14,128,4,True
478,14,175,4,False
478,14,226,4,False
478,14,8,5,False
478,14,28,5,False
478,14,36,5,False
478,14,65,5,True
478,14,70,5,True
478,14,115,5,False
478,14,128,5,True
478,14,175,5,False
478,14,226,5,True
479,12,121,1,False
479,12,136,1,False
479,12,243,1,False
479,12,121,2,False
479,12,136,2,False
479,12,243,2,False
479,12,121,3,False
479,12,136,3,False
479,12,243,3,False
479,12,121,4,False
479,12,136,4,False
479,12,243,4,False
479,14,8,1,True
479,14,28,1,False
479,14,36,1,False
479,14,65,1,True
479,14,70,1,True
479,14,115,1,False
479,14,128,1,True
479,14,175,1,False
479,14,226,1,False
479,14,8,2,False
479,14,28,2,True
479,14,36,2,True
479,14,65,2,True
479,14,70,2,True
479,14,115,2,False
479,14,128,2,False
479,14,175,2,False
479,14,226,2,True
479,14,8,3,False
479,14,28,3,True
479,14,36,3,False
479,14,65,3,True
479,14,70,3,True
479,14,115,3,True
479,14,128,3,True
479,14,175,3,True
479,14,226,3,False
479,14,8,4,False
479,14,28,4,False
479,14,36,4,False
479,14,65,4,False
479,14,70,4,False
479,14,115,4,False
479,14,128,4,False
479,14,175,4,True
479,14,226,4,True
479,14,8,5,False
479,14,28,5,True
479,14,36,5,True
479,14,65,5,False
479,14,70,5,False
479,14,115,5,False
479,14,128,5,False
479,14,175,5,False
479,14,226,5,False
480,12,121,1,True
480,12,136,1,False
480,12,243,1,False
480,12,121,2,False
480,12,136,2,False
480,12,243,2,False
480,12,121,3,False
480,12,136,3,False
480,12,243,3,False
480,12,121,4,False
480,12,136,4,True
480,12,243,4,False
480,14,8,1,True
480,14,28,1,False
480,14,36,1,False
480,14,65,1,True
480,14,70,1,True
480,14,115,1,True
480,14,128,1,True
480,14,175,1,False
480,14,226,1,False
480,14,8,2,False
480,14,28,2,True
480,14,36,2,True
480,14,65,2,True
480,14,70,2,True
480,14,115,2,False
480,14,128,2,False
480,14,175,2,False
480,14,226,2,True
480,14,8,3,True
480,14,28,3,False
480,14,36,3,False
480,14,65,3,True
480,14,70,3,True
480,14,115,3,False
480,14,128,3,True
480,14,175,3,False
480,14,226,3,False
480,14,8,4,False
480,14,28,4,False
480,14,36,4,False
480,14,65,4,True
480,14,70,4,True
480,14,115,4,False
480,14,128,4,True
480,14,175,4,True
480,14,226,4,False
480,14,8,5,False
480,14,28,5,True
480,14,36,5,False
480,14,65,5,True
480,14,70,5,True
480,14,115,5,False
480,14,128,5,True
480,14,175,5,False
480,14,226,5,False
481,12,121,1,True
481,12,136,1,False
481,12,243,1,False
481,12,121,2,True
481,12,136,2,False
481,12,243,2,False
481,12,121,3,False
481,12,136,3,False
481,12,243,3,False
481,12,121,4,False
481,12,136,4,False
481,12,243,4,False
481,13,180,1,False
481,13,189,1,True
481,13,180,2,False
481,13,189,2,False
481,13,180,3,False
481,13,189,3,True
481,13,180,4,False
481,13,189,4,False
481,14,8,1,False
481,14,28,1,False
481,14,36,1,False
481,14,65,1,True
481,14,70,1,False
481,14,115,1,False
481,14,128,1,True
481,14,175,1,False
481,14,226,1,False
481,14,8,2,False
481,14,28,2,True
481,14,36,2,False
481,14,65,2,False
481,14,70,2,False
481,14,115,2,False
481,14,128,2,False
481,14,175,2,False
481,14,226,2,False
481,14,8,3,False
481,14,28,3,False
481,14,36,3,False
481,14,65,3,True
481,14,70,3,True
481,14,115,3,False
481,14,128,3,True
481,14,175,3,False
481,14,226,3,False
481,14,8,4,False
481,14,28,4,False
481,14,36,4,False
481,14,65,4,False
481,14,70,4,False
481,14,115,4,False
481,14,128,4,False
481,14,175,4,False
481,14,226,4,True
481,14,8,5,False
481,14,28,5,True
481,14,36,5,False
481,14,65,5,False
481,14,70,5,False
481,14,115,5,False
481,14,128,5,False
481,14,175,5,True
481,14,226,5,False
482,12,121,1,False
482,12,136,1,False
482,12,243,1,False
482,12,121,2,False
482,12,136,2,False
482,12,243,2,False
482,12,121,3,False
482,12,136,3,False
482,12,243,3,False
482,12,121,4,False
482,12,136,4,False
482,12,243,4,False
482,13,180,1,False
482,13,189,1,False
482,13,180,2,False
482,13,189,2,False
482,13,180,3,False
482,13,189,3,False
482,13,180,4,False
482,13,189,4,False
482,14,8,1,False
482,14,28,1,False
482,14,36,1,False
482,14,65,1,False
482,14,70,1,False
482,14,115,1,False
482,14,128,1,False
482,14,175,1,False
482,14,226,1,False
482,14,8,2,False
482,14,28,2,False
482,14,36,2,False
482,14,65,2,False
482,14,70,2,False
482,14,115,2,True
482,14,128,2,False
482,14,175,2,True
482,14,226,2,False
482,14,8,3,False
482,14,28,3,False
482,14,36,3,False
482,14,65,3,False
482,14,70,3,False
482,14,115,3,False
482,14,128,3,False
482,14,175,3,False
482,14,226,3,False
482,14,8,4,False
482,14,28,4,False
482,14,36,4,False
482,14,65,4,False
482,14,70,4,False
482,14,115,4,False
482,14,128,4,False
482,14,175,4,False
482,14,226,4,False
482,14,8,5,False
482,14,28,5,False
482,14,36,5,False
482,14,65,5,False
482,14,70,5,False
482,14,115,5,False
482,14,128,5,False
482,14,175,5,False
482,14,226,5,False
483,12,121,1,False
483,12,136,1,False
483,12,243,1,False
483,12,121,2,False
483,12,136,2,False
483,12,243,2,False
483,12,121,3,False
483,12,136,3,False
483,12,243,3,False
483,12,121,4,False
483,12,136,4,False
483,12,243,4,False
483,14,8,1,True
483,14,28,1,False
483,14,36,1,False
483,14,65,1,True
483,14,70,1,True
483,14,115,1,False
483,14,128,1,True
483,14,175,1,False
483,14,226,1,False
483,14,8,2,False
483,14,28,2,True
483,14,36,2,True
483,14,65,2,True
483,14,70,2,True
483,14,115,2,False
483,14,128,2,True
483,14,175,2,False
483,14,226,2,True
483,14,8,3,False
483,14,28,3,False
483,14,36,3,True
483,14,65,3,True
483,14,70,3,True
483,14,115,3,True
483,14,128,3,True
483,14,175,3,False
483,14,226,3,False
483,14,8,4,False
483,14,28,4,False
483,14,36,4,True
483,14,65,4,True
483,14,70,4,True
483,14,115,4,False
483,14,128,4,True
483,14,175,4,True
483,14,226,4,True
483,14,8,5,False
483,14,28,5,False
483,14,36,5,True
483,14,65,5,True
483,14,70,5,True
483,14,115,5,True
483,14,128,5,True
483,14,175,5,False
483,14,226,5,False
484,12,121,1,False
484,12,136,1,False
484,12,243,1,False
484,12,121,2,False
484,12,136,2,False
484,12,243,2,False
484,12,121,3,False
484,12,136,3,False
484,12,243,3,False
484,12,121,4,False
484,12,136,4,False
484,12,243,4,False
484,14,8,1,True
484,14,28,1,False
484,14,36,1,False
484,14,65,1,True
484,14,70,1,True
484,14,115,1,True
484,14,128,1,True
484,14,175,1,False
484,14,226,1,False
484,14,8,2,False
484,14,28,2,True
484,14,36,2,True
484,14,65,2,False
484,14,70,2,True
484,14,115,2,False
484,14,128,2,False
484,14,175,2,False
484,14,226,2,True
484,14,8,3,False
484,14,28,3,True
484,14,36,3,False
484,14,65,3,True
484,14,70,3,True
484,14,115,3,False
484,14,128,3,True
484,14,175,3,False
484,14,226,3,False
484,14,8,4,False
484,14,28,4,True
484,14,36,4,True
484,14,65,4,False
484,14,70,4,True
484,14,115,4,False
484,14,128,4,False
484,14,175,4,False
484,14,226,4,False
484,14,8,5,False
484,14,28,5,False
484,14,36,5,False
484,14,65,5,False
484,14,70,5,True
484,14,115,5,False
484,14,128,5,True
484,14,175,5,True
484,14,226,5,False
484,16,7,1,True
484,16,93,1,False
484,16,244,1,False
484,16,7,3,False
484,16,93,3,False
484,16,244,3,False
484,16,7,4,False
484,16,93,4,False
484,16,244,4,False
484,16,7,5,False
484,16,93,5,False
484,16,244,5,False
485,12,121,1,True
485,12,136,1,False
485,12,243,1,False
485,12,121,2,True
485,12,136,2,False
485,12,243,2,False
485,12,121,3,False
485,12,136,3,False
485,12,243,3,False
485,12,121,4,False
485,12,136,4,False
485,12,243,4,False
485,14,8,1,True
485,14,28,1,False
485,14,36,1,True
485,14,65,1,True
485,14,70,1,True
485,14,115,1,True
485,14,128,1,True
485,14,175,1,False
485,14,226,1,False
485,14,8,2,False
485,14,28,2,True
485,14,36,2,True
485,14,65,2,False
485,14,70,2,True
485,14,115,2,False
485,14,128,2,True
485,14,175,2,False
485,14,226,2,True
485,14,8,3,False
485,14,28,3,False
485,14,36,3,False
485,14,65,3,True
485,14,70,3,True
485,14,115,3,False
485,14,128,3,True
485,14,175,3,False
485,14,226,3,False
485,14,8,4,False
485,14,28,4,True
485,14,36,4,True
485,14,65,4,True
485,14,70,4,True
485,14,115,4,False
485,14,128,4,True
485,14,175,4,True
485,14,226,4,True
485,14,8,5,False
485,14,28,5,False
485,14,36,5,False
485,14,65,5,True
485,14,70,5,True
485,14,115,5,False
485,14,128,5,True
485,14,175,5,False
485,14,226,5,False
486,12,121,1,False
486,12,136,1,False
486,12,243,1,False
486,12,121,2,True
486,12,136,2,False
486,12,243,2,False
486,12,121,3,False
486,12,136,3,True
486,12,243,3,False
486,12,121,4,False
486,12,136,4,True
486,12,243,4,False
486,14,8,1,True
486,14,28,1,False
486,14,36,1,False
486,14,65,1,True
486,14,70,1,True
486,14,115,1,True
486,14,128,1,True
486,14,175,1,False
486,14,226,1,False
486,14,8,2,False
486,14,28,2,True
486,14,36,2,True
486,14,65,2,False
486,14,70,2,True
486,14,115,2,False
486,14,128,2,False
486,14,175,2,False
486,14,226,2,True
486,14,8,3,False
486,14,28,3,False
486,14,36,3,True
486,14,65,3,True
486,14,70,3,True
486,14,115,3,False
486,14,128,3,False
486,14,175,3,True
486,14,226,3,True
486,14,8,4,False
486,14,28,4,False
486,14,36,4,True
486,14,65,4,True
486,14,70,4,True
486,14,115,4,False
486,14,128,4,False
486,14,175,4,False
486,14,226,4,False
486,14,8,5,False
486,14,28,5,False
486,14,36,5,True
486,14,65,5,True
486,14,70,5,True
486,14,115,5,False
486,14,128,5,False
486,14,175,5,False
486,14,226,5,False
487,13,180,1,False
487,13,189,1,False
487,13,180,2,False
487,13,189,2,False
487,13,180,3,False
487,13,189,3,False
487,13,180,4,False
487,13,189,4,False
487,14,8,1,True
487,14,28,1,False
487,14,36,1,False
487,14,65,1,True
487,14,70,1,True
487,14,115,1,True
487,14,128,1,True
487,14,175,1,False
487,14,226,1,False
487,14,8,2,False
487,14,28,2,True
487,14,36,2,True
487,14,65,2,True
487,14,70,2,True
487,14,115,2,False
487,14,128,2,True
487,14,175,2,True
487,14,226,2,True
487,14,8,3,False
487,14,28,3,False
487,14,36,3,False
487,14,65,3,True
487,14,70,3,True
487,14,115,3,False
487,14,128,3,True
487,14,175,3,False
487,14,226,3,False
487,14,8,4,False
487,14,28,4,False
487,14,36,4,True
487,14,65,4,True
487,14,70,4,True
487,14,115,4,False
487,14,128,4,False
487,14,175,4,False
487,14,226,4,True
487,14,8,5,False
487,14,28,5,False
487,14,36,5,False
487,14,65,5,True
487,14,70,5,True
487,14,115,5,True
487,14,128,5,True
487,14,175,5,False
487,14,226,5,False
488,12,121,1,False
488,12,136,1,False
488,12,243,1,False
488,12,121,2,False
488,12,136,2,False
488,12,243,2,False
488,12,121,3,False
488,12,136,3,False
488,12,243,3,False
488,12,121,4,False
488,12,136,4,False
488,12,243,4,False
488,13,180,1,False
488,13,189,1,False
488,13,180,2,False
488,13,189,2,False
488,13,180,3,False
488,13,189,3,False
488,13,180,4,False
488,13,189,4,True
488,14,8,1,False
488,14,28,1,False
488,14,36,1,False
488,14,65,1,True
488,14,70,1,False
488,14,115,1,True
488,14,128,1,True
488,14,175,1,False
488,14,226,1,False
488,14,8,2,False
488,14,28,2,True
488,14,36,2,True
488,14,65,2,False
488,14,70,2,False
488,14,115,2,False
488,14,128,2,True
488,14,175,2,False
488,14,226,2,True
488,14,8,3,False
488,14,28,3,True
488,14,36,3,True
488,14,65,3,True
488,14,70,3,True
488,14,115,3,True
488,14,128,3,True
488,14,175,3,False
488,14,226,3,True
488,14,8,4,False
488,14,28,4,False
488,14,36,4,True
488,14,65,4,False
488,14,70,4,True
488,14,115,4,True
488,14,128,4,False
488,14,175,4,False
488,14,226,4,True
488,14,8,5,False
488,14,28,5,False
488,14,36,5,False
488,14,65,5,True
488,14,70,5,False
488,14,115,5,True
488,14,128,5,True
488,14,175,5,True
488,14,226,5,True
488,15,179,1,False
488,15,249,1,False
488,15,179,2,False
488,15,249,2,False
488,15,179,3,False
488,15,249,3,False
488,15,179,5,False
488,15,249,5,False
488,16,7,1,True
488,16,93,1,False
488,16,244,1,True
488,16,7,2,True
488,16,93,2,True
488,16,244,2,False
488,16,7,3,True
488,16,93,3,False
488,16,244,3,False
488,16,7,5,False
488,16,93,5,True
488,16,244,5,False
489,12,121,1,False
489,12,136,1,False
489,12,243,1,False
489,12,121,2,False
489,12,136,2,False
489,12,243,2,False
489,12,121,3,False
489,12,136,3,False
489,12,243,3,False
489,12,121,4,False
489,12,136,4,False
489,12,243,4,False
489,13,180,1,False
489,13,189,1,False
489,13,180,2,False
489,13,189,2,False
489,13,180,3,False
489,13,189,3,False
489,13,180,4,False
489,13,189,4,False
489,14,8,1,True
489,14,28,1,False
489,14,36,1,False
489,14,65,1,True
489,14,70,1,True
489,14,115,1,True
489,14,128,1,True
489,14,175,1,False
489,14,226,1,False
489,14,8,2,False
489,14,28,2,True
489,14,36,2,True
489,14,65,2,False
489,14,70,2,True
489,14,115,2,False
489,14,128,2,False
489,14,175,2,False
489,14,226,2,True
489,14,8,3,False
489,14,28,3,True
489,14,36,3,True
489,14,65,3,True
489,14,70,3,True
489,14,115,3,False
489,14,128,3,True
489,14,175,3,False
489,14,226,3,True
489,14,8,4,False
489,14,28,4,True
489,14,36,4,False
489,14,65,4,False
489,14,70,4,True
489,14,115,4,False
489,14,128,4,True
489,14,175,4,False
489,14,226,4,False
489,14,8,5,True
489,14,28,5,True
489,14,36,5,False
489,14,65,5,False
489,14,70,5,True
489,14,115,5,False
489,14,128,5,True
489,14,175,5,True
489,14,226,5,True
489,15,179,2,False
489,15,249,2,False
489,15,179,5,False
489,15,249,5,False
490,12,121,1,True
490,12,136,1,True
490,12,243,1,False
490,12,121,2,True
490,12,136,2,True
490,12,243,2,False
490,12,121,3,True
490,12,136,3,True
490,12,243,3,False
490,12,121,4,False
490,12,136,4,True
490,12,243,4,False
490,13,180,1,False
490,13,189,1,False
490,13,180,2,False
490,13,189,2,False
490,13,180,3,False
490,13,189,3,False
490,13,180,4,False
490,13,189,4,False
490,14,8,1,True
490,14,28,1,False
490,14,36,1,False
490,14,65,1,False
490,14,70,1,False
490,14,115,1,False
490,14,128,1,True
490,14,175,1,False
490,14,226,1,False
490,14,8,2,False
490,14,28,2,True
490,14,36,2,True
490,14,65,2,False
490,14,70,2,False
490,14,115,2,False
490,14,128,2,False
490,14,175,2,False
490,14,226,2,False
490,14,8,3,False
490,14,28,3,False
490,14,36,3,False
490,14,65,3,False
490,14,70,3,True
490,14,115,3,False
490,14,128,3,False
490,14,175,3,False
490,14,226,3,True
490,14,8,4,False
490,14,28,4,False
490,14,36,4,True
490,14,65,4,False
490,14,70,4,False
490,14,115,4,False
490,14,128,4,False
490,14,175,4,False
490,14,226,4,True
490,14,8,5,False
490,14,28,5,False
490,14,36,5,True
490,14,65,5,False
490,14,70,5,True
490,14,115,5,True
490,14,128,5,True
490,14,175,5,True
490,14,226,5,False
491,12,121,1,False
491,12,136,1,True
491,12,243,1,False
491,12,121,2,True
491,12,136,2,False
491,12,243,2,False
491,12,121,3,False
491,12,136,3,False
491,12,243,3,False
491,12,121,4,False
491,12,136,4,True
491,12,243,4,False
491,13,180,1,False
491,13,189,1,False
491,13,180,2,False
491,13,189,2,False
491,13,180,3,False
491,13,189,3,False
491,13,180,4,False
491,13,189,4,False
491,14,8,1,True
491,14,28,1,False
491,14,36,1,False
491,14,65,1,True
491,14,70,1,True
491,14,115,1,True
491,14,128,1,True
491,14,175,1,True
491,14,226,1,False
491,14,8,2,False
491,14,28,2,True
491,14,36,2,True
491,14,65,2,True
491,14,70,2,True
491,14,115,2,False
491,14,128,2,True
491,14,175,2,False
491,14,226,2,True
491,14,8,3,True
491,14,28,3,True
491,14,36,3,True
491,14,65,3,True
491,14,70,3,True
491,14,115,3,False
491,14,128,3,True
491,14,175,3,False
491,14,226,3,False
491,14,8,4,False
491,14,28,4,True
491,14,36,4,True
491,14,65,4,True
491,14,70,4,True
491,14,115,4,False
491,14,128,4,True
491,14,175,4,False
491,14,226,4,True
491,14,8,5,False
491,14,28,5,True
491,14,36,5,False
491,14,65,5,True
491,14,70,5,True
491,14,115,5,False
491,14,128,5,True
491,14,175,5,False
491,14,226,5,True
492,12,121,1,True
492,12,136,1,True
492,12,243,1,False
492,12,121,2,True
492,12,136,2,True
492,12,243,2,False
492,12,121,3,True
492,12,136,3,True
492,12,243,3,False
492,12,121,4,False
492,12,136,4,False
492,12,243,4,False
492,13,180,1,False
492,13,189,1,False
492,13,180,2,False
492,13,189,2,False
492,13,180,3,False
492,13,189,3,True
492,13,180,4,False
492,13,189,4,False
492,14,8,1,True
492,14,28,1,False
492,14,36,1,False
492,14,65,1,True
492,14,70,1,True
492,14,115,1,False
492,14,128,1,True
492,14,175,1,False
492,14,226,1,False
492,14,8,2,False
492,14,28,2,True
492,14,36,2,True
492,14,65,2,False
492,14,70,2,False
492,14,115,2,False
492,14,128,2,False
492,14,175,2,False
492,14,226,2,False
492,14,8,3,False
492,14,28,3,False
492,14,36,3,False
492,14,65,3,True
492,14,70,3,True
492,14,115,3,True
492,14,128,3,True
492,14,175,3,False
492,14,226,3,False
492,14,8,4,False
492,14,28,4,False
492,14,36,4,False
492,14,65,4,False
492,14,70,4,False
492,14,115,4,False
492,14,128,4,False
492,14,175,4,False
492,14,226,4,False
492,14,8,5,False
492,14,28,5,False
492,14,36,5,False
492,14,65,5,False
492,14,70,5,False
492,14,115,5,False
492,14,128,5,True
492,14,175,5,True
492,14,226,5,False
492,16,7,1,False
492,16,93,1,False
492,16,244,1,False
492,16,7,3,False
492,16,93,3,False
492,16,244,3,False
492,16,7,5,True
492,16,93,5,False
492,16,244,5,False
493,12,121,1,False
493,12,136,1,False
493,12,243,1,False
493,12,121,2,False
493,12,136,2,False
493,12,243,2,False
493,12,121,3,False
493,12,136,3,False
493,12,243,3,False
493,12,121,4,False
493,12,136,4,False
493,12,243,4,True
493,13,180,1,False
493,13,189,1,False
493,13,180,2,False
493,13,189,2,True
493,13,180,3,False
493,13,189,3,False
493,13,180,4,False
493,13,189,4,False
493,14,8,1,True
493,14,28,1,False
493,14,36,1,False
493,14,65,1,True
493,14,70,1,False
493,14,115,1,True
493,14,128,1,True
493,14,175,1,False
493,14,226,1,False
493,14,8,2,False
493,14,28,2,True
493,14,36,2,True
493,14,65,2,False
493,14,70,2,False
493,14,115,2,False
493,14,128,2,False
493,14,175,2,False
493,14,226,2,True
493,14,8,3,True
493,14,28,3,False
493,14,36,3,False
493,14,65,3,False
493,14,70,3,True
493,14,115,3,False
493,14,128,3,True
493,14,175,3,True
493,14,226,3,False
493,14,8,4,False
493,14,28,4,False
493,14,36,4,False
493,14,65,4,False
493,14,70,4,False
493,14,115,4,False
493,14,128,4,False
493,14,175,4,False
493,14,226,4,False
493,14,8,5,False
493,14,28,5,False
493,14,36,5,True
493,14,65,5,True
493,14,70,5,True
493,14,115,5,False
493,14,128,5,True
493,14,175,5,False
493,14,226,5,False
493,15,179,5,True
493,15,249,5,False
494,12,121,1,True
494,12,136,1,False
494,12,243,1,False
494,12,121,2,True
494,12,136,2,False
494,12,243,2,False
494,12,121,3,True
494,12,136,3,False
494,12,243,3,True
494,12,121,4,False
494,12,136,4,False
494,12,243,4,False
494,14,8,1,True
494,14,28,1,False
494,14,36,1,False
494,14,65,1,True
494,14,70,1,True
494,14,115,1,True
494,14,128,1,True
494,14,175,1,False
494,14,226,1,False
494,14,8,2,False
494,14,28,2,True
494,14,36,2,True
494,14,65,2,False
494,14,70,2,True
494,14,115,2,False
494,14,128,2,False
494,14,175,2,False
494,14,226,2,True
494,14,8,3,False
494,14,28,3,False
494,14,36,3,False
494,14,65,3,True
494,14,70,3,True
494,14,115,3,False
494,14,128,3,True
494,14,175,3,False
494,14,226,3,True
494,14,8,4,False
494,14,28,4,False
494,14,36,4,False
494,14,65,4,True
494,14,70,4,True
494,14,115,4,False
494,14,128,4,False
494,14,175,4,False
494,14,226,4,True
494,14,8,5,False
494,14,28,5,False
494,14,36,5,False
494,14,65,5,True
494,14,70,5,True
494,14,115,5,False
494,14,128,5,True
494,14,175,5,False
494,14,226,5,True
495,12,121,1,False
495,12,136,1,False
495,12,243,1,False
495,12,121,2,True
495,12,136,2,False
495,12,243,2,False
495,12,121,3,False
495,12,136,3,False
495,12,243,3,False
495,12,121,4,False
495,12,136,4,False
495,12,243,4,False
495,14,8,1,True
495,14,28,1,False
495,14,36,1,False
495,14,65,1,True
495,14,70,1,True
495,14,115,1,True
495,14,128,1,True
495,14,175,1,False
495,14,226,1,False
495,14,8,2,False
495,14,28,2,True
495,14,36,2,True
495,14,65,2,True
495,14,70,2,True
495,14,115,2,False
495,14,128,2,False
495,14,175,2,True
495,14,226,2,True
495,14,8,3,True
495,14,28,3,True
495,14,36,3,False
495,14,65,3,True
495,14,70,3,True
495,14,115,3,True
495,14,128,3,True
495,14,175,3,False
495,14,226,3,False
495,14,8,4,False
495,14,28,4,False
495,14,36,4,False
495,14,65,4,False
495,14,70,4,False
495,14,115,4,False
495,14,128,4,False
495,14,175,4,False
495,14,226,4,False
495,14,8,5,False
495,14,28,5,True
495,14,36,5,False
495,14,65,5,True
495,14,70,5,True
495,14,115,5,False
495,14,128,5,True
495,14,175,5,True
495,14,226,5,False
496,12,121,1,True
496,12,136,1,False
496,12,243,1,False
496,12,121,2,False
496,12,136,2,False
496,12,243,2,False
496,12,121,3,False
496,12,136,3,False
496,12,243,3,False
496,12,121,4,False
496,12,136,4,False
496,12,243,4,False
496,13,180,1,False
496,13,189,1,False
496,13,180,2,False
496,13,189,2,True
496,13,180,4,False
496,13,189,4,False
496,14,8,1,True
496,14,28,1,False
496,14,36,1,False
496,14,65,1,True
496,14,70,1,True
496,14,115,1,True
496,14,128,1,True
496,14,175,1,False
496,14,226,1,False
496,14,8,2,False
496,14,28,2,True
496,14,36,2,True
496,14,65,2,True
496,14,70,2,True
496,14,115,2,False
496,14,128,2,True
496,14,175,2,False
496,14,226,2,True
496,14,8,3,False
496,14,28,3,False
496,14,36,3,True
496,14,65,3,True
496,14,70,3,True
496,14,115,3,False
496,14,128,3,True
496,14,175,3,False
496,14,226,3,True
496,14,8,4,False
496,14,28,4,False
496,14,36,4,True
496,14,65,4,False
496,14,70,4,True
496,14,115,4,False
496,14,128,4,False
496,14,175,4,True
496,14,226,4,True
496,14,8,5,False
496,14,28,5,False
496,14,36,5,False
496,14,65,5,True
496,14,70,5,True
496,14,115,5,False
496,14,128,5,True
496,14,175,5,False
496,14,226,5,True
497,12,121,1,True
497,12,136,1,True
497,12,243,1,False
497,12,121,2,True
497,12,136,2,False
497,12,243,2,False
497,12,121,3,True
497,12,136,3,True
497,12,243,3,False
497,12,121,4,False
497,12,136,4,True
497,12,243,4,True
497,13,180,1,False
497,13,189,1,False
497,13,180,2,False
497,13,189,2,False
497,13,180,3,False
497,13,189,3,False
497,13,180,4,False
497,13,189,4,True
497,14,8,1,True
497,14,28,1,False
497,14,36,1,False
497,14,65,1,True
497,14,70,1,True
497,14,115,1,False
497,14,128,1,False
497,14,175,1,False
497,14,226,1,False
497,14,8,2,False
497,14,28,2,True
497,14,36,2,True
497,14,65,2,False
497,14,70,2,True
497,14,115,2,False
497,14,128,2,False
497,14,175,2,False
497,14,226,2,False
497,14,8,3,False
497,14,28,3,False
497,14,36,3,False
497,14,65,3,True
497,14,70,3,True
497,14,115,3,False
497,14,128,3,False
497,14,175,3,True
497,14,226,3,False
497,14,8,4,False
497,14,28,4,False
497,14,36,4,False
497,14,65,4,False
497,14,70,4,False
497,14,115,4,True
497,14,128,4,False
497,14,175,4,False
497,14,226,4,False
497,14,8,5,False
497,14,28,5,False
497,14,36,5,False
497,14,65,5,False
497,14,70,5,False
497,14,115,5,True
497,14,128,5,False
497,14,175,5,False
497,14,226,5,False
497,16,7,1,True
497,16,93,1,False
497,16,244,1,False
497,16,7,3,False
497,16,93,3,False
497,16,244,3,False
497,16,7,4,False
497,16,93,4,False
497,16,244,4,False
497,16,7,5,True
497,16,93,5,False
497,16,244,5,False
498,12,121,1,False
498,12,136,1,False
498,12,243,1,False
498,12,121,2,False
498,12,136,2,False
498,12,243,2,False
498,12,121,3,False
498,12,136,3,False
498,12,243,3,True
498,12,121,4,False
498,12,136,4,False
498,12,243,4,True
498,14,8,1,False
498,14,28,1,False
498,14,36,1,False
498,14,65,1,True
498,14,70,1,True
498,14,115,1,False
498,14,128,1,True
498,14,175,1,False
498,14,226,1,False
498,14,8,2,False
498,14,28,2,True
498,14,36,2,True
498,14,65,2,False
498,14,70,2,False
498,14,115,2,False
498,14,128,2,False
498,14,175,2,False
498,14,226,2,False
498,14,8,3,False
498,14,28,3,False
498,14,36,3,False
498,14,65,3,False
498,14,70,3,False
498,14,115,3,False
498,14,128,3,True
498,14,175,3,False
498,14,226,3,False
498,14,8,4,False
498,14,28,4,False
498,14,36,4,False
498,14,65,4,False
498,14,70,4,False
498,14,115,4,False
498,14,128,4,True
498,14,175,4,False
498,14,226,4,False
498,14,8,5,False
498,14,28,5,False
498,14,36,5,False
498,14,65,5,False
498,14,70,5,False
498,14,115,5,False
498,14,128,5,False
498,14,175,5,True
498,14,226,5,False
499,14,8,1,True
499,14,28,1,False
499,14,36,1,False
499,14,65,1,True
499,14,70,1,True
499,14,115,1,True
499,14,128,1,True
499,14,175,1,False
499,14,226,1,False
499,14,8,2,False
499,14,28,2,True
499,14,36,2,True
499,14,65,2,False
499,14,70,2,True
499,14,115,2,False
499,14,128,2,True
499,14,175,2,False
499,14,226,2,True
499,14,8,3,True
499,14,28,3,True
499,14,36,3,True
499,14,65,3,True
499,14,70,3,True
499,14,115,3,False
499,14,128,3,True
499,14,175,3,True
499,14,226,3,True
499,14,8,4,False
499,14,28,4,True
499,14,36,4,True
499,14,65,4,True
499,14,70,4,True
499,14,115,4,False
499,14,128,4,True
499,14,175,4,True
499,14,226,4,True
499,14,8,5,True
499,14,28,5,False
499,14,36,5,False
499,14,65,5,True
499,14,70,5,True
499,14,115,5,False
499,14,128,5,True
499,14,175,5,True
499,14,226,5,True
